satellite,satellite_name,staleness_h,threshold_hz,is_preregistered_threshold,status,candidate_pairs,accepted_pairs,rejected_pairs,reject_rate_pct,n_train_pairs,n_validation_pairs,n_test_pairs,selected_model,val_sgp4_mae_hz,val_learned_mae_hz,val_improvement_pct,gate_decision,gate_mae,gate_p95,gate_p99,gate_outage,gate_guard_cost,test_sgp4_mae_hz,test_learned_mae_hz,test_delta_mae_hz,test_degradation_pct,test_improvement_pct,learned_wins,sgp4_wins,ties,pair_win_rate,mean_pair_delta_mae_hz,median_pair_delta_mae_hz,pair_ci_low_hz,pair_ci_high_hz,sign_test_p,holm_p,bh_q,block_bootstrap_days,block_ci_low_hz,block_ci_high_hz,block_ci_excludes_zero,test_sgp4_p95_hz,test_learned_p95_hz,test_sgp4_p99_hz,test_learned_p99_hz,test_sgp4_outage_proxy,test_learned_outage_proxy,selection_reason,selected_val_mae_hz,gate_margin_hz,val_mae_zero,val_mae_mean_bias,val_mae_median_bias,val_mae_linear_age,val_mae_age_ridge,val_mae_deployable_ridge,test_mae_zero,test_mae_mean_bias,test_mae_median_bias,test_mae_linear_age,test_mae_age_ridge,test_mae_deployable_ridge
NORAD25544,ISS (ZARYA),8,none,False,evaluated,44649,44649,0,0.0,27420,7918,9311,age_ridge,2.033868,2.050255,-0.8057,closed,closed,closed,closed,closed,closed,3.769557,3.780784,0.011227,0.2978,-0.2978,3788,5518,5,0.406831,0.011227,0.017052,0.010145,0.012329,0.0,0.0,0.0,1956,0.009843,0.012651,True,9.919745,9.936567,18.547251,18.557348,0.00055,0.00055,"argmin val MAE over M_L=['linear_age', 'age_ridge', 'deployable_ridge']",2.050255,-0.118080349,2.033868,2.049848,2.034584,2.050257,2.050255,3.734683,3.769557,3.779921,3.769864,3.780786,3.780784,5.247701
NORAD25544,ISS (ZARYA),8,150,False,evaluated,44649,43733,916,2.0516,26778,7816,9139,age_ridge,1.291952,1.294389,-0.1886,closed,closed,closed,closed,closed,closed,1.849191,1.85014,0.000949,0.0513,-0.0513,4371,4754,14,0.47828,0.000949,0.000837,0.000602,0.001341,6.3e-05,0.010773,0.0001701,1954,0.000528,0.001371,True,4.780271,4.783343,8.623726,8.625672,0.0,0.0,"argmin val MAE over M_L=['linear_age', 'age_ridge', 'deployable_ridge']",1.294389,-0.067034268,1.291952,1.293554,1.292859,1.294391,1.294389,1.297687,1.849191,1.849996,1.849611,1.850141,1.85014,1.855475
NORAD25544,ISS (ZARYA),8,500,False,evaluated,44649,44396,253,0.5666,27233,7895,9268,linear_age,1.711949,1.721038,-0.5309,closed,closed,closed,closed,closed,closed,2.548747,2.554342,0.005595,0.2195,-0.2195,3950,5309,9,0.426198,0.005595,0.011782,0.004781,0.006386,0.0,0.0,0.0,1955,0.00462,0.006576,True,6.544002,6.553914,11.680136,11.685827,0.0,0.0,"argmin val MAE over M_L=['linear_age', 'age_ridge', 'deployable_ridge']",1.721038,-0.094686967,1.711949,1.721067,1.712784,1.721038,1.721038,1.852118,2.548747,2.554326,2.54912,2.554342,2.554342,2.654164
NORAD25544,ISS (ZARYA),8,1500,True,evaluated,44649,44580,69,0.1545,27365,7918,9297,age_ridge,2.033868,2.049001,-0.744,closed,closed,closed,closed,closed,closed,2.97944,2.989038,0.009598,0.3221,-0.3221,3834,5454,9,0.412391,0.009598,0.017315,0.008528,0.010652,0.0,0.0,0.0,1956,0.008266,0.010972,True,7.709307,7.725446,13.846566,13.856366,0.000197,0.000197,"argmin val MAE over M_L=['linear_age', 'age_ridge', 'deployable_ridge']",2.049001,-0.116826225,2.033868,2.048648,2.034621,2.049001,2.049001,2.527631,2.97944,2.988945,2.979762,2.989038,2.989038,3.374259
NORAD25544,ISS (ZARYA),8,3000,False,evaluated,44649,44612,37,0.0829,27388,7918,9306,age_ridge,2.033868,2.049091,-0.7485,closed,closed,closed,closed,closed,closed,3.212877,3.222446,0.009569,0.2978,-0.2978,3878,5418,10,0.41672,0.009569,0.015523,0.008467,0.010637,0.0,0.0,0.0,1956,0.008254,0.010947,True,8.182133,8.198398,15.565192,15.575167,0.00026,0.00026,"argmin val MAE over M_L=['linear_age', 'age_ridge', 'deployable_ridge']",2.049091,-0.116916627,2.033868,2.048172,2.034608,2.049093,2.049091,2.74934,3.212877,3.222071,3.213199,3.222447,3.222446,3.794153
NORAD25544,ISS (ZARYA),24,none,False,evaluated,46659,46656,3,0.0064,28399,8507,9750,age_ridge,8.486235,8.56916,-0.9772,closed,closed,closed,closed,closed,closed,18.620185,18.697654,0.077469,0.416,-0.416,3820,5925,5,0.391795,0.077469,0.038864,0.071123,0.083553,0.0,0.0,0.0,2002,0.07021,0.084644,True,49.825046,49.921782,99.024009,99.08892,0.005697,0.005701,"argmin val MAE over M_L=['linear_age', 'age_ridge', 'deployable_ridge']",8.56916,-0.507236885,8.486235,8.495797,8.486688,8.569363,8.56916,26.437899,18.620185,18.627901,18.620531,18.697835,18.697654,34.929232
NORAD25544,ISS (ZARYA),24,150,False,evaluated,46659,42350,4309,9.2351,25338,8100,8912,age_ridge,2.820642,2.820868,-0.008,closed,closed,closed,closed,closed,closed,3.764383,3.764387,4e-06,0.0001,-0.0001,4576,4316,20,0.513465,4e-06,-0.000207,-0.00021,0.000213,0.006018,0.824466,0.01212582,1971,-0.000233,0.000261,False,9.774771,9.775259,17.080032,17.080468,0.0,0.0,"argmin val MAE over M_L=['linear_age', 'age_ridge', 'deployable_ridge']",2.820868,-0.141258072,2.820642,2.820685,2.820678,2.820869,2.820868,2.854887,3.764383,3.764313,3.76432,3.764387,3.764387,3.789043
NORAD25544,ISS (ZARYA),24,500,False,evaluated,46659,45072,1587,3.4013,27336,8350,9386,age_ridge,4.400296,4.402939,-0.0601,closed,closed,closed,closed,closed,closed,6.202885,6.204613,0.001727,0.0278,-0.0278,4281,5092,13,0.456105,0.001727,0.004121,0.000949,0.00254,0.0,0.0,0.0,1990,0.000604,0.002807,True,15.95078,15.955592,27.902405,27.905551,0.0,0.0,"argmin val MAE over M_L=['linear_age', 'age_ridge', 'deployable_ridge']",4.402939,-0.222657664,4.400296,4.402635,4.400233,4.402941,4.402939,4.9666,6.202885,6.204107,6.20304,6.204615,6.204613,6.697568
NORAD25544,ISS (ZARYA),24,1500,True,evaluated,46659,45923,736,1.5774,27871,8455,9597,age_ridge,6.224329,6.233586,-0.1487,closed,closed,closed,closed,closed,closed,9.63197,9.640029,0.008059,0.0837,-0.0837,4198,5389,10,0.437428,0.008059,0.009879,0.006466,0.009673,0.0,0.0,0.0,1997,0.006014,0.010111,True,25.395951,25.408895,45.038037,45.045851,0.001611,0.001611,"argmin val MAE over M_L=['linear_age', 'age_ridge', 'deployable_ridge']",6.233586,-0.320473606,6.224329,6.230435,6.224312,6.233598,6.233586,8.239811,9.63197,9.636301,9.632166,9.640041,9.640029,11.34967
NORAD25544,ISS (ZARYA),24,3000,False,evaluated,46659,46261,398,0.853,28096,8488,9677,age_ridge,7.346606,7.377555,-0.4213,closed,closed,closed,closed,closed,closed,12.708824,12.737659,0.028836,0.2269,-0.2269,4108,5560,9,0.424512,0.028836,0.01616,0.025169,0.032478,0.0,0.0,0.0,2001,0.02476,0.033031,True,34.758713,34.799716,60.360225,60.387706,0.002919,0.002919,"argmin val MAE over M_L=['linear_age', 'age_ridge', 'deployable_ridge']",7.377555,-0.398278997,7.346606,7.349767,7.346684,7.377635,7.377555,12.020929,12.708824,12.711134,12.709013,12.737732,12.737659,16.729101
NORAD25544,ISS (ZARYA),48,none,False,evaluated,46707,46702,5,0.0107,28413,8533,9756,age_ridge,26.853625,27.191735,-1.2591,closed,closed,closed,closed,closed,closed,61.13138,61.393815,0.262435,0.4293,-0.4293,3724,6030,2,0.381714,0.262435,0.160032,0.242448,0.281526,0.0,0.0,0.0,2003,0.237943,0.286517,True,156.554245,156.835408,327.42886,327.618915,0.025096,0.025126,"argmin val MAE over M_L=['linear_age', 'age_ridge', 'deployable_ridge']",27.191735,-1.680791346,26.853625,26.94437,26.85676,27.192393,27.191735,81.570181,61.13138,61.211611,61.1296,61.394299,61.393815,108.467378
NORAD25544,ISS (ZARYA),48,150,False,evaluated,46707,36371,10336,22.1294,21043,7574,7754,age_ridge,5.271735,5.271904,-0.0032,closed,closed,closed,closed,closed,closed,6.935692,6.93601,0.000318,0.0046,-0.0046,3847,3893,14,0.496131,0.000318,3.7e-05,5.9e-05,0.000569,0.609007,1.0,0.72436956,1880,2.8e-05,0.00061,True,18.451225,18.450426,29.359055,29.358316,0.0,0.0,"argmin val MAE over M_L=['linear_age', 'age_ridge', 'deployable_ridge']",5.271904,-0.263755144,5.271735,5.271824,5.272433,5.271904,5.271904,5.338234,6.935692,6.935933,6.935352,6.936011,6.93601,6.978446
NORAD25544,ISS (ZARYA),48,500,False,evaluated,46707,42094,4613,9.8765,25299,8084,8711,age_ridge,8.373973,8.376432,-0.0294,closed,closed,closed,closed,closed,closed,12.124206,12.12531,0.001104,0.0091,-0.0091,4185,4518,8,0.480427,0.001104,0.003991,-9.3e-05,0.002288,0.000372,0.059892,0.00091309,1954,-0.000859,0.002956,False,30.820705,30.826359,52.170022,52.174392,0.0,0.0,"argmin val MAE over M_L=['linear_age', 'age_ridge', 'deployable_ridge']",8.376432,-0.421157346,8.373973,8.37626,8.374282,8.376432,8.376432,8.651402,12.124206,12.125059,12.1241,12.125311,12.12531,12.329171
NORAD25544,ISS (ZARYA),48,1500,True,evaluated,46707,44556,2151,4.6053,27006,8324,9226,age_ridge,13.52868,13.554532,-0.1911,closed,closed,closed,closed,closed,closed,21.483488,21.50162,0.018132,0.0844,-0.0844,4062,5160,4,0.440277,0.018132,0.024988,0.014338,0.021898,0.0,0.0,0.0,1993,0.012607,0.023828,True,55.945878,55.970844,92.776832,92.792553,0.004896,0.004896,"argmin val MAE over M_L=['linear_age', 'age_ridge', 'deployable_ridge']",13.554532,-0.702286305,13.52868,13.547427,13.528572,13.554557,13.554532,16.971787,21.483488,21.498007,21.483355,21.501637,21.50162,24.137518
NORAD25544,ISS (ZARYA),48,3000,False,evaluated,46707,45449,1258,2.6934,27543,8440,9466,age_ridge,18.437778,18.509031,-0.3864,closed,closed,closed,closed,closed,closed,31.113326,31.167041,0.053716,0.1726,-0.1726,4073,5390,3,0.430277,0.053716,0.039592,0.046753,0.060887,0.0,0.0,0.0,2002,0.044852,0.061988,True,82.704756,82.769564,139.000058,139.042677,0.009926,0.009926,"argmin val MAE over M_L=['linear_age', 'age_ridge', 'deployable_ridge']",18.509031,-0.993141585,18.437778,18.464364,18.43768,18.509162,18.509031,26.713224,31.113326,31.135748,31.112626,31.167142,31.167041,37.631586
NORAD25544,ISS (ZARYA),72,none,False,evaluated,46667,46662,5,0.0107,28385,8531,9746,age_ridge,55.321186,56.166413,-1.5279,closed,closed,closed,closed,closed,closed,128.746379,129.377835,0.631456,0.4905,-0.4905,3438,6308,0,0.35276,0.631456,0.441051,0.595455,0.670943,0.0,0.0,0.0,2001,0.579775,0.682478,True,329.607058,330.003931,662.028904,662.229395,0.056617,0.056698,"argmin val MAE over M_L=['linear_age', 'age_ridge', 'deployable_ridge']",56.166413,-3.611286986,55.321186,55.759875,55.327324,56.167561,56.166413,163.139853,128.746379,129.098535,128.733542,129.378624,129.377835,217.918673
NORAD25544,ISS (ZARYA),72,150,False,evaluated,46667,29830,16837,36.079,16528,6847,6455,age_ridge,7.612567,7.613033,-0.0061,closed,closed,closed,closed,closed,closed,10.126887,10.126998,0.000111,0.0011,-0.0011,3308,3142,5,0.512471,0.000111,-0.000989,-0.000864,0.000983,0.03992,1.0,0.06572195,1768,-0.00088,0.001155,False,26.943825,26.945964,39.048503,39.049964,0.0,0.0,"argmin val MAE over M_L=['linear_age', 'age_ridge', 'deployable_ridge']",7.613033,-0.381094545,7.612567,7.612579,7.614601,7.613036,7.613033,7.701607,10.126887,10.126902,10.12789,10.127,10.126998,10.186034
NORAD25544,ISS (ZARYA),72,500,False,evaluated,46667,38612,8055,17.2606,22940,7728,7944,age_ridge,12.538131,12.542491,-0.0348,closed,closed,closed,closed,closed,closed,18.126627,18.129216,0.00259,0.0143,-0.0143,3876,4066,2,0.487915,0.00259,0.003506,7.5e-05,0.005161,0.033933,1.0,0.056555,1883,-0.000885,0.006206,False,46.820371,46.829296,76.762122,76.769002,0.0,0.0,"argmin val MAE over M_L=['linear_age', 'age_ridge', 'deployable_ridge']",12.542491,-0.631266839,12.538131,12.540291,12.543151,12.5425,12.542491,12.650452,18.126627,18.127888,18.129725,18.129222,18.129216,18.197942
NORAD25544,ISS (ZARYA),72,1500,True,evaluated,46667,42563,4104,8.7942,25709,8113,8741,age_ridge,21.371541,21.416178,-0.2089,closed,closed,closed,closed,closed,closed,33.99427,34.026624,0.032354,0.0952,-0.0952,3833,4906,2,0.438508,0.032354,0.073854,0.025922,0.038917,0.0,0.0,0.0,1975,0.021786,0.04292,True,87.268583,87.283741,142.963729,142.969523,0.009424,0.009429,"argmin val MAE over M_L=['linear_age', 'age_ridge', 'deployable_ridge']",21.416178,-1.113214783,21.371541,21.415241,21.373516,21.416184,21.416178,24.211222,33.99427,34.025735,33.996098,34.026628,34.026624,35.975801
NORAD25544,ISS (ZARYA),72,3000,False,evaluated,46667,44182,2485,5.325,26719,8323,9140,age_ridge,31.392487,31.505469,-0.3599,closed,closed,closed,closed,closed,closed,52.068339,52.150822,0.082483,0.1584,-0.1584,3851,5288,1,0.421335,0.082483,0.079264,0.071804,0.093062,0.0,0.0,0.0,1995,0.067997,0.097608,True,136.484407,136.522466,222.175615,222.188109,0.020113,0.02014,"argmin val MAE over M_L=['linear_age', 'age_ridge', 'deployable_ridge']",31.505469,-1.682606935,31.392487,31.456799,31.391919,31.505625,31.505469,41.874274,52.068339,52.120005,52.067372,52.150924,52.150822,59.667263
NORAD25544,ISS (ZARYA),96,none,False,evaluated,46732,46729,3,0.0064,28405,8554,9770,age_ridge,96.106751,97.346018,-1.2895,closed,closed,closed,closed,closed,closed,217.334738,218.273582,0.938844,0.432,-0.432,3507,6263,0,0.358956,0.938844,0.568615,0.877677,0.999886,0.0,0.0,0.0,2008,0.857728,1.022596,True,580.382949,580.742431,1101.396289,1101.43187,0.095701,0.095948,"argmin val MAE over M_L=['linear_age', 'age_ridge', 'deployable_ridge']",97.346018,-6.04460442,96.106751,96.746454,96.130045,97.347654,97.346018,265.563111,217.334738,217.86196,217.297113,218.274694,218.273582,349.801248
NORAD25544,ISS (ZARYA),96,150,False,evaluated,46732,24207,22525,48.2004,12870,6116,5221,linear_age,9.924746,9.924632,0.0012,closed,closed,closed,closed,closed,closed,13.040505,13.040348,-0.000157,-0.0012,0.0012,2683,2528,10,0.513886,-0.000157,-0.000225,-0.000359,4.1e-05,0.032887,1.0,0.05626733,1658,-0.000402,0.000102,False,34.046635,34.046943,45.725005,45.725306,0.0,0.0,"argmin val MAE over M_L=['linear_age', 'age_ridge', 'deployable_ridge']",9.924632,-0.496122806,9.924746,9.924717,9.928163,9.924632,9.924632,10.089585,13.040505,13.040475,13.042725,13.040348,13.040348,13.145081
NORAD25544,ISS (ZARYA),96,500,False,evaluated,46732,34900,11832,25.3188,20326,7398,7176,age_ridge,17.392842,17.398964,-0.0352,closed,closed,closed,closed,closed,closed,25.150424,25.153672,0.003248,0.0129,-0.0129,3491,3683,2,0.486483,0.003248,0.006876,-0.000938,0.007352,0.024125,1.0,0.04371644,1809,-0.002986,0.009525,False,65.749457,65.765538,101.33898,101.351881,0.0,0.0,"argmin val MAE over M_L=['linear_age', 'age_ridge', 'deployable_ridge']",17.398964,-0.875763624,17.392842,17.397441,17.404278,17.398972,17.398964,17.627319,25.150424,25.15286,25.157014,25.153678,25.153672,25.296618
NORAD25544,ISS (ZARYA),96,1500,True,evaluated,46732,40361,6371,13.6331,24271,7885,8205,age_ridge,27.638435,27.696915,-0.2116,closed,closed,closed,closed,closed,closed,45.422246,45.464409,0.042163,0.0928,-0.0928,3668,4537,0,0.447044,0.042163,0.099843,0.032258,0.052157,0.0,0.0,0.0,1934,0.025866,0.058163,True,115.742384,115.76253,186.110788,186.115281,0.012802,0.012822,"argmin val MAE over M_L=['linear_age', 'age_ridge', 'deployable_ridge']",27.696915,-1.440402235,27.638435,27.695152,27.645839,27.696921,27.696915,28.814879,45.422246,45.462677,45.428763,45.464414,45.464409,46.201733
NORAD25544,ISS (ZARYA),96,3000,False,evaluated,46732,42679,4053,8.6729,25780,8153,8746,age_ridge,41.132836,41.249775,-0.2843,closed,closed,closed,closed,closed,closed,72.46273,72.552134,0.089403,0.1234,-0.1234,3696,5050,0,0.422593,0.089403,0.175434,0.076682,0.101824,0.0,0.0,0.0,1986,0.067586,0.11105,True,188.887243,188.870013,297.718273,297.672001,0.030185,0.0302,"argmin val MAE over M_L=['linear_age', 'age_ridge', 'deployable_ridge']",41.249775,-2.173580931,41.132836,41.243532,41.132945,41.249796,41.249775,51.461581,72.46273,72.548901,72.462911,72.552147,72.552134,79.242016
NORAD25544,ISS (ZARYA),168,none,False,evaluated,46745,46733,12,0.0257,28395,8559,9779,age_ridge,270.692472,273.057665,-0.8738,closed,closed,closed,closed,closed,closed,587.189158,589.213192,2.024033,0.3447,-0.3447,3106,6673,0,0.317619,2.024033,3.329658,1.92732,2.120644,0.0,0.0,0.0,2010,1.847574,2.184422,True,1650.983143,1649.746944,2785.668761,2783.965476,0.219522,0.2206,"argmin val MAE over M_L=['linear_age', 'age_ridge', 'deployable_ridge']",273.057665,-15.89981656,270.692472,273.044969,270.865131,273.05769,273.057665,690.904831,587.189158,589.199072,586.897284,589.213216,589.213192,875.884377
NORAD25544,ISS (ZARYA),168,150,False,evaluated,46745,13211,33534,71.7382,6442,4043,2726,age_ridge,15.346995,15.348194,-0.0078,closed,closed,closed,closed,closed,closed,20.308311,20.308015,-0.000296,-0.0015,0.0015,1355,1362,9,0.497065,-0.000296,0.0,-0.001573,0.000928,0.908362,1.0,0.973245,1186,-0.001711,0.000982,False,48.645601,48.652662,58.474213,58.480202,0.0,0.0,"argmin val MAE over M_L=['linear_age', 'age_ridge', 'deployable_ridge']",15.348194,-0.768549094,15.346995,15.347653,15.345547,15.348199,15.348194,15.534555,20.308311,20.30805,20.313831,20.308016,20.308015,20.445814
NORAD25544,ISS (ZARYA),168,500,False,evaluated,46745,23753,22992,49.186,12973,5989,4791,age_ridge,30.720429,30.721513,-0.0035,closed,closed,closed,closed,closed,closed,44.120182,44.133949,0.013767,0.0312,-0.0312,2256,2535,0,0.470883,0.013767,0.024135,0.004281,0.02341,5.9e-05,0.010148,0.00016091,1545,0.000763,0.027267,True,113.249194,113.25107,152.039945,152.03511,0.0,0.0,"argmin val MAE over M_L=['linear_age', 'age_ridge', 'deployable_ridge']",30.721513,-1.537104603,30.720429,30.720431,30.724724,30.721528,30.721513,31.199261,44.120182,44.13178,44.13721,44.133964,44.133949,44.477146
NORAD25544,ISS (ZARYA),168,1500,True,evaluated,46745,33411,13334,28.525,19702,7100,6609,age_ridge,54.650589,54.80165,-0.2764,closed,closed,closed,closed,closed,closed,87.84628,87.962273,0.115993,0.132,-0.132,2940,3669,0,0.444848,0.115993,0.253273,0.088008,0.143057,0.0,0.0,0.0,1792,0.070556,0.159506,True,225.555194,225.561324,331.018963,330.987434,0.030388,0.03035,"argmin val MAE over M_L=['linear_age', 'age_ridge', 'deployable_ridge']",54.80165,-2.883591194,54.650589,54.792154,54.689951,54.801684,54.80165,54.996459,87.84628,87.95248,87.883814,87.962303,87.962273,88.13527
NORAD25544,ISS (ZARYA),168,3000,False,evaluated,46745,37555,9190,19.6599,22454,7541,7560,age_ridge,78.736462,79.119829,-0.4869,closed,closed,closed,closed,closed,closed,138.838177,139.11944,0.281262,0.2026,-0.2026,3143,4417,0,0.415741,0.281262,0.59521,0.243065,0.322843,0.0,0.0,0.0,1914,0.215622,0.351459,True,355.421236,355.287266,535.350496,535.15359,0.065416,0.065575,"argmin val MAE over M_L=['linear_age', 'age_ridge', 'deployable_ridge']",79.119829,-4.320190031,78.736462,79.112147,78.768789,79.119851,79.119829,81.459422,138.838177,139.10933,138.875369,139.119463,139.11944,140.107992
NORAD56726,IRIDIUM 181,8,none,False,evaluated,1902,1902,0,0.0,924,345,633,age_ridge,0.194536,0.196127,-0.8178,closed,closed,closed,closed,closed,closed,0.1674,0.168574,0.001174,0.7016,-0.7016,285,348,0,0.450237,0.001174,0.00059,0.000788,0.001575,0.013666,1.0,0.02527274,206,0.000691,0.001631,True,0.434291,0.434925,0.538744,0.538978,0.0,0.0,"argmin val MAE over M_L=['linear_age', 'age_ridge', 'deployable_ridge']",0.196127,-0.011317786,0.194536,0.194894,0.194163,0.196241,0.196127,0.310816,0.1674,0.167749,0.167054,0.168663,0.168574,0.273904
NORAD56726,IRIDIUM 181,8,150,False,evaluated,1902,1901,1,0.0526,923,345,633,age_ridge,0.194536,0.195696,-0.5962,closed,closed,closed,closed,closed,closed,0.1674,0.168265,0.000866,0.517,-0.517,259,374,0,0.409163,0.000866,0.00068,0.000557,0.001179,6e-06,0.001068,1.742e-05,206,0.000483,0.00123,True,0.434291,0.434143,0.538744,0.538263,0.0,0.0,"argmin val MAE over M_L=['linear_age', 'age_ridge', 'deployable_ridge']",0.195696,-0.010886542,0.194536,0.194953,0.194168,0.195765,0.195696,0.284601,0.1674,0.167807,0.167058,0.168316,0.168265,0.24961
NORAD56726,IRIDIUM 181,8,500,False,evaluated,1902,1902,0,0.0,924,345,633,age_ridge,0.194536,0.196127,-0.8178,closed,closed,closed,closed,closed,closed,0.1674,0.168574,0.001174,0.7016,-0.7016,285,348,0,0.450237,0.001174,0.00059,0.000788,0.001575,0.013666,1.0,0.02527274,206,0.000691,0.001631,True,0.434291,0.434925,0.538744,0.538978,0.0,0.0,"argmin val MAE over M_L=['linear_age', 'age_ridge', 'deployable_ridge']",0.196127,-0.011317786,0.194536,0.194894,0.194163,0.196241,0.196127,0.310816,0.1674,0.167749,0.167054,0.168663,0.168574,0.273904
NORAD56726,IRIDIUM 181,8,1500,True,evaluated,1902,1902,0,0.0,924,345,633,age_ridge,0.194536,0.196127,-0.8178,closed,closed,closed,closed,closed,closed,0.1674,0.168574,0.001174,0.7016,-0.7016,285,348,0,0.450237,0.001174,0.00059,0.000788,0.001575,0.013666,1.0,0.02527274,206,0.000691,0.001631,True,0.434291,0.434925,0.538744,0.538978,0.0,0.0,"argmin val MAE over M_L=['linear_age', 'age_ridge', 'deployable_ridge']",0.196127,-0.011317786,0.194536,0.194894,0.194163,0.196241,0.196127,0.310816,0.1674,0.167749,0.167054,0.168663,0.168574,0.273904
NORAD56726,IRIDIUM 181,8,3000,False,evaluated,1902,1902,0,0.0,924,345,633,age_ridge,0.194536,0.196127,-0.8178,closed,closed,closed,closed,closed,closed,0.1674,0.168574,0.001174,0.7016,-0.7016,285,348,0,0.450237,0.001174,0.00059,0.000788,0.001575,0.013666,1.0,0.02527274,206,0.000691,0.001631,True,0.434291,0.434925,0.538744,0.538978,0.0,0.0,"argmin val MAE over M_L=['linear_age', 'age_ridge', 'deployable_ridge']",0.196127,-0.011317786,0.194536,0.194894,0.194163,0.196241,0.196127,0.310816,0.1674,0.167749,0.167054,0.168663,0.168574,0.273904
NORAD56726,IRIDIUM 181,24,none,False,evaluated,2584,2584,0,0.0,1361,484,739,age_ridge,0.718019,0.748191,-4.2021,closed,closed,closed,closed,closed,closed,0.636758,0.657228,0.02047,3.2147,-3.2147,268,471,0,0.362652,0.02047,0.010597,0.016667,0.02424,0.0,0.0,0.0,228,0.016331,0.024464,True,1.688697,1.699591,2.360598,2.364581,0.0,0.0,"argmin val MAE over M_L=['linear_age', 'age_ridge', 'deployable_ridge']",0.748191,-0.066072671,0.718019,0.72534,0.71597,0.749558,0.748191,1.420255,0.636758,0.643312,0.635145,0.658075,0.657228,1.252633
NORAD56726,IRIDIUM 181,24,150,False,evaluated,2584,2577,7,0.2709,1354,484,739,age_ridge,0.718019,0.720344,-0.3239,closed,closed,closed,closed,closed,closed,0.636758,0.638216,0.001459,0.2291,-0.2291,367,372,0,0.496617,0.001459,0.000174,0.000542,0.002351,0.883032,1.0,0.94987506,228,0.000459,0.00245,True,1.688697,1.685874,2.360598,2.356474,0.0,0.0,"argmin val MAE over M_L=['linear_age', 'age_ridge', 'deployable_ridge']",0.720344,-0.038226272,0.718019,0.719262,0.715999,0.720445,0.720344,0.940922,0.636758,0.637838,0.635163,0.638279,0.638216,0.830802
NORAD56726,IRIDIUM 181,24,500,False,evaluated,2584,2583,1,0.0387,1360,484,739,age_ridge,0.718019,0.722229,-0.5863,closed,closed,closed,closed,closed,closed,0.636758,0.639625,0.002867,0.4503,-0.4503,323,416,0,0.437077,0.002867,0.001054,0.001712,0.00401,0.000703,0.109668,0.00165052,228,0.001567,0.004167,True,1.688697,1.68528,2.360598,2.355416,0.0,0.0,"argmin val MAE over M_L=['linear_age', 'age_ridge', 'deployable_ridge']",0.722229,-0.04011067,0.718019,0.720078,0.71597,0.722398,0.722229,1.07607,0.636758,0.638553,0.635145,0.639728,0.639625,0.951566
NORAD56726,IRIDIUM 181,24,1500,True,evaluated,2584,2584,0,0.0,1361,484,739,age_ridge,0.718019,0.748191,-4.2021,closed,closed,closed,closed,closed,closed,0.636758,0.657228,0.02047,3.2147,-3.2147,268,471,0,0.362652,0.02047,0.010597,0.016667,0.02424,0.0,0.0,0.0,228,0.016331,0.024464,True,1.688697,1.699591,2.360598,2.364581,0.0,0.0,"argmin val MAE over M_L=['linear_age', 'age_ridge', 'deployable_ridge']",0.748191,-0.066072671,0.718019,0.72534,0.71597,0.749558,0.748191,1.420255,0.636758,0.643312,0.635145,0.658075,0.657228,1.252633
NORAD56726,IRIDIUM 181,24,3000,False,evaluated,2584,2584,0,0.0,1361,484,739,age_ridge,0.718019,0.748191,-4.2021,closed,closed,closed,closed,closed,closed,0.636758,0.657228,0.02047,3.2147,-3.2147,268,471,0,0.362652,0.02047,0.010597,0.016667,0.02424,0.0,0.0,0.0,228,0.016331,0.024464,True,1.688697,1.699591,2.360598,2.364581,0.0,0.0,"argmin val MAE over M_L=['linear_age', 'age_ridge', 'deployable_ridge']",0.748191,-0.066072671,0.718019,0.72534,0.71597,0.749558,0.748191,1.420255,0.636758,0.643312,0.635145,0.658075,0.657228,1.252633
NORAD56726,IRIDIUM 181,48,none,False,evaluated,2612,2612,0,0.0,1372,496,744,age_ridge,1.728454,1.784708,-3.2546,closed,closed,closed,closed,closed,closed,1.60997,1.649011,0.039041,2.425,-2.425,314,430,0,0.422043,0.039041,0.042017,0.029989,0.048543,2.4e-05,0.004176,6.68e-05,231,0.022413,0.054477,True,4.267894,4.482457,5.771777,5.984749,0.0,0.0,"argmin val MAE over M_L=['linear_age', 'age_ridge', 'deployable_ridge']",1.784708,-0.142677042,1.728454,1.772696,1.722787,1.785182,1.784708,6.938309,1.60997,1.643079,1.604539,1.649257,1.649011,6.649586
NORAD56726,IRIDIUM 181,48,150,False,evaluated,2612,2577,35,1.34,1339,494,744,age_ridge,1.507157,1.512095,-0.3276,closed,closed,closed,closed,closed,closed,1.60997,1.613755,0.003785,0.2351,-0.2351,297,447,0,0.399194,0.003785,0.004689,0.002503,0.005076,0.0,0.0,0.0,231,0.002104,0.005425,True,4.267894,4.256736,5.771777,5.760029,0.0,0.0,"argmin val MAE over M_L=['linear_age', 'age_ridge', 'deployable_ridge']",1.512095,-0.080295448,1.507157,1.511754,1.50183,1.512164,1.512095,1.989743,1.60997,1.614241,1.604888,1.613783,1.613755,1.937798
NORAD56726,IRIDIUM 181,48,500,False,evaluated,2612,2606,6,0.2297,1366,496,744,age_ridge,1.728454,1.741906,-0.7783,closed,closed,closed,closed,closed,closed,1.60997,1.620456,0.010486,0.6513,-0.6513,258,486,0,0.346774,0.010486,0.010824,0.008055,0.012952,0.0,0.0,0.0,231,0.007284,0.013614,True,4.267894,4.250742,5.771777,5.752674,0.0,0.0,"argmin val MAE over M_L=['linear_age', 'age_ridge', 'deployable_ridge']",1.741906,-0.099874951,1.728454,1.738408,1.722804,1.742205,1.741906,3.007434,1.60997,1.619143,1.604557,1.620618,1.620456,2.573092
NORAD56726,IRIDIUM 181,48,1500,True,evaluated,2612,2609,3,0.1149,1369,496,744,age_ridge,1.728454,1.758711,-1.7505,closed,closed,closed,closed,closed,closed,1.60997,1.632574,0.022604,1.404,-1.404,260,484,0,0.349462,0.022604,0.01918,0.018296,0.02716,0.0,0.0,0.0,231,0.016917,0.02832,True,4.267894,4.251248,5.771777,5.750338,0.0,0.0,"argmin val MAE over M_L=['linear_age', 'age_ridge', 'deployable_ridge']",1.758711,-0.116680013,1.728454,1.745328,1.722793,1.759612,1.758711,3.462587,1.60997,1.625593,1.604545,1.633077,1.632574,2.934665
NORAD56726,IRIDIUM 181,48,3000,False,evaluated,2612,2610,2,0.0766,1370,496,744,age_ridge,1.728454,1.80683,-4.5345,closed,closed,closed,closed,closed,closed,1.60997,1.665562,0.055592,3.453,-3.453,235,509,0,0.31586,0.055592,0.037137,0.046965,0.064599,0.0,0.0,0.0,231,0.044068,0.066844,True,4.267894,4.267824,5.771777,5.760865,0.0,0.0,"argmin val MAE over M_L=['linear_age', 'age_ridge', 'deployable_ridge']",1.80683,-0.164798718,1.728454,1.760637,1.722791,1.809622,1.80683,4.240095,1.60997,1.640216,1.604543,1.667123,1.665562,3.598734
NORAD56726,IRIDIUM 181,72,none,False,evaluated,2597,2597,0,0.0,1364,492,741,age_ridge,3.048264,3.082274,-1.1157,closed,closed,closed,closed,closed,closed,2.850624,2.862523,0.011899,0.4174,-0.4174,362,379,0,0.488529,0.011899,9.4e-05,0.003785,0.020225,0.556713,1.0,0.67103799,230,0.002165,0.021238,True,7.531783,7.56981,10.173922,10.209064,0.0,0.0,"argmin val MAE over M_L=['linear_age', 'age_ridge', 'deployable_ridge']",3.082274,-0.186423381,3.048264,3.048829,3.036857,3.084717,3.082274,21.698121,2.850624,2.851139,2.838878,2.863687,2.862523,21.440354
NORAD56726,IRIDIUM 181,72,150,False,evaluated,2597,2528,69,2.6569,1302,486,740,age_ridge,2.362263,2.374627,-0.5234,closed,closed,closed,closed,closed,closed,2.81176,2.818959,0.007198,0.256,-0.256,321,419,0,0.433784,0.007198,0.007119,0.0038,0.01059,0.000356,0.057672,0.00088183,230,0.003311,0.010989,True,7.421065,7.411031,9.893087,9.88121,0.0,0.0,"argmin val MAE over M_L=['linear_age', 'age_ridge', 'deployable_ridge']",2.374627,-0.13047735,2.362263,2.371576,2.351784,2.375006,2.374627,3.002284,2.81176,2.820234,2.801156,2.819099,2.818959,3.115882
NORAD56726,IRIDIUM 181,72,500,False,evaluated,2597,2585,12,0.4621,1352,492,741,age_ridge,3.048264,3.079671,-1.0303,closed,closed,closed,closed,closed,closed,2.850624,2.867933,0.017309,0.6072,-0.6072,306,435,0,0.412955,0.017309,0.014886,0.011009,0.023644,2e-06,0.000362,5.93e-06,230,0.010069,0.024266,True,7.531783,7.531332,10.173922,10.170024,0.0,0.0,"argmin val MAE over M_L=['linear_age', 'age_ridge', 'deployable_ridge']",3.079671,-0.183820312,3.048264,3.061279,3.036892,3.08115,3.079671,5.077022,2.850624,2.862266,2.838994,2.868623,2.867933,4.254212
NORAD56726,IRIDIUM 181,72,1500,True,evaluated,2597,2591,6,0.231,1358,492,741,age_ridge,3.048264,3.098802,-1.658,closed,closed,closed,closed,closed,closed,2.850624,2.880567,0.029943,1.0504,-1.0504,290,451,0,0.391363,0.029943,0.023441,0.021804,0.038258,0.0,0.0,0.0,230,0.020635,0.039074,True,7.531783,7.530401,10.173922,10.166981,0.0,0.0,"argmin val MAE over M_L=['linear_age', 'age_ridge', 'deployable_ridge']",3.098802,-0.202951936,3.048264,3.068333,3.03687,3.101048,3.098802,5.751822,2.850624,2.868462,2.838924,2.881672,2.880567,4.848292
NORAD56726,IRIDIUM 181,72,3000,False,evaluated,2597,2593,4,0.154,1360,492,741,age_ridge,3.048264,3.155041,-3.5029,closed,closed,closed,closed,closed,closed,2.850624,2.914748,0.064125,2.2495,-2.2495,268,473,0,0.361673,0.064125,0.044036,0.051291,0.07816,0.0,0.0,0.0,230,0.04837,0.079413,True,7.531783,7.54703,10.173922,10.178647,0.0,0.0,"argmin val MAE over M_L=['linear_age', 'age_ridge', 'deployable_ridge']",3.155041,-0.259190195,3.048264,3.082681,3.036864,3.159656,3.155041,6.356972,2.850624,2.881018,2.838904,2.917037,2.914748,5.327044
NORAD56726,IRIDIUM 181,96,none,False,evaluated,2652,2652,0,0.0,1398,504,750,age_ridge,4.97603,6.069535,-21.9754,closed,closed,closed,closed,closed,closed,4.474018,5.29598,0.821962,18.3719,-18.3719,119,631,0,0.158667,0.821962,0.511176,0.735688,0.919552,0.0,0.0,0.0,231,0.713922,0.945029,True,11.882672,12.121272,16.013465,16.174066,0.0,0.0,"argmin val MAE over M_L=['linear_age', 'age_ridge', 'deployable_ridge']",6.069535,-1.34230613,4.97603,5.351155,4.955878,6.10334,6.069535,42.296113,4.474018,4.817937,4.445428,5.318482,5.29598,42.281978
NORAD56726,IRIDIUM 181,96,150,False,evaluated,2652,2528,124,4.6757,1294,489,745,age_ridge,3.592005,3.61035,-0.5107,closed,closed,closed,closed,closed,closed,4.27119,4.285233,0.014043,0.3288,-0.3288,277,467,1,0.371812,0.014043,0.012716,0.009256,0.018859,0.0,0.0,0.0,231,0.008321,0.019701,True,11.264469,11.228738,14.776584,14.740338,0.0,0.0,"argmin val MAE over M_L=['linear_age', 'age_ridge', 'deployable_ridge']",3.61035,-0.197944599,3.592005,3.605328,3.576492,3.610832,3.61035,4.20126,4.27119,4.286713,4.249368,4.285449,4.285233,4.27691
NORAD56726,IRIDIUM 181,96,500,False,evaluated,2652,2626,26,0.9804,1373,503,750,age_ridge,4.636405,4.683874,-1.0238,closed,closed,closed,closed,closed,closed,4.474018,4.511525,0.037507,0.8383,-0.8383,259,491,0,0.345333,0.037507,0.031517,0.028945,0.046073,0.0,0.0,0.0,231,0.027118,0.047711,True,11.882672,11.828833,16.013465,15.954608,0.0,0.0,"argmin val MAE over M_L=['linear_age', 'age_ridge', 'deployable_ridge']",4.683874,-0.279289162,4.636405,4.667242,4.616415,4.685116,4.683874,7.176398,4.474018,4.507217,4.446504,4.512216,4.511525,6.026945
NORAD56726,IRIDIUM 181,96,1500,True,evaluated,2652,2642,10,0.3771,1388,504,750,age_ridge,4.97603,5.042932,-1.3445,closed,closed,closed,closed,closed,closed,4.474018,4.528378,0.054361,1.215,-1.215,237,513,0,0.316,0.054361,0.044286,0.04428,0.064483,0.0,0.0,0.0,231,0.041701,0.066547,True,11.882672,11.815836,16.013465,15.939918,0.0,0.0,"argmin val MAE over M_L=['linear_age', 'age_ridge', 'deployable_ridge']",5.042932,-0.315703237,4.97603,5.019297,4.955954,5.044532,5.042932,8.858544,4.474018,4.51992,4.445668,4.529315,4.528378,7.336892
NORAD56726,IRIDIUM 181,96,3000,False,evaluated,2652,2643,9,0.3394,1389,504,750,age_ridge,4.97603,5.05364,-1.5597,closed,closed,closed,closed,closed,closed,4.474018,4.536729,0.062712,1.4017,-1.4017,231,519,0,0.308,0.062712,0.053186,0.051436,0.074029,0.0,0.0,0.0,231,0.048533,0.076601,True,11.882672,11.815021,16.013465,15.938734,0.0,0.0,"argmin val MAE over M_L=['linear_age', 'age_ridge', 'deployable_ridge']",5.05364,-0.326411257,4.97603,5.02441,4.955946,5.055563,5.05364,9.180159,4.474018,4.525022,4.445644,4.537869,4.536729,7.621658
NORAD56726,IRIDIUM 181,168,none,False,evaluated,2663,2663,0,0.0,1404,507,752,age_ridge,13.464661,14.321781,-6.3657,closed,closed,closed,closed,closed,closed,9.861702,10.308599,0.446897,4.5316,-4.5316,369,383,0,0.490691,0.446897,0.017083,0.328954,0.560664,0.635485,1.0,0.74600413,231,0.286626,0.608819,True,26.120521,26.450845,35.639949,35.893425,5.5e-05,5.5e-05,"argmin val MAE over M_L=['linear_age', 'age_ridge', 'deployable_ridge']",14.321781,-1.530353795,13.464661,13.502258,13.387027,14.359192,14.321781,74.756454,9.861702,9.907884,9.729383,10.330275,10.308599,74.257784
NORAD56726,IRIDIUM 181,168,150,False,evaluated,2663,2323,340,12.7676,1145,460,718,deployable_ridge,8.396804,8.319897,0.9159,closed,closed,open,open,closed,closed,8.690262,7.349777,-1.340485,-15.4251,15.4251,488,230,0,0.679666,-1.340485,-2.827014,-1.605697,-1.077548,0.0,0.0,0.0,230,-1.797541,-0.815559,True,22.569139,18.787296,28.171937,24.276684,0.0,0.0,"argmin val MAE over M_L=['linear_age', 'age_ridge', 'deployable_ridge']",8.319897,-0.342933377,8.396804,8.417245,8.368299,8.42348,8.422808,8.319897,8.690262,8.718263,8.64454,8.713855,8.713783,7.349777
NORAD56726,IRIDIUM 181,168,500,False,evaluated,2663,2568,95,3.5674,1317,500,751,age_ridge,11.730329,11.863244,-1.1331,closed,closed,closed,closed,closed,closed,9.789747,9.894791,0.105044,1.073,-1.073,231,520,0,0.30759,0.105044,0.078785,0.086286,0.123156,0.0,0.0,0.0,231,0.081931,0.12765,True,25.933846,25.706288,35.083552,34.848215,0.0,0.0,"argmin val MAE over M_L=['linear_age', 'age_ridge', 'deployable_ridge']",11.863244,-0.719431571,11.730329,11.814598,11.665695,11.866481,11.863244,14.353421,9.789747,9.888488,9.687405,9.895851,9.894791,11.040811
NORAD56726,IRIDIUM 181,168,1500,True,evaluated,2663,2638,25,0.9388,1379,507,752,age_ridge,13.464661,13.724359,-1.9287,closed,closed,closed,closed,closed,closed,9.861702,10.053981,0.192279,1.9497,-1.9497,214,538,0,0.284574,0.192279,0.126474,0.160937,0.223849,0.0,0.0,0.0,231,0.152775,0.232002,True,26.120521,25.809142,35.639949,35.305533,5.5e-05,5.5e-05,"argmin val MAE over M_L=['linear_age', 'age_ridge', 'deployable_ridge']",13.724359,-0.932931573,13.464661,13.609042,13.389003,13.73073,13.724359,20.15209,9.861702,10.022086,9.735546,10.056575,10.053981,15.967138
NORAD56726,IRIDIUM 181,168,3000,False,evaluated,2663,2649,14,0.5257,1390,507,752,age_ridge,13.464661,13.78178,-2.3552,closed,closed,closed,closed,closed,closed,9.861702,10.096641,0.234939,2.3823,-2.3823,209,543,0,0.277926,0.234939,0.15471,0.199178,0.271866,0.0,0.0,0.0,231,0.18983,0.282021,True,26.120521,25.769254,35.639949,35.260367,5.5e-05,5.5e-05,"argmin val MAE over M_L=['linear_age', 'age_ridge', 'deployable_ridge']",13.78178,-0.990352333,13.464661,13.639131,13.387737,13.789436,13.78178,22.658057,9.861702,10.051811,9.7317,10.099844,10.096641,18.843995
NORAD56727,IRIDIUM 177,8,none,False,evaluated,1875,1875,0,0.0,876,360,639,age_ridge,0.488971,0.491867,-0.5923,closed,closed,closed,closed,closed,closed,0.424478,0.427738,0.003261,0.7682,-0.7682,270,369,0,0.422535,0.003261,0.002285,0.002237,0.00422,0.000103,0.017407,0.00026486,217,0.002135,0.004451,True,1.141726,1.147163,1.492778,1.497837,0.0,0.0,"argmin val MAE over M_L=['linear_age', 'age_ridge', 'deployable_ridge']",0.491867,-0.027344541,0.488971,0.489062,0.489154,0.492202,0.491867,0.654872,0.424478,0.424587,0.424539,0.428093,0.427738,0.598182
NORAD56727,IRIDIUM 177,8,150,False,evaluated,1875,1874,1,0.0533,875,360,639,age_ridge,0.488971,0.492461,-0.7136,closed,closed,closed,closed,closed,closed,0.424478,0.428357,0.00388,0.914,-0.914,265,374,0,0.41471,0.00388,0.002637,0.002762,0.004936,1.9e-05,0.003325,5.344e-05,217,0.002652,0.005179,True,1.141726,1.147899,1.492778,1.498514,0.0,0.0,"argmin val MAE over M_L=['linear_age', 'age_ridge', 'deployable_ridge']",0.492461,-0.02793791,0.488971,0.489089,0.489176,0.492853,0.492461,0.672093,0.424478,0.424619,0.424559,0.428765,0.428357,0.615803
NORAD56727,IRIDIUM 177,8,500,False,evaluated,1875,1875,0,0.0,876,360,639,age_ridge,0.488971,0.491867,-0.5923,closed,closed,closed,closed,closed,closed,0.424478,0.427738,0.003261,0.7682,-0.7682,270,369,0,0.422535,0.003261,0.002285,0.002237,0.00422,0.000103,0.017407,0.00026486,217,0.002135,0.004451,True,1.141726,1.147163,1.492778,1.497837,0.0,0.0,"argmin val MAE over M_L=['linear_age', 'age_ridge', 'deployable_ridge']",0.491867,-0.027344541,0.488971,0.489062,0.489154,0.492202,0.491867,0.654872,0.424478,0.424587,0.424539,0.428093,0.427738,0.598182
NORAD56727,IRIDIUM 177,8,1500,True,evaluated,1875,1875,0,0.0,876,360,639,age_ridge,0.488971,0.491867,-0.5923,closed,closed,closed,closed,closed,closed,0.424478,0.427738,0.003261,0.7682,-0.7682,270,369,0,0.422535,0.003261,0.002285,0.002237,0.00422,0.000103,0.017407,0.00026486,217,0.002135,0.004451,True,1.141726,1.147163,1.492778,1.497837,0.0,0.0,"argmin val MAE over M_L=['linear_age', 'age_ridge', 'deployable_ridge']",0.491867,-0.027344541,0.488971,0.489062,0.489154,0.492202,0.491867,0.654872,0.424478,0.424587,0.424539,0.428093,0.427738,0.598182
NORAD56727,IRIDIUM 177,8,3000,False,evaluated,1875,1875,0,0.0,876,360,639,age_ridge,0.488971,0.491867,-0.5923,closed,closed,closed,closed,closed,closed,0.424478,0.427738,0.003261,0.7682,-0.7682,270,369,0,0.422535,0.003261,0.002285,0.002237,0.00422,0.000103,0.017407,0.00026486,217,0.002135,0.004451,True,1.141726,1.147163,1.492778,1.497837,0.0,0.0,"argmin val MAE over M_L=['linear_age', 'age_ridge', 'deployable_ridge']",0.491867,-0.027344541,0.488971,0.489062,0.489154,0.492202,0.491867,0.654872,0.424478,0.424587,0.424539,0.428093,0.427738,0.598182
NORAD56727,IRIDIUM 177,24,none,False,evaluated,2545,2545,0,0.0,1343,479,723,age_ridge,1.672105,1.726893,-3.2766,closed,closed,closed,closed,closed,closed,1.59579,1.638753,0.042962,2.6922,-2.6922,293,430,0,0.405256,0.042962,0.00953,0.03269,0.054295,0.0,0.0,0.0,231,0.031603,0.054607,True,4.291282,4.358355,5.374954,5.428611,0.0,0.0,"argmin val MAE over M_L=['linear_age', 'age_ridge', 'deployable_ridge']",1.726893,-0.13839355,1.672105,1.671551,1.671747,1.730192,1.726893,3.498092,1.59579,1.59465,1.594814,1.641363,1.638753,3.484417
NORAD56727,IRIDIUM 177,24,150,False,evaluated,2545,2523,22,0.8644,1323,479,721,age_ridge,1.672105,1.681502,-0.562,closed,closed,closed,closed,closed,closed,1.454605,1.462787,0.008182,0.5625,-0.5625,344,377,0,0.477115,0.008182,0.000432,0.004801,0.011376,0.23334,1.0,0.32308615,231,0.004624,0.011851,True,3.853156,3.859344,4.870075,4.873489,0.0,0.0,"argmin val MAE over M_L=['linear_age', 'age_ridge', 'deployable_ridge']",1.681502,-0.093002471,1.672105,1.673286,1.671567,1.68208,1.681502,2.313606,1.454605,1.456036,1.453545,1.46322,1.462787,2.154141
NORAD56727,IRIDIUM 177,24,500,False,evaluated,2545,2543,2,0.0786,1341,479,723,age_ridge,1.672105,1.686716,-0.8738,closed,closed,closed,closed,closed,closed,1.59579,1.607373,0.011582,0.7258,-0.7258,399,324,0,0.551867,0.011582,-0.002194,0.007314,0.016291,0.005884,0.811992,0.01194496,231,0.006922,0.016391,True,4.291282,4.307857,5.374954,5.386903,0.0,0.0,"argmin val MAE over M_L=['linear_age', 'age_ridge', 'deployable_ridge']",1.686716,-0.098216279,1.672105,1.67174,1.671723,1.687747,1.686716,2.784804,1.59579,1.595328,1.594793,1.608145,1.607373,2.751721
NORAD56727,IRIDIUM 177,24,1500,True,evaluated,2545,2544,1,0.0393,1342,479,723,age_ridge,1.672105,1.686015,-0.8319,closed,closed,closed,closed,closed,closed,1.59579,1.606884,0.011093,0.6952,-0.6952,398,325,0,0.550484,0.011093,-0.002079,0.006964,0.015648,0.007371,1.0,0.0146336,231,0.006561,0.015736,True,4.291282,4.306643,5.374954,5.385871,0.0,0.0,"argmin val MAE over M_L=['linear_age', 'age_ridge', 'deployable_ridge']",1.686015,-0.097515515,1.672105,1.67182,1.671736,1.686998,1.686015,2.883709,1.59579,1.59543,1.594805,1.607619,1.606884,2.861918
NORAD56727,IRIDIUM 177,24,3000,False,evaluated,2545,2544,1,0.0393,1342,479,723,age_ridge,1.672105,1.686015,-0.8319,closed,closed,closed,closed,closed,closed,1.59579,1.606884,0.011093,0.6952,-0.6952,398,325,0,0.550484,0.011093,-0.002079,0.006964,0.015648,0.007371,1.0,0.0146336,231,0.006561,0.015736,True,4.291282,4.306643,5.374954,5.385871,0.0,0.0,"argmin val MAE over M_L=['linear_age', 'age_ridge', 'deployable_ridge']",1.686015,-0.097515515,1.672105,1.67182,1.671736,1.686998,1.686015,2.883709,1.59579,1.59543,1.594805,1.607619,1.606884,2.861918
NORAD56727,IRIDIUM 177,48,none,False,evaluated,2534,2534,0,0.0,1335,477,722,age_ridge,3.841564,3.915643,-1.9284,closed,closed,closed,closed,closed,closed,5.115764,5.173077,0.057313,1.1203,-1.1203,287,435,0,0.397507,0.057313,0.012774,0.043321,0.072308,0.0,0.0,0.0,229,0.039461,0.075135,True,13.796237,13.831673,17.955077,17.973959,0.000346,0.000346,"argmin val MAE over M_L=['linear_age', 'age_ridge', 'deployable_ridge']",3.915643,-0.266157312,3.841564,3.858858,3.832307,3.91898,3.915643,8.482976,5.115764,5.13216,5.112443,5.175448,5.173077,10.164082
NORAD56727,IRIDIUM 177,48,150,False,evaluated,2534,2444,90,3.5517,1261,475,708,age_ridge,3.708054,3.731518,-0.6328,closed,closed,closed,closed,closed,closed,3.361061,3.377775,0.016714,0.4973,-0.4973,367,341,0,0.518362,0.016714,-0.001818,0.009312,0.02445,0.347451,1.0,0.45761839,227,0.00811,0.024909,True,8.871555,8.88837,11.051912,11.06213,0.0,0.0,"argmin val MAE over M_L=['linear_age', 'age_ridge', 'deployable_ridge']",3.731518,-0.20886688,3.708054,3.712042,3.698949,3.732874,3.731518,4.684353,3.361061,3.364558,3.356983,3.378802,3.377775,4.753434
NORAD56727,IRIDIUM 177,48,500,False,evaluated,2534,2527,7,0.2762,1332,477,718,age_ridge,3.841564,3.901936,-1.5716,closed,closed,closed,closed,closed,closed,4.050091,4.094871,0.044781,1.1057,-1.1057,339,379,0,0.472145,0.044781,0.007893,0.031045,0.058338,0.145488,1.0,0.21119226,229,0.027459,0.061667,True,10.894873,10.946495,13.68363,13.719995,0.0,0.0,"argmin val MAE over M_L=['linear_age', 'age_ridge', 'deployable_ridge']",3.901936,-0.252450367,3.841564,3.84429,3.832271,3.905508,3.901936,6.543205,4.050091,4.052517,4.047109,4.097466,4.094871,7.292279
NORAD56727,IRIDIUM 177,48,1500,True,evaluated,2534,2532,2,0.0789,1333,477,722,age_ridge,3.841564,3.903939,-1.6237,closed,closed,closed,closed,closed,closed,5.115764,5.161449,0.045684,0.893,-0.893,339,383,0,0.469529,0.045684,0.007663,0.031481,0.060552,0.109469,1.0,0.1632963,229,0.028041,0.062828,True,13.796237,13.849876,17.955077,17.993078,0.000346,0.000346,"argmin val MAE over M_L=['linear_age', 'age_ridge', 'deployable_ridge']",3.903939,-0.254453328,3.841564,3.844537,3.832281,3.907601,3.903939,6.602459,5.115764,5.118459,5.112343,5.164078,5.161449,8.364812
NORAD56727,IRIDIUM 177,48,3000,False,evaluated,2534,2533,1,0.0395,1334,477,722,age_ridge,3.841564,3.922227,-2.0997,closed,closed,closed,closed,closed,closed,5.115764,5.175214,0.05945,1.1621,-1.1621,347,375,0,0.480609,0.05945,0.005356,0.043131,0.076823,0.314975,1.0,0.42521625,229,0.039044,0.079516,True,13.796237,13.858367,17.955077,17.998122,0.000346,0.000346,"argmin val MAE over M_L=['linear_age', 'age_ridge', 'deployable_ridge']",3.922227,-0.272740989,3.841564,3.847707,3.832296,3.926645,3.922227,6.973804,5.115764,5.121431,5.1124,5.17838,5.175214,8.710205
NORAD56727,IRIDIUM 177,72,none,False,evaluated,2552,2552,0,0.0,1343,480,729,age_ridge,7.474526,7.653182,-2.3902,closed,closed,closed,closed,closed,closed,9.957333,10.122008,0.164675,1.6538,-1.6538,243,486,0,0.333333,0.164675,0.093291,0.13846,0.194496,0.0,0.0,0.0,230,0.132217,0.198862,True,26.86643,26.845165,34.551047,34.498607,0.000686,0.000686,"argmin val MAE over M_L=['linear_age', 'age_ridge', 'deployable_ridge']",7.653182,-0.552382205,7.474526,7.559309,7.439393,7.658974,7.653182,19.624545,9.957333,10.036054,9.949343,10.126599,10.122008,21.74374
NORAD56727,IRIDIUM 177,72,150,False,evaluated,2552,2357,195,7.6411,1191,471,695,age_ridge,6.615627,6.633485,-0.2699,closed,closed,closed,closed,closed,closed,6.416075,6.432211,0.016135,0.2515,-0.2515,325,370,0,0.467626,0.016135,0.007429,0.007617,0.02504,0.095044,1.0,0.14498237,226,0.007201,0.024853,True,16.613889,16.614206,20.092076,20.087098,0.0,0.0,"argmin val MAE over M_L=['linear_age', 'age_ridge', 'deployable_ridge']",6.633485,-0.348639071,6.615627,6.622565,6.584438,6.634622,6.633485,7.42271,6.416075,6.421785,6.404342,6.433267,6.432211,8.054085
NORAD56727,IRIDIUM 177,72,500,False,evaluated,2552,2528,24,0.9404,1326,480,722,age_ridge,7.474526,7.55022,-1.0127,closed,closed,closed,closed,closed,closed,8.276796,8.343523,0.066728,0.8062,-0.8062,307,415,0,0.425208,0.066728,0.026941,0.048386,0.085911,6.6e-05,0.01122,0.00017644,230,0.04547,0.087723,True,22.056333,22.074178,27.393585,27.396025,0.0,0.0,"argmin val MAE over M_L=['linear_age', 'age_ridge', 'deployable_ridge']",7.55022,-0.449421093,7.474526,7.492327,7.439,7.554312,7.55022,11.15871,8.276796,8.292315,8.269038,8.346875,8.343523,12.761762
NORAD56727,IRIDIUM 177,72,1500,True,evaluated,2552,2543,9,0.3527,1334,480,729,age_ridge,7.474526,7.554824,-1.0743,closed,closed,closed,closed,closed,closed,9.957333,10.029683,0.07235,0.7266,-0.7266,305,424,0,0.418381,0.07235,0.026627,0.053232,0.092231,1.2e-05,0.002112,3.411e-05,230,0.049716,0.094654,True,26.86643,26.88189,34.551047,34.549909,0.000686,0.000686,"argmin val MAE over M_L=['linear_age', 'age_ridge', 'deployable_ridge']",7.554824,-0.454024415,7.474526,7.491912,7.439202,7.559198,7.554824,11.784645,9.957333,9.972801,9.94833,10.033226,10.029683,14.885812
NORAD56727,IRIDIUM 177,72,3000,False,evaluated,2552,2548,4,0.1567,1339,480,729,age_ridge,7.474526,7.640441,-2.2197,closed,closed,closed,closed,closed,closed,9.957333,10.102479,0.145146,1.4577,-1.4577,283,446,0,0.388203,0.145146,0.059625,0.116421,0.176539,0.0,0.0,0.0,230,0.108902,0.182276,True,26.86643,26.902301,34.551047,34.557059,0.000686,0.000686,"argmin val MAE over M_L=['linear_age', 'age_ridge', 'deployable_ridge']",7.640441,-0.539641504,7.474526,7.516019,7.439317,7.647988,7.640441,13.105253,9.957333,9.995035,9.948947,10.108511,10.102479,16.016994
NORAD56727,IRIDIUM 177,96,none,False,evaluated,2601,2601,0,0.0,1373,496,732,age_ridge,13.459444,13.779667,-2.3792,closed,closed,closed,closed,closed,closed,16.28023,16.56466,0.28443,1.7471,-1.7471,267,465,0,0.364754,0.28443,0.182597,0.222459,0.345997,0.0,0.0,0.0,232,0.203345,0.362498,True,44.266147,44.268771,57.65186,57.603293,0.001195,0.001195,"argmin val MAE over M_L=['linear_age', 'age_ridge', 'deployable_ridge']",13.779667,-0.993195241,13.459444,13.602697,13.327705,13.791116,13.779667,44.288316,16.28023,16.400263,16.243999,16.573366,16.56466,45.49931
NORAD56727,IRIDIUM 177,96,150,False,evaluated,2601,2206,395,15.1865,1093,458,655,deployable_ridge,10.090337,9.926065,1.628,closed,closed,open,open,closed,closed,8.680793,10.304897,1.624104,18.7092,-18.7092,255,400,0,0.389313,1.624104,4.084167,1.147187,2.088404,0.0,0.0,0.0,223,0.832527,2.405184,True,22.235245,23.954167,26.600842,27.807874,0.0,0.0,"argmin val MAE over M_L=['linear_age', 'age_ridge', 'deployable_ridge']",9.926065,-0.340245097,10.090337,10.088637,10.008452,10.090062,10.089309,9.926065,8.680793,8.679583,8.645784,8.681507,8.680952,10.304897
NORAD56727,IRIDIUM 177,96,500,False,evaluated,2601,2526,75,2.8835,1315,493,718,age_ridge,12.853174,12.895853,-0.3321,closed,closed,closed,closed,closed,closed,13.58467,13.62278,0.038111,0.2805,-0.2805,310,408,0,0.431755,0.038111,0.021737,0.013382,0.063556,0.000289,0.047396,0.00072925,231,0.008255,0.068874,True,36.496241,36.509075,45.114258,45.117918,0.0,0.0,"argmin val MAE over M_L=['linear_age', 'age_ridge', 'deployable_ridge']",12.895853,-0.685337773,12.853174,12.873941,12.728284,12.898331,12.895853,16.13156,13.58467,13.600721,13.544097,13.624759,13.62278,18.937346
NORAD56727,IRIDIUM 177,96,1500,True,evaluated,2601,2584,17,0.6536,1356,496,732,age_ridge,13.459444,13.518096,-0.4358,closed,closed,closed,closed,closed,closed,16.28023,16.335812,0.055581,0.3414,-0.3414,319,413,0,0.435792,0.055581,0.018537,0.023612,0.086925,0.000578,0.091324,0.00138106,232,0.015309,0.094376,True,44.266147,44.297456,57.65186,57.669306,0.001195,0.001195,"argmin val MAE over M_L=['linear_age', 'age_ridge', 'deployable_ridge']",13.518096,-0.731623889,13.459444,13.475026,13.328281,13.522101,13.518096,19.440859,16.28023,16.292507,16.240165,16.338911,16.335812,23.781593
NORAD56727,IRIDIUM 177,96,3000,False,evaluated,2601,2591,10,0.3845,1363,496,732,age_ridge,13.459444,13.575469,-0.862,closed,closed,closed,closed,closed,closed,16.28023,16.385272,0.105042,0.6452,-0.6452,285,447,0,0.389344,0.105042,0.064529,0.067165,0.143624,0.0,0.0,0.0,232,0.055442,0.152924,True,44.266147,44.272075,57.65186,57.636834,0.001195,0.001195,"argmin val MAE over M_L=['linear_age', 'age_ridge', 'deployable_ridge']",13.575469,-0.788997139,13.459444,13.505996,13.328019,13.581078,13.575469,21.11901,16.28023,16.317402,16.241722,16.389604,16.385272,25.211996
NORAD56727,IRIDIUM 177,168,none,False,evaluated,2610,2610,0,0.0,1374,500,736,age_ridge,37.346154,38.839623,-3.999,closed,closed,closed,closed,closed,closed,45.376151,46.285292,0.909141,2.0036,-2.0036,304,432,0,0.413043,0.909141,0.476002,0.664557,1.15339,3e-06,0.000537,8.8e-06,232,0.620124,1.200808,True,126.608211,126.966906,163.128207,163.276961,0.009681,0.009624,"argmin val MAE over M_L=['linear_age', 'age_ridge', 'deployable_ridge']",38.839623,-3.360776665,37.346154,37.539233,36.487319,38.91016,38.839623,110.658564,45.376151,45.532011,45.209056,46.329526,46.285292,113.071892
NORAD56727,IRIDIUM 177,168,150,False,evaluated,2610,1557,1053,40.3448,691,344,522,deployable_ridge,18.354929,14.979446,18.3901,open,open,open,open,closed,closed,16.252631,15.420625,-0.832007,-5.1192,5.1192,290,232,0,0.555556,-0.832007,-3.719612,-1.594578,-0.083995,0.012528,1.0,0.02382085,195,-2.079353,0.383958,False,40.054125,36.721019,46.274525,42.349218,0.0,0.0,"argmin val MAE over M_L=['linear_age', 'age_ridge', 'deployable_ridge']",14.979446,2.457736395,18.354929,18.335754,18.159526,18.348032,18.346719,14.979446,16.252631,16.239744,16.146681,16.21616,16.217036,15.420625
NORAD56727,IRIDIUM 177,168,500,False,evaluated,2610,2307,303,11.6092,1159,472,676,deployable_ridge,31.602376,31.102988,1.5802,closed,closed,open,open,closed,closed,30.054625,34.239228,4.184603,13.9233,-13.9233,309,367,0,0.457101,4.184603,4.693053,2.110709,6.260471,0.028283,1.0,0.04991118,225,0.701745,7.825369,True,79.460393,77.648301,95.710436,90.249377,0.0,0.0,"argmin val MAE over M_L=['linear_age', 'age_ridge', 'deployable_ridge']",31.102988,-1.080731499,31.602376,31.688583,30.974782,31.795658,31.788659,31.102988,30.054625,30.119077,29.796541,30.136775,30.133208,34.239228
NORAD56727,IRIDIUM 177,168,1500,True,evaluated,2610,2547,63,2.4138,1318,499,730,age_ridge,36.848041,37.200616,-0.9568,closed,closed,closed,closed,closed,closed,41.025822,41.203469,0.177647,0.433,-0.433,347,383,0,0.475342,0.177647,0.085121,0.099387,0.256032,0.195145,1.0,0.27300078,232,0.094645,0.263179,True,111.924581,111.732472,144.473203,144.24158,0.006221,0.006164,"argmin val MAE over M_L=['linear_age', 'age_ridge', 'deployable_ridge']",37.200616,-2.194976322,36.848041,36.984677,36.010294,37.213346,37.200616,44.835263,41.025822,41.133493,40.777685,41.210116,41.203469,51.247253
NORAD56727,IRIDIUM 177,168,3000,False,evaluated,2610,2588,22,0.8429,1353,500,735,age_ridge,37.346154,37.78086,-1.164,closed,closed,closed,closed,closed,closed,44.18433,44.399646,0.215317,0.4873,-0.4873,338,397,0,0.459864,0.215317,0.126816,0.120688,0.320825,0.032336,1.0,0.05626733,232,0.10618,0.324385,True,121.019463,120.893094,156.333969,156.157915,0.008787,0.00873,"argmin val MAE over M_L=['linear_age', 'age_ridge', 'deployable_ridge']",37.78086,-2.302013375,37.346154,37.464927,36.488613,37.798698,37.78086,52.03037,44.18433,44.277855,43.989389,44.409647,44.399646,59.655213
NORAD61594,ONEWEB-0015,8,none,False,evaluated,1334,1334,0,0.0,630,373,331,age_ridge,0.56699,1.078848,-90.2763,closed,closed,closed,closed,closed,closed,0.488377,0.954528,0.466151,95.4488,-95.4488,30,301,0,0.090634,0.466151,0.365413,0.419699,0.517033,0.0,0.0,0.0,116,0.410439,0.521782,True,1.292079,1.75956,1.748542,2.192819,0.0,0.0,"argmin val MAE over M_L=['linear_age', 'age_ridge', 'deployable_ridge']",1.078848,-0.540207143,0.56699,0.665974,0.567185,1.118863,1.078848,15.353905,0.488377,0.613944,0.49007,0.99318,0.954528,15.702258
NORAD61594,ONEWEB-0015,8,150,False,evaluated,1334,1270,64,4.7976,566,373,331,age_ridge,0.56699,0.630252,-11.1575,closed,closed,closed,closed,closed,closed,0.488377,0.57208,0.083702,17.1388,-17.1388,73,258,0,0.220544,0.083702,0.106166,0.073974,0.0932,0.0,0.0,0.0,116,0.072837,0.094313,True,1.292079,1.360057,1.748542,1.811149,0.0,0.0,"argmin val MAE over M_L=['linear_age', 'age_ridge', 'deployable_ridge']",0.630252,-0.091611594,0.56699,0.630145,0.566967,0.63026,0.630252,2.036122,0.488377,0.572115,0.488398,0.572077,0.57208,2.083594
NORAD61594,ONEWEB-0015,8,500,False,evaluated,1334,1310,24,1.7991,606,373,331,age_ridge,0.56699,0.945997,-66.8455,closed,closed,closed,closed,closed,closed,0.488377,0.820434,0.332056,67.9918,-67.9918,62,269,0,0.187311,0.332056,0.198209,0.292851,0.371424,0.0,0.0,0.0,116,0.286054,0.380027,True,1.292079,1.601631,1.748542,2.033703,0.0,0.0,"argmin val MAE over M_L=['linear_age', 'age_ridge', 'deployable_ridge']",0.945997,-0.407356694,0.56699,0.787975,0.566842,0.963087,0.945997,7.816468,0.488377,0.748369,0.489016,0.833235,0.820434,7.830526
NORAD61594,ONEWEB-0015,8,1500,True,evaluated,1334,1331,3,0.2249,627,373,331,age_ridge,0.56699,0.904559,-59.537,closed,closed,closed,closed,closed,closed,0.488377,0.791357,0.302979,62.0379,-62.0379,66,265,0,0.199396,0.302979,0.248941,0.268234,0.34097,0.0,0.0,0.0,116,0.260347,0.346354,True,1.292079,1.576688,1.748542,2.014122,0.0,0.0,"argmin val MAE over M_L=['linear_age', 'age_ridge', 'deployable_ridge']",0.904559,-0.365918651,0.56699,0.654717,0.567125,0.930546,0.904559,13.68759,0.488377,0.601026,0.489929,0.815756,0.791357,14.038791
NORAD61594,ONEWEB-0015,8,3000,False,evaluated,1334,1334,0,0.0,630,373,331,age_ridge,0.56699,1.078848,-90.2763,closed,closed,closed,closed,closed,closed,0.488377,0.954528,0.466151,95.4488,-95.4488,30,301,0,0.090634,0.466151,0.365413,0.419699,0.517033,0.0,0.0,0.0,116,0.410439,0.521782,True,1.292079,1.75956,1.748542,2.192819,0.0,0.0,"argmin val MAE over M_L=['linear_age', 'age_ridge', 'deployable_ridge']",1.078848,-0.540207143,0.56699,0.665974,0.567185,1.118863,1.078848,15.353905,0.488377,0.613944,0.49007,0.99318,0.954528,15.702258
NORAD61594,ONEWEB-0015,24,none,False,evaluated,1651,1651,0,0.0,838,416,397,age_ridge,1.085374,2.028617,-86.9049,closed,closed,closed,closed,closed,closed,1.052899,2.027013,0.974114,92.5174,-92.5174,29,368,0,0.073048,0.974114,0.966206,0.910818,1.037731,0.0,0.0,0.0,123,0.894462,1.051824,True,2.830601,3.826595,3.722226,4.635711,0.0,0.0,"argmin val MAE over M_L=['linear_age', 'age_ridge', 'deployable_ridge']",2.028617,-0.997512217,1.085374,2.041103,1.092221,2.029596,2.028617,73.809907,1.052899,1.972571,1.061391,2.031298,2.027013,79.768803
NORAD61594,ONEWEB-0015,24,150,False,evaluated,1651,1525,126,7.6317,712,416,397,age_ridge,1.085374,1.089904,-0.4174,closed,closed,closed,closed,closed,closed,1.052899,1.059439,0.00654,0.6212,-0.6212,180,217,0,0.453401,0.00654,0.006389,0.003004,0.010322,0.070661,1.0,0.11157,123,0.001303,0.011705,True,2.830601,2.838238,3.722226,3.728967,0.0,0.0,"argmin val MAE over M_L=['linear_age', 'age_ridge', 'deployable_ridge']",1.089904,-0.058798987,1.085374,1.089805,1.086331,1.090066,1.089904,2.025642,1.052899,1.05885,1.054782,1.059651,1.059439,1.981747
NORAD61594,ONEWEB-0015,24,500,False,evaluated,1651,1562,89,5.3907,749,416,397,age_ridge,1.085374,1.122944,-3.4615,closed,closed,closed,closed,closed,closed,1.052899,1.094653,0.041754,3.9656,-3.9656,135,262,0,0.34005,0.041754,0.036696,0.03295,0.050696,0.0,0.0,0.0,123,0.030008,0.053785,True,2.830601,2.8642,3.722226,3.7526,0.0,0.0,"argmin val MAE over M_L=['linear_age', 'age_ridge', 'deployable_ridge']",1.122944,-0.09183918,1.085374,1.11428,1.087275,1.123714,1.122944,3.594868,1.052899,1.083716,1.055983,1.09557,1.094653,3.59737
NORAD61594,ONEWEB-0015,24,1500,True,evaluated,1651,1604,47,2.8468,791,416,397,linear_age,1.085374,2.411641,-122.1945,closed,closed,closed,closed,closed,closed,1.052899,2.340346,1.287447,122.2765,-122.2765,17,380,0,0.042821,1.287447,1.365075,1.235136,1.337761,0.0,0.0,0.0,123,1.215148,1.358816,True,2.830601,4.171194,3.722226,4.944055,0.0,0.0,"argmin val MAE over M_L=['linear_age', 'age_ridge', 'deployable_ridge']",2.411641,-1.380535799,1.085374,2.416628,1.088623,2.411641,2.411641,20.756395,1.052899,2.33371,1.057538,2.340346,2.340346,21.091276
NORAD61594,ONEWEB-0015,24,3000,False,evaluated,1651,1622,29,1.7565,809,416,397,linear_age,1.085374,3.077757,-183.5665,closed,closed,closed,closed,closed,closed,1.052899,2.995683,1.942784,184.5176,-184.5176,9,388,0,0.02267,1.942784,2.049733,1.879471,2.003361,0.0,0.0,0.0,123,1.857401,2.026047,True,2.830601,4.858204,3.722226,5.589914,0.0,0.0,"argmin val MAE over M_L=['linear_age', 'age_ridge', 'deployable_ridge']",3.077757,-2.046651515,1.085374,3.084768,1.089629,3.077757,3.077757,37.084051,1.052899,2.98945,1.058657,2.995683,2.995683,37.145839
NORAD61594,ONEWEB-0015,48,none,False,evaluated,1664,1664,0,0.0,843,421,400,age_ridge,2.001634,6.52049,-225.7584,closed,closed,closed,closed,closed,closed,1.954724,6.297701,4.342977,222.1786,-222.1786,9,391,0,0.0225,4.342977,4.604199,4.190793,4.498374,0.0,0.0,0.0,126,4.101739,4.563798,True,5.199854,9.733646,6.733572,10.992342,0.0,0.0,"argmin val MAE over M_L=['linear_age', 'age_ridge', 'deployable_ridge']",6.52049,-4.618937754,2.001634,6.521781,2.010395,6.520533,6.52049,295.105761,1.954724,6.310843,1.964493,6.297169,6.297701,313.701017
NORAD61594,ONEWEB-0015,48,150,False,evaluated,1664,1438,226,13.5817,620,419,399,age_ridge,1.761558,1.76294,-0.0784,closed,closed,closed,closed,closed,closed,1.890534,1.893247,0.002712,0.1435,-0.1435,195,204,0,0.488722,0.002712,0.00598,0.000112,0.005432,0.68884,1.0,0.78475443,126,-0.001146,0.006524,False,4.99969,5.001788,6.388532,6.390534,0.0,0.0,"argmin val MAE over M_L=['linear_age', 'age_ridge', 'deployable_ridge']",1.76294,-0.089459564,1.761558,1.76282,1.761969,1.762949,1.76294,1.841616,1.890534,1.892963,1.890399,1.893267,1.893247,1.984381
NORAD61594,ONEWEB-0015,48,500,False,evaluated,1664,1513,151,9.0745,692,421,400,age_ridge,2.001634,2.003246,-0.0806,closed,closed,closed,closed,closed,closed,1.954724,1.958164,0.00344,0.176,-0.176,183,217,0,0.4575,0.00344,0.001481,0.000947,0.00603,0.098822,1.0,0.14989854,126,2.4e-05,0.006873,True,5.199854,5.201894,6.733572,6.735548,0.0,0.0,"argmin val MAE over M_L=['linear_age', 'age_ridge', 'deployable_ridge']",2.003246,-0.101694118,2.001634,2.002559,2.001578,2.00331,2.003246,5.277725,1.954724,1.956426,1.954913,1.958302,1.958164,5.247399
NORAD61594,ONEWEB-0015,48,1500,True,evaluated,1664,1557,107,6.4303,736,421,400,age_ridge,2.001634,2.31225,-15.5182,closed,closed,closed,closed,closed,closed,1.954724,2.319954,0.36523,18.6845,-18.6845,121,279,0,0.3025,0.36523,0.076045,0.296206,0.431556,0.0,0.0,0.0,126,0.283642,0.454299,True,5.199854,5.602941,6.733572,7.120833,0.0,0.0,"argmin val MAE over M_L=['linear_age', 'age_ridge', 'deployable_ridge']",2.31225,-0.410698269,2.001634,2.021914,2.002409,2.338638,2.31225,14.43278,1.954724,1.96711,1.95624,2.351982,2.319954,14.361031
NORAD61594,ONEWEB-0015,48,3000,False,evaluated,1664,1582,82,4.9279,761,421,400,age_ridge,2.001634,3.825785,-91.1331,closed,closed,closed,closed,closed,closed,1.954724,3.693786,1.739063,88.9672,-88.9672,22,378,0,0.055,1.739063,1.873742,1.650228,1.835521,0.0,0.0,0.0,126,1.598875,1.87692,True,5.199854,7.088971,6.733572,8.484189,0.0,0.0,"argmin val MAE over M_L=['linear_age', 'age_ridge', 'deployable_ridge']",3.825785,-1.92423244,2.001634,3.823082,2.003009,3.826251,3.825785,30.271911,1.954724,3.68355,1.956987,3.694936,3.693786,30.460833
NORAD61594,ONEWEB-0015,72,none,False,evaluated,1656,1656,0,0.0,840,418,398,age_ridge,2.390593,8.240453,-244.7034,closed,closed,closed,closed,closed,closed,2.428928,8.618931,6.190002,254.845,-254.845,21,377,0,0.052764,6.190002,4.849236,5.708909,6.667704,0.0,0.0,0.0,125,5.68973,6.720079,True,6.419694,13.073837,8.210994,14.615818,0.0,0.0,"argmin val MAE over M_L=['linear_age', 'age_ridge', 'deployable_ridge']",8.240453,-5.969389896,2.390593,7.583747,2.402639,8.349638,8.240453,656.173974,2.428928,7.436341,2.442622,8.755467,8.618931,681.881582
NORAD61594,ONEWEB-0015,72,150,False,evaluated,1656,1373,283,17.0894,559,416,398,linear_age,2.091714,2.093497,-0.0852,closed,closed,closed,closed,closed,closed,2.428928,2.429453,0.000525,0.0216,-0.0216,186,212,0,0.467337,0.000525,0.004369,-0.001407,0.002525,0.210102,1.0,0.29241,125,-0.002365,0.00343,False,6.419694,6.417114,8.210994,8.208751,0.0,0.0,"argmin val MAE over M_L=['linear_age', 'age_ridge', 'deployable_ridge']",2.093497,-0.106368833,2.091714,2.093838,2.09254,2.093497,2.093497,2.55632,2.428928,2.429879,2.42921,2.429453,2.429453,2.835029
NORAD61594,ONEWEB-0015,72,500,False,evaluated,1656,1453,203,12.2585,638,417,398,age_ridge,2.163416,2.204294,-1.8895,closed,closed,closed,closed,closed,closed,2.428928,2.473539,0.044611,1.8367,-1.8367,176,222,0,0.442211,0.044611,0.049652,0.028922,0.06098,0.023972,1.0,0.04371644,125,0.021367,0.06725,True,6.419694,6.496034,8.210994,8.282265,0.0,0.0,"argmin val MAE over M_L=['linear_age', 'age_ridge', 'deployable_ridge']",2.204294,-0.149048616,2.163416,2.204065,2.163979,2.205179,2.204294,3.348088,2.428928,2.470813,2.42909,2.474467,2.473539,3.74079
NORAD61594,ONEWEB-0015,72,1500,True,evaluated,1656,1502,154,9.2995,686,418,398,age_ridge,2.390593,2.414531,-1.0014,closed,closed,closed,closed,closed,closed,2.428928,2.45537,0.026441,1.0886,-1.0886,187,211,0,0.469849,0.026441,0.048293,0.01412,0.038607,0.248925,1.0,0.33773744,125,0.008,0.044214,True,6.419694,6.469402,8.210994,8.257134,0.0,0.0,"argmin val MAE over M_L=['linear_age', 'age_ridge', 'deployable_ridge']",2.414531,-0.143467987,2.390593,2.417135,2.390144,2.414566,2.414531,16.143278,2.428928,2.456689,2.428975,2.455486,2.45537,16.638557
NORAD61594,ONEWEB-0015,72,3000,False,evaluated,1656,1531,125,7.5483,715,418,398,age_ridge,2.390593,2.674791,-11.8882,closed,closed,closed,closed,closed,closed,2.428928,2.649469,0.220541,9.0798,-9.0798,118,280,0,0.296482,0.220541,0.192383,0.183521,0.257777,0.0,0.0,0.0,125,0.164557,0.276683,True,6.419694,6.621834,8.210994,8.382529,0.0,0.0,"argmin val MAE over M_L=['linear_age', 'age_ridge', 'deployable_ridge']",2.674791,-0.403727835,2.390593,2.638552,2.390447,2.678746,2.674791,34.35458,2.428928,2.627222,2.429827,2.652963,2.649469,34.904085
NORAD61594,ONEWEB-0015,96,none,False,evaluated,1680,1680,0,0.0,856,420,404,age_ridge,2.667518,10.195398,-282.2054,closed,closed,closed,closed,closed,closed,3.27862,10.41657,7.13795,217.712,-217.712,23,381,0,0.056931,7.13795,6.646503,6.593906,7.711949,0.0,0.0,0.0,127,6.461765,7.895818,True,8.638962,16.205731,10.77105,17.874291,0.0,0.0,"argmin val MAE over M_L=['linear_age', 'age_ridge', 'deployable_ridge']",10.195398,-7.661255811,2.667518,7.439193,2.677964,10.390088,10.195398,1123.135272,3.27862,7.85775,3.284855,10.629229,10.41657,1161.24051
NORAD61594,ONEWEB-0015,96,150,False,evaluated,1680,1354,326,19.4048,538,416,400,age_ridge,2.050872,2.052545,-0.0816,closed,closed,closed,closed,closed,closed,2.799585,2.801852,0.002266,0.081,-0.081,168,232,0,0.42,0.002266,0.006451,-0.000428,0.004923,0.0016,0.2416,0.0036,127,-0.001307,0.006019,False,7.38287,7.375242,9.152804,9.145866,0.0,0.0,"argmin val MAE over M_L=['linear_age', 'age_ridge', 'deployable_ridge']",2.052545,-0.104216242,2.050872,2.052665,2.051571,2.052558,2.052545,2.598513,2.799585,2.802305,2.800789,2.801851,2.801852,3.318082
NORAD61594,ONEWEB-0015,96,500,False,evaluated,1680,1427,253,15.0595,604,419,404,age_ridge,2.330997,2.341552,-0.4528,closed,closed,closed,closed,closed,closed,3.27862,3.288305,0.009684,0.2954,-0.2954,199,205,0,0.492574,0.009684,0.00158,0.002486,0.0174,0.803584,1.0,0.89287111,127,0.001736,0.018739,True,8.638962,8.636241,10.77105,10.768808,0.0,0.0,"argmin val MAE over M_L=['linear_age', 'age_ridge', 'deployable_ridge']",2.341552,-0.127105388,2.330997,2.33477,2.331942,2.342546,2.341552,3.875716,3.27862,3.283448,3.28,3.28924,3.288305,4.778786
NORAD61594,ONEWEB-0015,96,1500,True,evaluated,1680,1492,188,11.1905,668,420,404,age_ridge,2.667518,2.691306,-0.8917,closed,closed,closed,closed,closed,closed,3.27862,3.305903,0.027283,0.8321,-0.8321,200,204,0,0.49505,0.027283,0.002049,0.010883,0.045439,0.881376,1.0,0.94987506,127,0.007528,0.050224,True,8.638962,8.709785,10.77105,10.838858,0.0,0.0,"argmin val MAE over M_L=['linear_age', 'age_ridge', 'deployable_ridge']",2.691306,-0.157163496,2.667518,2.674186,2.667404,2.694434,2.691306,19.342524,3.27862,3.28201,3.278311,3.309669,3.305903,20.44616
NORAD61594,ONEWEB-0015,96,3000,False,evaluated,1680,1522,158,9.4048,698,420,404,age_ridge,2.667518,2.96681,-11.2199,closed,closed,closed,closed,closed,closed,3.27862,3.56837,0.28975,8.8376,-8.8376,122,282,0,0.30198,0.28975,0.113919,0.234573,0.347428,0.0,0.0,0.0,127,0.224026,0.367666,True,8.638962,8.941982,10.77105,11.044387,0.0,0.0,"argmin val MAE over M_L=['linear_age', 'age_ridge', 'deployable_ridge']",2.96681,-0.432667497,2.667518,2.740879,2.667637,2.987566,2.96681,36.550253,3.27862,3.348945,3.278065,3.59105,3.56837,37.764746
NORAD61594,ONEWEB-0015,168,none,False,evaluated,1677,1677,0,0.0,852,421,404,age_ridge,5.056065,13.307934,-163.2073,closed,closed,closed,closed,closed,closed,8.84915,16.872552,8.023402,90.6686,-90.6686,56,348,0,0.138614,8.023402,6.41911,7.219459,8.853292,0.0,0.0,0.0,127,6.941245,9.089583,True,23.124395,31.97363,29.542103,37.771179,0.000309,0.000309,"argmin val MAE over M_L=['linear_age', 'age_ridge', 'deployable_ridge']",13.307934,-8.504672269,5.056065,12.192587,5.069069,13.442745,13.307934,1704.123714,8.84915,14.938915,8.850853,17.042624,16.872552,1751.088633
NORAD61594,ONEWEB-0015,168,150,False,evaluated,1677,1262,415,24.7466,455,413,394,linear_age,4.568471,4.56715,0.0289,closed,closed,closed,closed,closed,closed,7.088684,7.089253,0.00057,0.008,-0.008,171,223,0,0.43401,0.00057,0.004895,-0.001384,0.002514,0.010099,1.0,0.01961676,126,-0.002448,0.003569,False,18.325809,18.320597,23.049225,23.043528,0.0,0.0,"argmin val MAE over M_L=['linear_age', 'age_ridge', 'deployable_ridge']",4.56715,-0.227102378,4.568471,4.567561,4.571467,4.56715,4.56715,4.863268,7.088684,7.089473,7.099985,7.089253,7.089253,7.320223
NORAD61594,ONEWEB-0015,168,500,False,evaluated,1677,1346,331,19.7376,522,421,403,age_ridge,5.056065,5.060879,-0.0952,closed,closed,closed,closed,closed,closed,8.263608,8.270843,0.007235,0.0875,-0.0875,186,217,0,0.461538,0.007235,0.005895,0.001478,0.013123,0.13497,1.0,0.19698324,127,-0.001205,0.014922,False,21.408905,21.384881,27.03792,27.012553,0.0,0.0,"argmin val MAE over M_L=['linear_age', 'age_ridge', 'deployable_ridge']",5.060879,-0.257617264,5.056065,5.056231,5.066763,5.061454,5.060879,6.190238,8.263608,8.266817,8.280567,8.271335,8.270843,9.221409
NORAD61594,ONEWEB-0015,168,1500,True,evaluated,1677,1393,284,16.935,568,421,404,age_ridge,5.056065,5.073095,-0.3368,closed,closed,closed,closed,closed,closed,8.84915,8.859245,0.010095,0.1141,-0.1141,226,178,0,0.559406,0.010095,-0.012614,-0.000795,0.021742,0.019258,1.0,0.03537184,127,-0.004965,0.027452,False,23.124395,23.142298,29.542103,29.560032,0.000309,0.000309,"argmin val MAE over M_L=['linear_age', 'age_ridge', 'deployable_ridge']",5.073095,-0.269833145,5.056065,5.062109,5.064519,5.074444,5.073095,11.077666,8.84915,8.848753,8.863155,8.860425,8.859245,14.037954
NORAD61594,ONEWEB-0015,168,3000,False,evaluated,1677,1436,241,14.3709,611,421,404,age_ridge,5.056065,5.23826,-3.6035,closed,closed,closed,closed,closed,closed,8.84915,8.997886,0.148736,1.6808,-1.6808,201,203,0,0.497525,0.148736,0.007964,0.092207,0.204765,0.960328,1.0,1.0,127,0.075388,0.230862,True,23.124395,23.331562,29.542103,29.733089,0.000309,0.000309,"argmin val MAE over M_L=['linear_age', 'age_ridge', 'deployable_ridge']",5.23826,-0.434998838,5.056065,5.155685,5.05837,5.248156,5.23826,44.214783,8.84915,8.899898,8.855695,9.009826,8.997886,46.250227
NORAD66514,SENTINEL-6B,8,none,False,evaluated,487,487,0,0.0,290,119,78,age_ridge,0.045403,0.049994,-10.112,closed,closed,closed,closed,closed,closed,0.041419,0.046384,0.004965,11.9877,-11.9877,25,53,0,0.320513,0.004965,0.005216,0.003164,0.006802,0.002031,0.300588,0.00431787,37,0.002829,0.007111,True,0.116859,0.11816,0.135416,0.135482,0.0,0.0,"argmin val MAE over M_L=['linear_age', 'age_ridge', 'deployable_ridge']",0.049994,-0.006861306,0.045403,0.049613,0.045403,0.050174,0.049994,0.06724,0.041419,0.045684,0.041419,0.046695,0.046384,0.062881
NORAD66514,SENTINEL-6B,8,150,False,evaluated,487,487,0,0.0,290,119,78,age_ridge,0.045403,0.049994,-10.112,closed,closed,closed,closed,closed,closed,0.041419,0.046384,0.004965,11.9877,-11.9877,25,53,0,0.320513,0.004965,0.005216,0.003164,0.006802,0.002031,0.300588,0.00431787,37,0.002829,0.007111,True,0.116859,0.11816,0.135416,0.135482,0.0,0.0,"argmin val MAE over M_L=['linear_age', 'age_ridge', 'deployable_ridge']",0.049994,-0.006861306,0.045403,0.049613,0.045403,0.050174,0.049994,0.06724,0.041419,0.045684,0.041419,0.046695,0.046384,0.062881
NORAD66514,SENTINEL-6B,8,500,False,evaluated,487,487,0,0.0,290,119,78,age_ridge,0.045403,0.049994,-10.112,closed,closed,closed,closed,closed,closed,0.041419,0.046384,0.004965,11.9877,-11.9877,25,53,0,0.320513,0.004965,0.005216,0.003164,0.006802,0.002031,0.300588,0.00431787,37,0.002829,0.007111,True,0.116859,0.11816,0.135416,0.135482,0.0,0.0,"argmin val MAE over M_L=['linear_age', 'age_ridge', 'deployable_ridge']",0.049994,-0.006861306,0.045403,0.049613,0.045403,0.050174,0.049994,0.06724,0.041419,0.045684,0.041419,0.046695,0.046384,0.062881
NORAD66514,SENTINEL-6B,8,1500,True,evaluated,487,487,0,0.0,290,119,78,age_ridge,0.045403,0.049994,-10.112,closed,closed,closed,closed,closed,closed,0.041419,0.046384,0.004965,11.9877,-11.9877,25,53,0,0.320513,0.004965,0.005216,0.003164,0.006802,0.002031,0.300588,0.00431787,37,0.002829,0.007111,True,0.116859,0.11816,0.135416,0.135482,0.0,0.0,"argmin val MAE over M_L=['linear_age', 'age_ridge', 'deployable_ridge']",0.049994,-0.006861306,0.045403,0.049613,0.045403,0.050174,0.049994,0.06724,0.041419,0.045684,0.041419,0.046695,0.046384,0.062881
NORAD66514,SENTINEL-6B,8,3000,False,evaluated,487,487,0,0.0,290,119,78,age_ridge,0.045403,0.049994,-10.112,closed,closed,closed,closed,closed,closed,0.041419,0.046384,0.004965,11.9877,-11.9877,25,53,0,0.320513,0.004965,0.005216,0.003164,0.006802,0.002031,0.300588,0.00431787,37,0.002829,0.007111,True,0.116859,0.11816,0.135416,0.135482,0.0,0.0,"argmin val MAE over M_L=['linear_age', 'age_ridge', 'deployable_ridge']",0.049994,-0.006861306,0.045403,0.049613,0.045403,0.050174,0.049994,0.06724,0.041419,0.045684,0.041419,0.046695,0.046384,0.062881
NORAD66514,SENTINEL-6B,24,none,False,evaluated,689,689,0,0.0,402,161,126,age_ridge,0.143756,0.152,-5.7349,closed,closed,closed,closed,closed,closed,0.115621,0.124128,0.008507,7.3575,-7.3575,33,93,0,0.261905,0.008507,0.004854,0.00599,0.01136,0.0,0.0,0.0,46,0.005063,0.01207,True,0.338164,0.328096,0.39321,0.383778,0.0,0.0,"argmin val MAE over M_L=['linear_age', 'age_ridge', 'deployable_ridge']",0.152,-0.015432111,0.143756,0.145747,0.143728,0.152887,0.152,0.381162,0.115621,0.117974,0.115601,0.125032,0.124128,0.382248
NORAD66514,SENTINEL-6B,24,150,False,evaluated,689,688,1,0.1451,401,161,126,age_ridge,0.143756,0.164942,-14.7376,closed,closed,closed,closed,closed,closed,0.115621,0.138579,0.022958,19.8567,-19.8567,16,110,0,0.126984,0.022958,0.013761,0.01777,0.028549,0.0,0.0,0.0,46,0.016031,0.029947,True,0.338164,0.334907,0.39321,0.388599,0.0,0.0,"argmin val MAE over M_L=['linear_age', 'age_ridge', 'deployable_ridge']",0.164942,-0.028374012,0.143756,0.151245,0.143726,0.166915,0.164942,0.247942,0.115621,0.124174,0.115601,0.14089,0.138579,0.253368
NORAD66514,SENTINEL-6B,24,500,False,evaluated,689,689,0,0.0,402,161,126,age_ridge,0.143756,0.152,-5.7349,closed,closed,closed,closed,closed,closed,0.115621,0.124128,0.008507,7.3575,-7.3575,33,93,0,0.261905,0.008507,0.004854,0.00599,0.01136,0.0,0.0,0.0,46,0.005063,0.01207,True,0.338164,0.328096,0.39321,0.383778,0.0,0.0,"argmin val MAE over M_L=['linear_age', 'age_ridge', 'deployable_ridge']",0.152,-0.015432111,0.143756,0.145747,0.143728,0.152887,0.152,0.381162,0.115621,0.117974,0.115601,0.125032,0.124128,0.382248
NORAD66514,SENTINEL-6B,24,1500,True,evaluated,689,689,0,0.0,402,161,126,age_ridge,0.143756,0.152,-5.7349,closed,closed,closed,closed,closed,closed,0.115621,0.124128,0.008507,7.3575,-7.3575,33,93,0,0.261905,0.008507,0.004854,0.00599,0.01136,0.0,0.0,0.0,46,0.005063,0.01207,True,0.338164,0.328096,0.39321,0.383778,0.0,0.0,"argmin val MAE over M_L=['linear_age', 'age_ridge', 'deployable_ridge']",0.152,-0.015432111,0.143756,0.145747,0.143728,0.152887,0.152,0.381162,0.115621,0.117974,0.115601,0.125032,0.124128,0.382248
NORAD66514,SENTINEL-6B,24,3000,False,evaluated,689,689,0,0.0,402,161,126,age_ridge,0.143756,0.152,-5.7349,closed,closed,closed,closed,closed,closed,0.115621,0.124128,0.008507,7.3575,-7.3575,33,93,0,0.261905,0.008507,0.004854,0.00599,0.01136,0.0,0.0,0.0,46,0.005063,0.01207,True,0.338164,0.328096,0.39321,0.383778,0.0,0.0,"argmin val MAE over M_L=['linear_age', 'age_ridge', 'deployable_ridge']",0.152,-0.015432111,0.143756,0.145747,0.143728,0.152887,0.152,0.381162,0.115621,0.117974,0.115601,0.125032,0.124128,0.382248
NORAD66514,SENTINEL-6B,48,none,False,evaluated,687,687,0,0.0,395,163,129,age_ridge,0.292191,0.312571,-6.9749,closed,closed,closed,closed,closed,closed,0.22246,0.247261,0.024801,11.1487,-11.1487,27,102,0,0.209302,0.024801,0.015601,0.018968,0.030781,0.0,0.0,0.0,47,0.016697,0.032818,True,0.642011,0.611255,0.740964,0.699046,0.0,0.0,"argmin val MAE over M_L=['linear_age', 'age_ridge', 'deployable_ridge']",0.312571,-0.03498971,0.292191,0.305672,0.29216,0.313504,0.312571,0.818203,0.22246,0.238468,0.222422,0.248562,0.247261,0.838351
NORAD66514,SENTINEL-6B,48,150,False,evaluated,687,684,3,0.4367,392,163,129,age_ridge,0.292191,0.331374,-13.4102,closed,closed,closed,closed,closed,closed,0.22246,0.268995,0.046536,20.9186,-20.9186,10,119,0,0.077519,0.046536,0.049427,0.040595,0.051845,0.0,0.0,0.0,47,0.03948,0.052761,True,0.642011,0.604261,0.740964,0.692644,0.0,0.0,"argmin val MAE over M_L=['linear_age', 'age_ridge', 'deployable_ridge']",0.331374,-0.053792998,0.292191,0.330985,0.292132,0.331417,0.331374,0.421161,0.22246,0.268515,0.22239,0.269047,0.268995,0.383075
NORAD66514,SENTINEL-6B,48,500,False,evaluated,687,687,0,0.0,395,163,129,age_ridge,0.292191,0.312571,-6.9749,closed,closed,closed,closed,closed,closed,0.22246,0.247261,0.024801,11.1487,-11.1487,27,102,0,0.209302,0.024801,0.015601,0.018968,0.030781,0.0,0.0,0.0,47,0.016697,0.032818,True,0.642011,0.611255,0.740964,0.699046,0.0,0.0,"argmin val MAE over M_L=['linear_age', 'age_ridge', 'deployable_ridge']",0.312571,-0.03498971,0.292191,0.305672,0.29216,0.313504,0.312571,0.818203,0.22246,0.238468,0.222422,0.248562,0.247261,0.838351
NORAD66514,SENTINEL-6B,48,1500,True,evaluated,687,687,0,0.0,395,163,129,age_ridge,0.292191,0.312571,-6.9749,closed,closed,closed,closed,closed,closed,0.22246,0.247261,0.024801,11.1487,-11.1487,27,102,0,0.209302,0.024801,0.015601,0.018968,0.030781,0.0,0.0,0.0,47,0.016697,0.032818,True,0.642011,0.611255,0.740964,0.699046,0.0,0.0,"argmin val MAE over M_L=['linear_age', 'age_ridge', 'deployable_ridge']",0.312571,-0.03498971,0.292191,0.305672,0.29216,0.313504,0.312571,0.818203,0.22246,0.238468,0.222422,0.248562,0.247261,0.838351
NORAD66514,SENTINEL-6B,48,3000,False,evaluated,687,687,0,0.0,395,163,129,age_ridge,0.292191,0.312571,-6.9749,closed,closed,closed,closed,closed,closed,0.22246,0.247261,0.024801,11.1487,-11.1487,27,102,0,0.209302,0.024801,0.015601,0.018968,0.030781,0.0,0.0,0.0,47,0.016697,0.032818,True,0.642011,0.611255,0.740964,0.699046,0.0,0.0,"argmin val MAE over M_L=['linear_age', 'age_ridge', 'deployable_ridge']",0.312571,-0.03498971,0.292191,0.305672,0.29216,0.313504,0.312571,0.818203,0.22246,0.238468,0.222422,0.248562,0.247261,0.838351
NORAD66514,SENTINEL-6B,72,none,False,evaluated,688,688,0,0.0,398,163,127,age_ridge,0.451209,12.218224,-2607.8846,closed,closed,closed,closed,closed,closed,0.325852,13.879743,13.553892,4159.5302,-4159.5302,0,127,0,0.0,13.553892,8.124767,11.829986,15.381547,0.0,0.0,0.0,46,11.664058,15.484546,True,0.959541,15.942259,1.08834,16.132485,0.0,0.0,"argmin val MAE over M_L=['linear_age', 'age_ridge', 'deployable_ridge']",12.218224,-11.789575519,0.451209,8.879663,0.451159,12.825768,12.218224,79.201748,0.325852,8.864465,0.325752,14.723617,13.879743,82.195774
NORAD66514,SENTINEL-6B,72,150,False,evaluated,688,678,10,1.4535,388,163,127,linear_age,0.451209,0.503131,-11.5073,closed,closed,closed,closed,closed,closed,0.325852,0.388446,0.062595,19.2096,-19.2096,10,117,0,0.07874,0.062595,0.052683,0.054844,0.070608,0.0,0.0,0.0,46,0.053818,0.07124,True,0.959541,0.904132,1.08834,1.012645,0.0,0.0,"argmin val MAE over M_L=['linear_age', 'age_ridge', 'deployable_ridge']",0.503131,-0.074482329,0.451209,0.506086,0.451049,0.503131,0.503131,0.683025,0.325852,0.39732,0.325515,0.388446,0.388446,0.634509
NORAD66514,SENTINEL-6B,72,500,False,evaluated,688,679,9,1.3081,389,163,127,age_ridge,0.451209,0.491925,-9.0237,closed,closed,closed,closed,closed,closed,0.325852,0.381656,0.055804,17.1257,-17.1257,15,112,0,0.11811,0.055804,0.056719,0.04886,0.063109,0.0,0.0,0.0,46,0.047833,0.062792,True,0.959541,0.89551,1.08834,1.000161,0.0,0.0,"argmin val MAE over M_L=['linear_age', 'age_ridge', 'deployable_ridge']",0.491925,-0.063276091,0.451209,0.490204,0.451062,0.492134,0.491925,0.916493,0.325852,0.377942,0.325546,0.382078,0.381656,0.902872
NORAD66514,SENTINEL-6B,72,1500,True,evaluated,688,680,8,1.1628,390,163,127,age_ridge,0.451209,0.481816,-6.7833,closed,closed,closed,closed,closed,closed,0.325852,0.371586,0.045735,14.0354,-14.0354,18,109,0,0.141732,0.045735,0.03676,0.038333,0.05374,0.0,0.0,0.0,46,0.036513,0.054031,True,0.959541,0.905513,1.08834,1.01115,0.0,0.0,"argmin val MAE over M_L=['linear_age', 'age_ridge', 'deployable_ridge']",0.481816,-0.05316738,0.451209,0.475837,0.451077,0.482681,0.481816,1.27182,0.325852,0.359811,0.325577,0.373073,0.371586,1.339973
NORAD66514,SENTINEL-6B,72,3000,False,evaluated,688,681,7,1.0174,391,163,127,age_ridge,0.451209,0.94789,-110.0778,closed,closed,closed,closed,closed,closed,0.325852,0.977717,0.651865,200.0498,-200.0498,11,116,0,0.086614,0.651865,0.32357,0.515857,0.79246,0.0,0.0,0.0,46,0.506479,0.803399,True,0.959541,1.67047,1.08834,1.807066,0.0,0.0,"argmin val MAE over M_L=['linear_age', 'age_ridge', 'deployable_ridge']",0.94789,-0.519241616,0.451209,0.537512,0.451077,1.008515,0.94789,2.945387,0.325852,0.426046,0.325577,1.053608,0.977717,2.913881
NORAD66514,SENTINEL-6B,96,none,False,evaluated,698,698,0,0.0,404,163,131,age_ridge,0.612175,10.672303,-1643.3425,closed,closed,closed,closed,closed,closed,0.437529,14.168575,13.731045,3138.3136,-3138.3136,0,131,0,0.0,13.731045,8.144671,11.874905,15.871773,0.0,0.0,0.0,49,11.289956,16.516946,True,1.285116,16.59238,1.457956,16.805015,0.0,0.0,"argmin val MAE over M_L=['linear_age', 'age_ridge', 'deployable_ridge']",10.672303,-10.090737052,0.612175,7.919544,0.612565,11.236473,10.672303,126.302659,0.437529,7.903391,0.437791,15.202111,14.168575,134.360339
NORAD66514,SENTINEL-6B,96,150,False,evaluated,698,682,16,2.2923,388,163,131,age_ridge,0.612175,0.669859,-9.4228,closed,closed,closed,closed,closed,closed,0.437529,0.514663,0.077134,17.6294,-17.6294,16,115,0,0.122137,0.077134,0.064912,0.065492,0.089962,0.0,0.0,0.0,49,0.065344,0.090342,True,1.285116,1.201024,1.457956,1.345083,0.0,0.0,"argmin val MAE over M_L=['linear_age', 'age_ridge', 'deployable_ridge']",0.669859,-0.088292652,0.612175,0.663206,0.611813,0.670683,0.669859,0.862867,0.437529,0.496887,0.437324,0.516895,0.514663,0.783213
NORAD66514,SENTINEL-6B,96,500,False,evaluated,698,683,15,2.149,389,163,131,age_ridge,0.612175,0.66433,-8.5197,closed,closed,closed,closed,closed,closed,0.437529,0.517787,0.080258,18.3434,-18.3434,19,112,0,0.145038,0.080258,0.049084,0.063669,0.099,0.0,0.0,0.0,49,0.059969,0.102585,True,1.285116,1.227193,1.457956,1.37042,0.0,0.0,"argmin val MAE over M_L=['linear_age', 'age_ridge', 'deployable_ridge']",0.66433,-0.082764036,0.612175,0.648635,0.611841,0.666582,0.66433,1.142845,0.437529,0.478746,0.437339,0.523031,0.517787,1.077417
NORAD66514,SENTINEL-6B,96,1500,True,evaluated,698,684,14,2.0057,390,163,131,age_ridge,0.612175,0.676026,-10.4302,closed,closed,closed,closed,closed,closed,0.437529,0.556793,0.119264,27.2585,-27.2585,8,123,0,0.061069,0.119264,0.045251,0.089748,0.154189,0.0,0.0,0.0,49,0.079947,0.165006,True,1.285116,1.32191,1.457956,1.472194,0.0,0.0,"argmin val MAE over M_L=['linear_age', 'age_ridge', 'deployable_ridge']",0.676026,-0.094459728,0.612175,0.632507,0.611874,0.683088,0.676026,1.574627,0.437529,0.459292,0.437357,0.571663,0.556793,1.625376
NORAD66514,SENTINEL-6B,96,3000,False,evaluated,698,686,12,1.7192,392,163,131,age_ridge,0.612175,0.742482,-21.286,closed,closed,closed,closed,closed,closed,0.437529,0.632405,0.194875,44.5399,-44.5399,2,129,0,0.015267,0.194875,0.161845,0.16916,0.223487,0.0,0.0,0.0,49,0.168733,0.223679,True,1.285116,1.61338,1.457956,1.793165,0.0,0.0,"argmin val MAE over M_L=['linear_age', 'age_ridge', 'deployable_ridge']",0.742482,-0.16091636,0.612175,0.708017,0.611928,0.750267,0.742482,4.007641,0.437529,0.565005,0.437385,0.648121,0.632405,3.985867
NORAD66514,SENTINEL-6B,168,none,False,evaluated,686,686,0,0.0,389,163,134,age_ridge,1.300264,7.388475,-468.2289,closed,closed,closed,closed,closed,closed,0.778237,9.340211,8.561974,1100.1755,-1100.1755,0,134,0,0.0,8.561974,5.81438,7.003523,10.318771,0.0,0.0,0.0,49,6.738159,11.072508,True,2.220821,11.93319,2.588541,12.256517,0.0,0.0,"argmin val MAE over M_L=['linear_age', 'age_ridge', 'deployable_ridge']",7.388475,-6.153224267,1.300264,4.780866,1.304407,7.890269,7.388475,213.738103,0.778237,4.486208,0.780605,10.189292,9.340211,220.814161
NORAD66514,SENTINEL-6B,168,150,False,evaluated,686,660,26,3.7901,363,163,134,linear_age,1.300264,1.330194,-2.3018,closed,closed,closed,closed,closed,closed,0.778237,0.805763,0.027526,3.5369,-3.5369,47,87,0,0.350746,0.027526,0.037536,0.015394,0.039307,0.000695,0.109115,0.00164605,49,0.011279,0.042683,True,2.220821,2.125614,2.588541,2.51173,0.0,0.0,"argmin val MAE over M_L=['linear_age', 'age_ridge', 'deployable_ridge']",1.330194,-0.094943074,1.300264,1.33043,1.301208,1.330194,1.330194,1.543252,0.778237,0.806009,0.778589,0.805763,0.805763,1.094339
NORAD66514,SENTINEL-6B,168,500,False,evaluated,686,669,17,2.4781,372,163,134,age_ridge,1.300264,1.361424,-4.7037,closed,closed,closed,closed,closed,closed,0.778237,0.852758,0.074521,9.5757,-9.5757,37,97,0,0.276119,0.074521,0.064311,0.054534,0.094911,0.0,0.0,0.0,49,0.052686,0.095618,True,2.220821,2.154115,2.588541,2.542005,0.0,0.0,"argmin val MAE over M_L=['linear_age', 'age_ridge', 'deployable_ridge']",1.361424,-0.126173065,1.300264,1.346122,1.302246,1.363375,1.361424,2.172006,0.778237,0.823328,0.779187,0.857574,0.852758,2.042217
NORAD66514,SENTINEL-6B,168,1500,True,evaluated,686,670,16,2.3324,373,163,134,age_ridge,1.300264,1.406177,-8.1455,closed,closed,closed,closed,closed,closed,0.778237,0.931848,0.153611,19.7383,-19.7383,26,108,0,0.19403,0.153611,0.124718,0.121566,0.187099,0.0,0.0,0.0,49,0.122244,0.185347,True,2.220821,2.2115,2.588541,2.607608,0.0,0.0,"argmin val MAE over M_L=['linear_age', 'age_ridge', 'deployable_ridge']",1.406177,-0.170926287,1.300264,1.376293,1.302407,1.410429,1.406177,2.732649,0.778237,0.859922,0.779291,0.943554,0.931848,2.834975
NORAD66514,SENTINEL-6B,168,3000,False,evaluated,686,673,13,1.895,376,163,134,age_ridge,1.300264,1.525767,-17.3429,closed,closed,closed,closed,closed,closed,0.778237,1.231491,0.453254,58.2411,-58.2411,13,121,0,0.097015,0.453254,0.21265,0.336387,0.582641,0.0,0.0,0.0,49,0.311183,0.645579,True,2.220821,2.824653,2.588541,3.193356,0.0,0.0,"argmin val MAE over M_L=['linear_age', 'age_ridge', 'deployable_ridge']",1.525767,-0.290516144,1.300264,1.326732,1.302573,1.560641,1.525767,6.231522,0.778237,0.820611,0.779398,1.299635,1.231491,6.737661
NORAD66704,FLOCK 4H 1,8,none,False,evaluated,453,453,0,0.0,276,105,72,age_ridge,0.241628,0.269031,-11.341,closed,closed,closed,closed,closed,closed,0.23766,0.267136,0.029476,12.4025,-12.4025,26,46,0,0.361111,0.029476,0.025633,0.018508,0.040268,0.024461,1.0,0.04373821,33,0.015748,0.042611,True,0.678661,0.727309,1.03378,1.080891,0.0,0.0,"argmin val MAE over M_L=['linear_age', 'age_ridge', 'deployable_ridge']",0.269031,-0.039484567,0.241628,0.255562,0.240131,0.27312,0.269031,1.684574,0.23766,0.249345,0.237124,0.271877,0.267136,1.941391
NORAD66704,FLOCK 4H 1,8,150,False,evaluated,453,450,3,0.6623,273,105,72,age_ridge,0.241628,0.255788,-5.8601,closed,closed,closed,closed,closed,closed,0.23766,0.24878,0.01112,4.6789,-4.6789,21,51,0,0.291667,0.01112,0.009682,0.004033,0.017957,0.000535,0.085065,0.00128973,33,0.001781,0.019769,True,0.678661,0.715329,1.03378,1.069808,0.0,0.0,"argmin val MAE over M_L=['linear_age', 'age_ridge', 'deployable_ridge']",0.255788,-0.026241077,0.241628,0.244075,0.240162,0.259528,0.255788,0.580149,0.23766,0.239115,0.237126,0.25285,0.24878,0.48024
NORAD66704,FLOCK 4H 1,8,500,False,evaluated,453,451,2,0.4415,274,105,72,age_ridge,0.241628,0.281055,-16.3171,closed,closed,closed,closed,closed,closed,0.23766,0.277933,0.040273,16.9457,-16.9457,18,54,0,0.25,0.040273,0.027317,0.024638,0.055121,2.6e-05,0.004498,7.163e-05,33,0.020157,0.060228,True,0.678661,0.752928,1.03378,1.10593,0.0,0.0,"argmin val MAE over M_L=['linear_age', 'age_ridge', 'deployable_ridge']",0.281055,-0.051508127,0.241628,0.247043,0.240131,0.290554,0.281055,0.599842,0.23766,0.241489,0.237124,0.288159,0.277933,0.623762
NORAD66704,FLOCK 4H 1,8,1500,True,evaluated,453,452,1,0.2208,275,105,72,age_ridge,0.241628,0.2712,-12.2386,closed,closed,closed,closed,closed,closed,0.23766,0.269705,0.032045,13.4835,-13.4835,20,52,0,0.277778,0.032045,0.033674,0.022819,0.041121,0.000208,0.03432,0.00052981,33,0.020707,0.042844,True,0.678661,0.716426,1.03378,1.069133,0.0,0.0,"argmin val MAE over M_L=['linear_age', 'age_ridge', 'deployable_ridge']",0.2712,-0.041653396,0.241628,0.265422,0.240192,0.272751,0.2712,0.638988,0.23766,0.259672,0.237128,0.271866,0.269705,0.791903
NORAD66704,FLOCK 4H 1,8,3000,False,evaluated,453,453,0,0.0,276,105,72,age_ridge,0.241628,0.269031,-11.341,closed,closed,closed,closed,closed,closed,0.23766,0.267136,0.029476,12.4025,-12.4025,26,46,0,0.361111,0.029476,0.025633,0.018508,0.040268,0.024461,1.0,0.04373821,33,0.015748,0.042611,True,0.678661,0.727309,1.03378,1.080891,0.0,0.0,"argmin val MAE over M_L=['linear_age', 'age_ridge', 'deployable_ridge']",0.269031,-0.039484567,0.241628,0.255562,0.240131,0.27312,0.269031,1.684574,0.23766,0.249345,0.237124,0.271877,0.267136,1.941391
NORAD66704,FLOCK 4H 1,24,none,False,evaluated,581,581,0,0.0,357,125,99,age_ridge,0.760135,0.808022,-6.2997,closed,closed,closed,closed,closed,closed,0.883698,0.899632,0.015934,1.8031,-1.8031,48,51,0,0.484848,0.015934,0.001145,-0.011334,0.042328,0.840822,1.0,0.91507012,40,-0.009928,0.042509,False,2.388986,2.480246,3.405874,3.487438,0.0,0.0,"argmin val MAE over M_L=['linear_age', 'age_ridge', 'deployable_ridge']",0.808022,-0.085893096,0.760135,0.758171,0.758292,0.81783,0.808022,2.66714,0.883698,0.876824,0.877684,0.906874,0.899632,3.248458
NORAD66704,FLOCK 4H 1,24,150,False,evaluated,581,571,10,1.7212,347,125,99,age_ridge,0.760135,0.760845,-0.0934,closed,closed,closed,closed,closed,closed,0.883698,0.881692,-0.002007,-0.2271,0.2271,61,38,0,0.616162,-0.002007,-0.000931,-0.003489,-0.000507,0.026525,1.0,0.04711678,40,-0.003698,-0.000418,True,2.388986,2.392582,3.405874,3.409539,0.0,0.0,"argmin val MAE over M_L=['linear_age', 'age_ridge', 'deployable_ridge']",0.760845,-0.038716776,0.760135,0.759821,0.75828,0.760979,0.760845,0.773722,0.883698,0.882887,0.877611,0.881565,0.881692,0.874792
NORAD66704,FLOCK 4H 1,24,500,False,evaluated,581,576,5,0.8606,352,125,99,age_ridge,0.760135,0.763119,-0.3925,closed,closed,closed,closed,closed,closed,0.883698,0.875323,-0.008375,-0.9478,0.9478,59,40,0,0.59596,-0.008375,-0.010878,-0.014491,-0.002076,0.069901,1.0,0.11101924,40,-0.015575,-0.001214,True,2.388986,2.410812,3.405874,3.428043,0.0,0.0,"argmin val MAE over M_L=['linear_age', 'age_ridge', 'deployable_ridge']",0.763119,-0.040990612,0.760135,0.758482,0.758274,0.763936,0.763119,1.249927,0.883698,0.878553,0.877574,0.875264,0.875323,1.432333
NORAD66704,FLOCK 4H 1,24,1500,True,evaluated,581,581,0,0.0,357,125,99,age_ridge,0.760135,0.808022,-6.2997,closed,closed,closed,closed,closed,closed,0.883698,0.899632,0.015934,1.8031,-1.8031,48,51,0,0.484848,0.015934,0.001145,-0.011334,0.042328,0.840822,1.0,0.91507012,40,-0.009928,0.042509,False,2.388986,2.480246,3.405874,3.487438,0.0,0.0,"argmin val MAE over M_L=['linear_age', 'age_ridge', 'deployable_ridge']",0.808022,-0.085893096,0.760135,0.758171,0.758292,0.81783,0.808022,2.66714,0.883698,0.876824,0.877684,0.906874,0.899632,3.248458
NORAD66704,FLOCK 4H 1,24,3000,False,evaluated,581,581,0,0.0,357,125,99,age_ridge,0.760135,0.808022,-6.2997,closed,closed,closed,closed,closed,closed,0.883698,0.899632,0.015934,1.8031,-1.8031,48,51,0,0.484848,0.015934,0.001145,-0.011334,0.042328,0.840822,1.0,0.91507012,40,-0.009928,0.042509,False,2.388986,2.480246,3.405874,3.487438,0.0,0.0,"argmin val MAE over M_L=['linear_age', 'age_ridge', 'deployable_ridge']",0.808022,-0.085893096,0.760135,0.758171,0.758292,0.81783,0.808022,2.66714,0.883698,0.876824,0.877684,0.906874,0.899632,3.248458
NORAD66704,FLOCK 4H 1,48,none,False,evaluated,598,598,0,0.0,365,128,105,age_ridge,1.906867,2.111675,-10.7406,closed,closed,closed,closed,closed,closed,2.128672,2.278358,0.149685,7.0319,-7.0319,48,57,0,0.457143,0.149685,0.025321,0.065403,0.242776,0.435114,1.0,0.54642223,40,0.059336,0.254576,True,5.807978,5.997655,7.960019,8.09458,0.0,0.0,"argmin val MAE over M_L=['linear_age', 'age_ridge', 'deployable_ridge']",2.111675,-0.300151516,1.906867,1.909871,1.898289,2.14864,2.111675,11.413135,2.128672,2.131824,2.118533,2.311481,2.278358,16.661366
NORAD66704,FLOCK 4H 1,48,150,False,evaluated,598,590,8,1.3378,357,128,105,age_ridge,1.906867,1.908764,-0.0995,closed,closed,closed,closed,closed,closed,2.128672,2.125976,-0.002697,-0.1267,0.1267,52,53,0,0.495238,-0.002697,8.9e-05,-0.009997,0.00445,1.0,1.0,1.0,40,-0.011353,0.005981,False,5.807978,5.810598,7.960019,7.962464,0.0,0.0,"argmin val MAE over M_L=['linear_age', 'age_ridge', 'deployable_ridge']",1.908764,-0.097240298,1.906867,1.903531,1.898406,1.90967,1.908764,1.930768,2.128672,2.12489,2.118688,2.126278,2.125976,2.166285
NORAD66704,FLOCK 4H 1,48,500,False,evaluated,598,592,6,1.0033,359,128,105,age_ridge,1.906867,1.909921,-0.1602,closed,closed,closed,closed,closed,closed,2.128672,2.125863,-0.002809,-0.132,0.132,53,52,0,0.504762,-0.002809,-0.000186,-0.011936,0.006026,1.0,1.0,1.0,40,-0.013546,0.008072,False,5.807978,5.811185,7.960019,7.962802,0.0,0.0,"argmin val MAE over M_L=['linear_age', 'age_ridge', 'deployable_ridge']",1.909921,-0.098397341,1.906867,1.902909,1.898298,1.911174,1.909921,1.961801,2.128672,2.124126,2.118545,2.126422,2.125863,2.212796
NORAD66704,FLOCK 4H 1,48,1500,True,evaluated,598,595,3,0.5017,362,128,105,age_ridge,1.906867,1.968736,-3.2445,closed,closed,closed,closed,closed,closed,2.128672,2.170655,0.041982,1.9722,-1.9722,48,57,0,0.457143,0.041982,0.003831,0.009304,0.077129,0.435114,1.0,0.54642223,40,0.006447,0.083938,True,5.807978,5.820869,7.960019,7.95018,0.0,0.0,"argmin val MAE over M_L=['linear_age', 'age_ridge', 'deployable_ridge']",1.968736,-0.157212183,1.906867,1.916702,1.898422,1.978082,1.968736,2.792069,2.128672,2.138627,2.11871,2.177554,2.170655,3.307836
NORAD66704,FLOCK 4H 1,48,3000,False,evaluated,598,596,2,0.3344,363,128,105,age_ridge,1.906867,2.065202,-8.3034,closed,closed,closed,closed,closed,closed,2.128672,2.247476,0.118803,5.5811,-5.5811,44,61,0,0.419048,0.118803,0.01377,0.05417,0.188622,0.118,1.0,0.17409836,40,0.04752,0.201138,True,5.807978,5.910175,7.960019,8.009253,0.0,0.0,"argmin val MAE over M_L=['linear_age', 'age_ridge', 'deployable_ridge']",2.065202,-0.253678963,1.906867,1.935659,1.898381,2.088987,2.065202,3.322771,2.128672,2.1571,2.118655,2.265052,2.247476,4.018937
NORAD66704,FLOCK 4H 1,72,none,False,evaluated,589,589,0,0.0,358,128,103,age_ridge,4.075125,4.162559,-2.1456,closed,closed,closed,closed,closed,closed,4.173529,4.297516,0.123987,2.9708,-2.9708,48,55,0,0.466019,0.123987,0.006618,0.054578,0.198829,0.554601,1.0,0.67103799,40,0.041784,0.20055,True,11.503069,11.555756,16.301634,16.309503,0.0,0.0,"argmin val MAE over M_L=['linear_age', 'age_ridge', 'deployable_ridge']",4.162559,-0.291190492,4.075125,4.078233,4.056555,4.180669,4.162559,13.075597,4.173529,4.174102,4.178373,4.324414,4.297516,17.787535
NORAD66704,FLOCK 4H 1,72,150,False,evaluated,589,568,21,3.5654,337,128,103,linear_age,4.075125,4.070276,0.119,closed,closed,closed,closed,closed,closed,4.173529,4.172696,-0.000832,-0.0199,0.0199,52,51,0,0.504854,-0.000832,-0.001831,-0.005021,0.003207,1.0,1.0,1.0,40,-0.007555,0.005745,False,11.503069,11.50433,16.301634,16.302759,0.0,0.0,"argmin val MAE over M_L=['linear_age', 'age_ridge', 'deployable_ridge']",4.070276,-0.19890771,4.075125,4.070612,4.056898,4.070276,4.070276,4.112875,4.173529,4.173013,4.177873,4.172696,4.172696,4.261996
NORAD66704,FLOCK 4H 1,72,500,False,evaluated,589,582,7,1.1885,351,128,103,linear_age,4.075125,4.069991,0.126,closed,closed,closed,closed,closed,closed,4.173529,4.172813,-0.000716,-0.0171,0.0171,52,51,0,0.504854,-0.000716,-0.003199,-0.005229,0.003667,1.0,1.0,1.0,40,-0.007972,0.006188,False,11.503069,11.503937,16.301634,16.30244,0.0,0.0,"argmin val MAE over M_L=['linear_age', 'age_ridge', 'deployable_ridge']",4.069991,-0.198622176,4.075125,4.070202,4.056751,4.069991,4.069991,4.311858,4.173529,4.172997,4.17808,4.172813,4.172813,4.715128
NORAD66704,FLOCK 4H 1,72,1500,True,evaluated,589,586,3,0.5093,355,128,103,age_ridge,4.075125,4.064763,0.2543,closed,closed,closed,closed,closed,closed,4.173529,4.197192,0.023664,0.567,-0.567,55,48,0,0.533981,0.023664,-0.017032,-0.020573,0.069009,0.554601,1.0,0.67103799,40,-0.042549,0.09219,False,11.503069,11.565155,16.301634,16.359434,0.0,0.0,"argmin val MAE over M_L=['linear_age', 'age_ridge', 'deployable_ridge']",4.064763,-0.193394304,4.075125,4.053799,4.056703,4.068125,4.064763,5.267435,4.173529,4.185825,4.178151,4.200975,4.197192,5.801641
NORAD66704,FLOCK 4H 1,72,3000,False,evaluated,589,587,2,0.3396,356,128,103,linear_age,4.075125,4.085286,-0.2493,closed,closed,closed,closed,closed,closed,4.173529,4.174754,0.001226,0.0294,-0.0294,50,53,0,0.485437,0.001226,0.004925,-0.009171,0.011807,0.843898,1.0,0.91507012,40,-0.013458,0.017028,False,11.503069,11.5067,16.301634,16.305341,0.0,0.0,"argmin val MAE over M_L=['linear_age', 'age_ridge', 'deployable_ridge']",4.085286,-0.213917221,4.075125,4.087014,4.056832,4.085286,4.085286,4.426806,4.173529,4.176533,4.177964,4.174754,4.174754,4.223134
NORAD66704,FLOCK 4H 1,96,none,False,evaluated,600,600,0,0.0,365,128,107,age_ridge,6.821142,7.116493,-4.3299,closed,closed,closed,closed,closed,closed,7.552705,7.91182,0.359115,4.7548,-4.7548,37,70,0,0.345794,0.359115,0.341087,0.21129,0.511078,0.00184,0.27416,0.00407213,42,0.182036,0.530266,True,20.770611,20.555944,29.397848,29.090548,0.0,0.0,"argmin val MAE over M_L=['linear_age', 'age_ridge', 'deployable_ridge']",7.116493,-0.636407982,6.821142,6.963609,6.810189,7.143598,7.116493,39.506715,7.552705,7.686421,7.532437,7.953156,7.91182,58.418748
NORAD66704,FLOCK 4H 1,96,150,False,evaluated,600,565,35,5.8333,331,128,106,deployable_ridge,6.821142,6.823093,-0.0286,closed,closed,closed,closed,closed,closed,7.450684,7.499862,0.049178,0.66,-0.66,49,57,0,0.462264,0.049178,0.126288,-0.047039,0.143118,0.496754,1.0,0.61808101,42,-0.042245,0.144043,False,20.684742,20.654933,28.477378,28.443914,0.0,0.0,"argmin val MAE over M_L=['linear_age', 'age_ridge', 'deployable_ridge']",6.823093,-0.343008046,6.821142,6.823017,6.81073,6.825515,6.825218,6.823093,7.450684,7.452715,7.434538,7.458853,7.458138,7.499862
NORAD66704,FLOCK 4H 1,96,500,False,evaluated,600,591,9,1.5,356,128,107,linear_age,6.821142,6.815286,0.0858,closed,closed,closed,closed,closed,closed,7.552705,7.538402,-0.014303,-0.1894,0.1894,59,48,0,0.551402,-0.014303,-0.01375,-0.029349,0.001302,0.333705,1.0,0.44166838,42,-0.033284,0.004636,False,20.770611,20.813424,29.397848,29.441905,0.0,0.0,"argmin val MAE over M_L=['linear_age', 'age_ridge', 'deployable_ridge']",6.815286,-0.335201437,6.821142,6.819093,6.81096,6.815286,6.815286,7.144475,7.552705,7.550052,7.53535,7.538402,7.538402,7.905688
NORAD66704,FLOCK 4H 1,96,1500,True,evaluated,600,596,4,0.6667,361,128,107,age_ridge,6.821142,6.837257,-0.2363,closed,closed,closed,closed,closed,closed,7.552705,7.597661,0.044956,0.5952,-0.5952,53,54,0,0.495327,0.044956,0.017675,-0.009067,0.098525,1.0,1.0,1.0,42,-0.02169,0.117833,False,20.770611,20.710422,29.397848,29.335547,0.0,0.0,"argmin val MAE over M_L=['linear_age', 'age_ridge', 'deployable_ridge']",6.837257,-0.357172583,6.821142,6.810521,6.810244,6.841708,6.837257,7.071753,7.552705,7.533908,7.532706,7.607885,7.597661,7.908217
NORAD66704,FLOCK 4H 1,96,3000,False,evaluated,600,597,3,0.5,362,128,107,age_ridge,6.821142,6.833347,-0.1789,closed,closed,closed,closed,closed,closed,7.552705,7.588567,0.035862,0.4748,-0.4748,53,54,0,0.495327,0.035862,0.016356,-0.01082,0.08209,1.0,1.0,1.0,42,-0.021996,0.098857,False,20.770611,20.718166,29.397848,29.342123,0.0,0.0,"argmin val MAE over M_L=['linear_age', 'age_ridge', 'deployable_ridge']",6.833347,-0.353261728,6.821142,6.81112,6.81034,6.837085,6.833347,7.078399,7.552705,7.535838,7.533175,7.596485,7.588567,7.728912
NORAD66704,FLOCK 4H 1,168,none,False,evaluated,590,590,0,0.0,354,128,108,age_ridge,25.549213,26.479509,-3.6412,closed,closed,closed,closed,closed,closed,22.841426,23.99393,1.152503,5.0457,-5.0457,45,63,0,0.416667,1.152503,1.335622,0.503789,1.756485,0.101433,1.0,0.1521495,42,0.265069,2.071608,True,63.737147,64.850933,88.262663,89.206501,0.000386,0.000386,"argmin val MAE over M_L=['linear_age', 'age_ridge', 'deployable_ridge']",26.479509,-2.207755886,25.549213,26.454883,25.530954,26.501864,26.479509,99.736377,22.841426,23.890982,22.840722,24.029358,23.99393,118.690714
NORAD66704,FLOCK 4H 1,168,150,False,evaluated,590,412,178,30.1695,225,96,91,age_ridge,15.383139,15.377648,0.0357,closed,closed,closed,closed,closed,closed,16.100211,16.099241,-0.000969,-0.006,0.006,47,44,0,0.516484,-0.000969,-0.008326,-0.007066,0.005469,0.834081,1.0,0.91507012,39,-0.010773,0.008453,False,45.600331,45.601118,56.732849,56.735955,0.0,0.0,"argmin val MAE over M_L=['linear_age', 'age_ridge', 'deployable_ridge']",15.377648,-0.763666732,15.383139,15.377409,15.344612,15.377693,15.377648,15.568166,16.100211,16.098729,16.10737,16.099336,16.099241,16.343253
NORAD66704,FLOCK 4H 1,168,500,False,evaluated,590,550,40,6.7797,316,127,107,age_ridge,25.069272,25.067147,0.0085,closed,closed,closed,closed,closed,closed,22.160003,22.158664,-0.001339,-0.006,0.006,56,51,0,0.523364,-0.001339,-0.008032,-0.005076,0.002024,0.699175,1.0,0.79318172,42,-0.006842,0.004088,False,62.513048,62.514661,82.437051,82.439846,0.0,0.0,"argmin val MAE over M_L=['linear_age', 'age_ridge', 'deployable_ridge']",25.067147,-1.251338905,25.069272,25.067098,25.047097,25.067154,25.067147,25.192903,22.160003,22.15864,22.161537,22.158667,22.158664,22.186967
NORAD66704,FLOCK 4H 1,168,1500,True,evaluated,590,574,16,2.7119,338,128,108,age_ridge,25.549213,25.539274,0.0389,closed,closed,closed,closed,closed,closed,22.841426,22.835823,-0.005603,-0.0245,0.0245,55,53,0,0.509259,-0.005603,-0.027874,-0.03372,0.021937,0.923401,1.0,0.98156799,42,-0.048186,0.03636,False,63.737147,63.751861,88.262663,88.28293,0.000386,0.000386,"argmin val MAE over M_L=['linear_age', 'age_ridge', 'deployable_ridge']",25.539274,-1.267521413,25.549213,25.536759,25.531325,25.539597,25.539274,26.519019,22.841426,22.833297,22.843459,22.836182,22.835823,23.804155
NORAD66704,FLOCK 4H 1,168,3000,False,evaluated,590,581,9,1.5254,345,128,108,age_ridge,25.549213,25.557621,-0.0329,closed,closed,closed,closed,closed,closed,22.841426,22.848912,0.007486,0.0328,-0.0328,58,50,0,0.537037,0.007486,-0.004649,-0.005981,0.020936,0.500766,1.0,0.62021477,42,-0.006408,0.022076,False,63.737147,63.73277,88.262663,88.250043,0.000386,0.000386,"argmin val MAE over M_L=['linear_age', 'age_ridge', 'deployable_ridge']",25.557621,-1.285868132,25.549213,25.553472,25.530869,25.558135,25.557621,30.104,22.841426,22.84509,22.839459,22.849427,22.848912,26.494058
NORAD66705,FLOCK 4H 2,8,none,False,evaluated,478,478,0,0.0,294,113,71,age_ridge,0.264916,0.390926,-47.5659,closed,closed,closed,closed,closed,closed,0.260948,0.383108,0.12216,46.814,-46.814,14,57,0,0.197183,0.12216,0.0997,0.092492,0.150675,0.0,0.0,0.0,33,0.090752,0.156142,True,0.720315,0.81945,0.984265,1.057833,0.0,0.0,"argmin val MAE over M_L=['linear_age', 'age_ridge', 'deployable_ridge']",0.390926,-0.139255496,0.264916,0.265732,0.265595,0.417161,0.390926,3.524075,0.260948,0.260972,0.260888,0.408415,0.383108,3.939849
NORAD66705,FLOCK 4H 2,8,150,False,evaluated,478,469,9,1.8828,285,113,71,age_ridge,0.264916,0.265336,-0.1586,closed,closed,closed,closed,closed,closed,0.260948,0.260856,-9.2e-05,-0.0353,0.0353,36,35,0,0.507042,-9.2e-05,-0.001582,-0.001501,0.001246,1.0,1.0,1.0,33,-0.001952,0.001558,False,0.720315,0.720876,0.984265,0.985153,0.0,0.0,"argmin val MAE over M_L=['linear_age', 'age_ridge', 'deployable_ridge']",0.265336,-0.013665881,0.264916,0.265125,0.26557,0.265368,0.265336,0.303455,0.260948,0.26068,0.260872,0.260883,0.260856,0.295402
NORAD66705,FLOCK 4H 2,8,500,False,evaluated,478,474,4,0.8368,290,113,71,age_ridge,0.264916,0.292123,-10.2702,closed,closed,closed,closed,closed,closed,0.260948,0.288518,0.02757,10.5652,-10.5652,24,47,0,0.338028,0.02757,0.014415,0.016892,0.039015,0.008555,1.0,0.01673804,33,0.014767,0.043117,True,0.720315,0.723451,0.984265,0.982618,0.0,0.0,"argmin val MAE over M_L=['linear_age', 'age_ridge', 'deployable_ridge']",0.292123,-0.040453153,0.264916,0.270183,0.26556,0.298138,0.292123,1.231295,0.260948,0.266727,0.260867,0.294147,0.288518,1.276365
NORAD66705,FLOCK 4H 2,8,1500,True,evaluated,478,475,3,0.6276,291,113,71,age_ridge,0.264916,0.269755,-1.8265,closed,closed,closed,closed,closed,closed,0.260948,0.266508,0.00556,2.1306,-2.1306,27,44,0,0.380282,0.00556,0.004455,0.00195,0.009321,0.056815,1.0,0.09076953,33,0.001471,0.010328,True,0.720315,0.717848,0.984265,0.981394,0.0,0.0,"argmin val MAE over M_L=['linear_age', 'age_ridge', 'deployable_ridge']",0.269755,-0.018084582,0.264916,0.265824,0.265577,0.270762,0.269755,1.898533,0.260948,0.26213,0.260877,0.267495,0.266508,1.8417
NORAD66705,FLOCK 4H 2,8,3000,False,evaluated,478,477,1,0.2092,293,113,71,linear_age,0.264916,0.265622,-0.2665,closed,closed,closed,closed,closed,closed,0.260948,0.261737,0.000789,0.3024,-0.3024,33,38,0,0.464789,0.000789,0.001968,-0.000716,0.002407,0.635308,1.0,0.74600413,33,-0.000892,0.002663,False,0.720315,0.72117,0.984265,0.984916,0.0,0.0,"argmin val MAE over M_L=['linear_age', 'age_ridge', 'deployable_ridge']",0.265622,-0.013951766,0.264916,0.265745,0.26557,0.265622,0.265622,2.222206,0.260948,0.262051,0.260872,0.261737,0.261737,2.123283
NORAD66705,FLOCK 4H 2,24,none,False,evaluated,605,605,0,0.0,366,136,103,age_ridge,0.754164,0.83347,-10.5157,closed,closed,closed,closed,closed,closed,0.832382,0.975108,0.142726,17.1468,-17.1468,33,70,0,0.320388,0.142726,0.029344,0.097692,0.188915,0.000341,0.055583,0.0008525,40,0.097673,0.189144,True,2.355223,2.454918,3.094859,3.175297,0.0,0.0,"argmin val MAE over M_L=['linear_age', 'age_ridge', 'deployable_ridge']",0.83347,-0.117014046,0.754164,0.753867,0.755935,0.849819,0.83347,6.688763,0.832382,0.8313,0.831391,1.000314,0.975108,7.731508
NORAD66705,FLOCK 4H 2,24,150,False,evaluated,605,596,9,1.4876,357,136,103,age_ridge,0.754164,0.754261,-0.0128,closed,closed,closed,closed,closed,closed,0.832382,0.833276,0.000894,0.1074,-0.1074,46,57,0,0.446602,0.000894,0.000735,-0.001263,0.003113,0.324479,1.0,0.43370955,40,-0.001725,0.00336,False,2.355223,2.355713,3.094859,3.095676,0.0,0.0,"argmin val MAE over M_L=['linear_age', 'age_ridge', 'deployable_ridge']",0.754261,-0.037804947,0.754164,0.75423,0.756066,0.754329,0.754261,0.86361,0.832382,0.832549,0.831503,0.833453,0.833276,0.944613
NORAD66705,FLOCK 4H 2,24,500,False,evaluated,605,602,3,0.4959,363,136,103,age_ridge,0.754164,0.770711,-2.194,closed,closed,closed,closed,closed,closed,0.832382,0.864946,0.032565,3.9122,-3.9122,34,69,0,0.330097,0.032565,0.03107,0.020766,0.044685,0.000728,0.11284,0.00168,40,0.018881,0.045771,True,2.355223,2.36499,3.094859,3.09705,0.0,0.0,"argmin val MAE over M_L=['linear_age', 'age_ridge', 'deployable_ridge']",0.770711,-0.054254547,0.754164,0.76598,0.755838,0.772148,0.770711,1.374919,0.832382,0.849832,0.83131,0.867517,0.864946,1.555597
NORAD66705,FLOCK 4H 2,24,1500,True,evaluated,605,602,3,0.4959,363,136,103,age_ridge,0.754164,0.770711,-2.194,closed,closed,closed,closed,closed,closed,0.832382,0.864946,0.032565,3.9122,-3.9122,34,69,0,0.330097,0.032565,0.03107,0.020766,0.044685,0.000728,0.11284,0.00168,40,0.018881,0.045771,True,2.355223,2.36499,3.094859,3.09705,0.0,0.0,"argmin val MAE over M_L=['linear_age', 'age_ridge', 'deployable_ridge']",0.770711,-0.054254547,0.754164,0.76598,0.755838,0.772148,0.770711,1.374919,0.832382,0.849832,0.83131,0.867517,0.864946,1.555597
NORAD66705,FLOCK 4H 2,24,3000,False,evaluated,605,603,2,0.3306,364,136,103,age_ridge,0.754164,0.771279,-2.2693,closed,closed,closed,closed,closed,closed,0.832382,0.864706,0.032324,3.8833,-3.8833,35,68,0,0.339806,0.032324,0.034224,0.021017,0.043983,0.00149,0.22648,0.00338067,40,0.018792,0.045814,True,2.355223,2.363749,3.094859,3.095854,0.0,0.0,"argmin val MAE over M_L=['linear_age', 'age_ridge', 'deployable_ridge']",0.771279,-0.05482237,0.754164,0.768233,0.755646,0.772197,0.771279,1.17453,0.832382,0.852811,0.831152,0.86664,0.864706,1.455312
NORAD66705,FLOCK 4H 2,48,none,False,evaluated,616,616,0,0.0,375,137,104,age_ridge,1.962829,2.052818,-4.5846,closed,closed,closed,closed,closed,closed,2.378153,2.460234,0.082081,3.4515,-3.4515,53,51,0,0.509615,0.082081,-0.002218,0.020096,0.152815,0.921949,1.0,0.98156799,42,0.000404,0.170805,True,6.747777,7.018994,9.651474,9.916863,0.0,0.0,"argmin val MAE over M_L=['linear_age', 'age_ridge', 'deployable_ridge']",2.052818,-0.188130063,1.962829,2.016958,1.96298,2.059025,2.052818,14.572295,2.378153,2.430647,2.374633,2.470858,2.460234,16.346838
NORAD66705,FLOCK 4H 2,48,150,False,evaluated,616,597,19,3.0844,356,137,104,linear_age,1.962829,1.960238,0.132,closed,closed,closed,closed,closed,closed,2.378153,2.374611,-0.003541,-0.1489,0.1489,63,41,0,0.605769,-0.003541,-0.006333,-0.007321,0.000455,0.038958,1.0,0.06453166,42,-0.00839,0.001541,False,6.747777,6.756987,9.651474,9.66079,0.0,0.0,"argmin val MAE over M_L=['linear_age', 'age_ridge', 'deployable_ridge']",1.960238,-0.095550117,1.962829,1.960806,1.961217,1.960238,1.960238,2.228274,2.378153,2.375671,2.373621,2.374611,2.374611,2.584011
NORAD66705,FLOCK 4H 2,48,500,False,evaluated,616,608,8,1.2987,367,137,104,linear_age,1.962829,1.961053,0.0905,closed,closed,closed,closed,closed,closed,2.378153,2.37685,-0.001303,-0.0548,0.0548,55,49,0,0.528846,-0.001303,-0.002324,-0.005577,0.003192,0.624144,1.0,0.73911789,42,-0.006327,0.003486,False,6.747777,6.753803,9.651474,9.656811,0.0,0.0,"argmin val MAE over M_L=['linear_age', 'age_ridge', 'deployable_ridge']",1.961053,-0.096365671,1.962829,1.962205,1.962487,1.961053,1.961053,2.812055,2.378153,2.377444,2.374325,2.37685,2.37685,3.213627
NORAD66705,FLOCK 4H 2,48,1500,True,evaluated,616,610,6,0.974,369,137,104,age_ridge,1.962829,1.960616,0.1128,closed,closed,closed,closed,closed,closed,2.378153,2.379572,0.001419,0.0597,-0.0597,57,47,0,0.548077,0.001419,-0.011488,-0.011163,0.015468,0.377584,1.0,0.49489165,42,-0.012769,0.015713,False,6.747777,6.781189,9.651474,9.683342,0.0,0.0,"argmin val MAE over M_L=['linear_age', 'age_ridge', 'deployable_ridge']",1.960616,-0.095928173,1.962829,1.960022,1.963001,1.961132,1.960616,3.451342,2.378153,2.374326,2.374646,2.381485,2.379572,4.169473
NORAD66705,FLOCK 4H 2,48,3000,False,evaluated,616,613,3,0.487,372,137,104,age_ridge,1.962829,1.963166,-0.0172,closed,closed,closed,closed,closed,closed,2.378153,2.392111,0.013958,0.5869,-0.5869,50,54,0,0.480769,0.013958,0.001677,-0.00281,0.032964,0.768792,1.0,0.85774314,42,-0.003339,0.03023,False,6.747777,6.77824,9.651474,9.678175,0.0,0.0,"argmin val MAE over M_L=['linear_age', 'age_ridge', 'deployable_ridge']",1.963166,-0.098478744,1.962829,1.961888,1.962695,1.964163,1.963166,3.73925,2.378153,2.377075,2.374452,2.395808,2.392111,4.203326
NORAD66705,FLOCK 4H 2,72,none,False,evaluated,615,615,0,0.0,375,137,103,age_ridge,4.652394,4.605416,1.0098,closed,closed,closed,closed,closed,closed,5.28762,5.380465,0.092844,1.7559,-1.7559,51,52,0,0.495146,0.092844,0.006429,0.00898,0.184603,1.0,1.0,1.0,41,-0.001637,0.199481,False,14.952347,15.172611,19.982203,20.18867,0.0,0.0,"argmin val MAE over M_L=['linear_age', 'age_ridge', 'deployable_ridge']",4.605416,-0.185641596,4.652394,4.63608,4.634255,4.609596,4.605416,51.327699,5.28762,5.277602,5.278489,5.402981,5.380465,62.274105
NORAD66705,FLOCK 4H 2,72,150,False,evaluated,615,583,32,5.2033,344,137,102,deployable_ridge,4.652394,4.607255,0.9702,closed,closed,closed,closed,closed,closed,5.029367,5.095193,0.065826,1.3088,-1.3088,49,53,0,0.480392,0.065826,0.032976,-0.044431,0.1745,0.766604,1.0,0.85774314,41,-0.092968,0.214064,False,14.243485,14.259546,18.794383,18.780069,0.0,0.0,"argmin val MAE over M_L=['linear_age', 'age_ridge', 'deployable_ridge']",4.607255,-0.18748041,4.652394,4.644347,4.635679,4.640737,4.640737,4.607255,5.029367,5.023806,5.020332,5.02254,5.02254,5.095193
NORAD66705,FLOCK 4H 2,72,500,False,evaluated,615,598,17,2.7642,358,137,103,linear_age,4.652394,4.635191,0.3698,closed,closed,closed,closed,closed,closed,5.28762,5.28087,-0.006751,-0.1277,0.1277,59,44,0,0.572816,-0.006751,-0.009471,-0.017673,0.00401,0.167444,1.0,0.23670094,41,-0.019701,0.006283,False,14.952347,14.977078,19.982203,20.006937,0.0,0.0,"argmin val MAE over M_L=['linear_age', 'age_ridge', 'deployable_ridge']",4.635191,-0.215416689,4.652394,4.645631,4.634646,4.635191,4.635191,4.739929,5.28762,5.28255,5.277843,5.28087,5.28087,5.811934
NORAD66705,FLOCK 4H 2,72,1500,True,evaluated,615,607,8,1.3008,367,137,103,deployable_ridge,4.652394,4.636335,0.3452,closed,closed,closed,closed,closed,closed,5.28762,5.563669,0.276049,5.2207,-5.2207,45,58,0,0.436893,0.276049,0.39518,-0.015602,0.551318,0.236902,1.0,0.32468802,41,-0.135042,0.678691,False,14.952347,15.094862,19.982203,19.964048,0.0,0.0,"argmin val MAE over M_L=['linear_age', 'age_ridge', 'deployable_ridge']",4.636335,-0.216560846,4.652394,4.652649,4.63443,4.647794,4.647794,4.636335,5.28762,5.287822,5.278081,5.286757,5.286757,5.563669
NORAD66705,FLOCK 4H 2,72,3000,False,evaluated,615,609,6,0.9756,369,137,103,linear_age,4.652394,4.634284,0.3893,closed,closed,closed,closed,closed,closed,5.28762,5.284549,-0.003071,-0.0581,0.0581,56,47,0,0.543689,-0.003071,-0.004199,-0.015872,0.010272,0.430689,1.0,0.5459438,41,-0.018039,0.011164,False,14.952347,14.977748,19.982203,20.006916,0.0,0.0,"argmin val MAE over M_L=['linear_age', 'age_ridge', 'deployable_ridge']",4.634284,-0.214509734,4.652394,4.648015,4.63443,4.634284,4.634284,5.227339,5.28762,5.284273,5.278081,5.284549,5.284549,6.545009
NORAD66705,FLOCK 4H 2,96,none,False,evaluated,614,614,0,0.0,372,139,103,age_ridge,7.717516,8.479343,-9.8714,closed,closed,closed,closed,closed,closed,7.395288,8.711103,1.315814,17.7926,-17.7926,29,74,0,0.281553,1.315814,0.285425,0.842294,1.843692,1.1e-05,0.001947,3.16e-05,42,0.76869,1.864886,True,20.703507,21.45554,27.074315,27.641297,0.0,0.0,"argmin val MAE over M_L=['linear_age', 'age_ridge', 'deployable_ridge']",8.479343,-1.147703438,7.717516,7.815893,7.711135,8.640886,8.479343,73.651584,7.395288,7.513333,7.389766,8.920311,8.711103,89.839583
NORAD66705,FLOCK 4H 2,96,150,False,evaluated,614,570,44,7.1661,328,139,103,deployable_ridge,7.717516,7.703005,0.188,closed,closed,closed,closed,closed,closed,7.395288,7.391416,-0.003872,-0.0524,0.0524,55,48,0,0.533981,-0.003872,-0.01713,-0.122355,0.121616,0.554601,1.0,0.67103799,42,-0.186054,0.170312,False,20.703507,20.623806,27.074315,26.979739,0.0,0.0,"argmin val MAE over M_L=['linear_age', 'age_ridge', 'deployable_ridge']",7.703005,-0.371365046,7.717516,7.716399,7.713142,7.707187,7.707187,7.703005,7.395288,7.39412,7.39066,7.400035,7.400035,7.391416
NORAD66705,FLOCK 4H 2,96,500,False,evaluated,614,596,18,2.9316,354,139,103,linear_age,7.717516,7.69812,0.2513,closed,closed,closed,closed,closed,closed,7.395288,7.419945,0.024657,0.3334,-0.3334,58,45,0,0.563107,0.024657,-0.028176,-0.012087,0.066999,0.236902,1.0,0.32468802,42,-0.024255,0.077949,False,20.703507,20.737166,27.074315,27.099671,0.0,0.0,"argmin val MAE over M_L=['linear_age', 'age_ridge', 'deployable_ridge']",7.69812,-0.366480656,7.717516,7.712287,7.711946,7.69812,7.69812,8.06742,7.395288,7.38985,7.389604,7.419945,7.419945,7.94187
NORAD66705,FLOCK 4H 2,96,1500,True,evaluated,614,607,7,1.1401,365,139,103,linear_age,7.717516,7.698632,0.2447,closed,closed,closed,closed,closed,closed,7.395288,7.430606,0.035318,0.4776,-0.4776,57,46,0,0.553398,0.035318,-0.012768,-0.006951,0.082965,0.324479,1.0,0.43370955,42,-0.016238,0.09348,False,20.703507,20.728963,27.074315,27.090957,0.0,0.0,"argmin val MAE over M_L=['linear_age', 'age_ridge', 'deployable_ridge']",7.698632,-0.366992349,7.717516,7.713509,7.711229,7.698632,7.698632,8.595654,7.395288,7.391038,7.389598,7.430606,7.430606,8.698651
NORAD66705,FLOCK 4H 2,96,3000,False,evaluated,614,610,4,0.6515,368,139,103,linear_age,7.717516,7.699198,0.2374,closed,closed,closed,closed,closed,closed,7.395288,7.417003,0.021715,0.2936,-0.2936,60,43,0,0.582524,0.021715,-0.023021,-0.01319,0.061105,0.114468,1.0,0.16981516,42,-0.022399,0.070616,False,20.703507,20.726331,27.074315,27.089829,0.0,0.0,"argmin val MAE over M_L=['linear_age', 'age_ridge', 'deployable_ridge']",7.699198,-0.367558167,7.717516,7.713389,7.711216,7.699198,7.699198,9.105546,7.395288,7.390911,7.389614,7.417003,7.417003,9.433546
NORAD66705,FLOCK 4H 2,168,none,False,evaluated,609,609,0,0.0,363,139,107,age_ridge,25.129225,26.017538,-3.535,closed,closed,closed,closed,closed,closed,23.327804,24.856374,1.52857,6.5526,-6.5526,40,67,0,0.373832,1.52857,1.262351,0.861515,2.266662,0.011598,1.0,0.02236757,43,0.761956,2.316809,True,63.147221,63.760295,87.395156,87.661392,0.000389,0.000389,"argmin val MAE over M_L=['linear_age', 'age_ridge', 'deployable_ridge']",26.017538,-2.144774158,25.129225,25.902542,25.157669,26.126387,26.017538,141.483996,23.327804,24.480517,23.375996,24.987337,24.856374,159.771295
NORAD66705,FLOCK 4H 2,168,150,False,evaluated,609,419,190,31.1987,219,116,84,linear_age,18.551527,18.551124,0.0022,closed,closed,closed,closed,closed,closed,14.648224,14.648049,-0.000175,-0.0012,0.0012,50,34,0,0.595238,-0.000175,-0.000176,-0.000556,0.000211,0.101136,1.0,0.1521495,38,-0.000685,0.000339,False,40.407031,40.407308,47.235471,47.235689,0.0,0.0,"argmin val MAE over M_L=['linear_age', 'age_ridge', 'deployable_ridge']",18.551124,-0.927173964,18.551527,18.551528,18.579525,18.551124,18.551124,18.721389,14.648224,14.648225,14.704049,14.648049,14.648049,15.066485
NORAD66705,FLOCK 4H 2,168,500,False,evaluated,609,565,44,7.225,322,137,106,linear_age,23.809871,23.812143,-0.0095,closed,closed,closed,closed,closed,closed,22.496049,22.512243,0.016194,0.072,-0.072,39,67,0,0.367925,0.016194,0.026649,0.000479,0.031084,0.008417,1.0,0.01658825,43,-0.002565,0.03362,False,61.237404,61.202113,80.809389,80.769159,0.0,0.0,"argmin val MAE over M_L=['linear_age', 'age_ridge', 'deployable_ridge']",23.812143,-1.192766168,23.809871,23.819157,23.838165,23.812143,23.812143,23.895337,22.496049,22.515174,22.55393,22.512243,22.512243,23.039337
NORAD66705,FLOCK 4H 2,168,1500,True,evaluated,609,595,14,2.2989,349,139,107,linear_age,25.129225,25.128953,0.0011,closed,closed,closed,closed,closed,closed,23.327804,23.334101,0.006297,0.027,-0.027,48,59,0,0.448598,0.006297,0.009632,-0.006387,0.020261,0.333705,1.0,0.44166838,43,-0.008679,0.021159,False,63.147221,63.132707,87.395156,87.3782,0.000389,0.000389,"argmin val MAE over M_L=['linear_age', 'age_ridge', 'deployable_ridge']",25.128953,-1.256188932,25.129225,25.135076,25.155641,25.128953,25.128953,25.129523,23.327804,23.337772,23.372511,23.334101,23.334101,23.439138
NORAD66705,FLOCK 4H 2,168,3000,False,evaluated,609,601,8,1.3136,355,139,107,linear_age,25.129225,25.153057,-0.0948,closed,closed,closed,closed,closed,closed,23.327804,23.372229,0.044425,0.1904,-0.1904,36,71,0,0.336449,0.044425,0.09629,0.015226,0.072767,0.000923,0.141219,0.00211195,43,0.000765,0.083118,True,63.147221,63.048587,87.395156,87.288582,0.000389,0.000389,"argmin val MAE over M_L=['linear_age', 'age_ridge', 'deployable_ridge']",25.153057,-1.280292582,25.129225,25.156591,25.156418,25.153057,25.153057,25.237002,23.327804,23.374141,23.373844,23.372229,23.372229,23.83416
NORAD66741,BLACK KITE-1,8,none,False,evaluated,318,318,0,0.0,166,92,60,age_ridge,0.264325,0.292134,-10.5209,closed,closed,closed,closed,closed,closed,0.211521,0.236967,0.025447,12.0304,-12.0304,22,38,0,0.366667,0.025447,0.011431,0.011665,0.040086,0.051894,1.0,0.08340107,28,0.008681,0.045408,True,0.571785,0.615725,0.777441,0.818109,0.0,0.0,"argmin val MAE over M_L=['linear_age', 'age_ridge', 'deployable_ridge']",0.292134,-0.041025453,0.264325,0.278688,0.264199,0.301892,0.292134,0.394889,0.211521,0.225911,0.212084,0.247109,0.236967,0.433803
NORAD66741,BLACK KITE-1,8,150,False,evaluated,318,315,3,0.9434,163,92,60,age_ridge,0.264325,0.275556,-4.2489,closed,closed,closed,closed,closed,closed,0.211521,0.220497,0.008976,4.2435,-4.2435,24,36,0,0.4,0.008976,0.004657,0.001339,0.016862,0.155002,1.0,0.220266,28,-0.000672,0.019787,False,0.571785,0.591241,0.777441,0.795802,0.0,0.0,"argmin val MAE over M_L=['linear_age', 'age_ridge', 'deployable_ridge']",0.275556,-0.024447198,0.264325,0.265626,0.264197,0.28214,0.275556,0.402505,0.211521,0.211307,0.212119,0.227616,0.220497,0.456154
NORAD66741,BLACK KITE-1,8,500,False,evaluated,318,315,3,0.9434,163,92,60,age_ridge,0.264325,0.275556,-4.2489,closed,closed,closed,closed,closed,closed,0.211521,0.220497,0.008976,4.2435,-4.2435,24,36,0,0.4,0.008976,0.004657,0.001339,0.016862,0.155002,1.0,0.220266,28,-0.000672,0.019787,False,0.571785,0.591241,0.777441,0.795802,0.0,0.0,"argmin val MAE over M_L=['linear_age', 'age_ridge', 'deployable_ridge']",0.275556,-0.024447198,0.264325,0.265626,0.264197,0.28214,0.275556,0.402505,0.211521,0.211307,0.212119,0.227616,0.220497,0.456154
NORAD66741,BLACK KITE-1,8,1500,True,evaluated,318,318,0,0.0,166,92,60,age_ridge,0.264325,0.292134,-10.5209,closed,closed,closed,closed,closed,closed,0.211521,0.236967,0.025447,12.0304,-12.0304,22,38,0,0.366667,0.025447,0.011431,0.011665,0.040086,0.051894,1.0,0.08340107,28,0.008681,0.045408,True,0.571785,0.615725,0.777441,0.818109,0.0,0.0,"argmin val MAE over M_L=['linear_age', 'age_ridge', 'deployable_ridge']",0.292134,-0.041025453,0.264325,0.278688,0.264199,0.301892,0.292134,0.394889,0.211521,0.225911,0.212084,0.247109,0.236967,0.433803
NORAD66741,BLACK KITE-1,8,3000,False,evaluated,318,318,0,0.0,166,92,60,age_ridge,0.264325,0.292134,-10.5209,closed,closed,closed,closed,closed,closed,0.211521,0.236967,0.025447,12.0304,-12.0304,22,38,0,0.366667,0.025447,0.011431,0.011665,0.040086,0.051894,1.0,0.08340107,28,0.008681,0.045408,True,0.571785,0.615725,0.777441,0.818109,0.0,0.0,"argmin val MAE over M_L=['linear_age', 'age_ridge', 'deployable_ridge']",0.292134,-0.041025453,0.264325,0.278688,0.264199,0.301892,0.292134,0.394889,0.211521,0.225911,0.212084,0.247109,0.236967,0.433803
NORAD66741,BLACK KITE-1,24,none,False,evaluated,397,397,0,0.0,201,114,82,age_ridge,0.840583,1.153044,-37.1719,closed,closed,closed,closed,closed,closed,0.8157,1.148442,0.332742,40.7923,-40.7923,17,65,0,0.207317,0.332742,0.119104,0.228703,0.44736,0.0,0.0,0.0,39,0.226536,0.454012,True,2.193076,2.482183,2.871443,3.109739,0.0,0.0,"argmin val MAE over M_L=['linear_age', 'age_ridge', 'deployable_ridge']",1.153044,-0.354490204,0.840583,0.839707,0.840737,1.252083,1.153044,17.950863,0.8157,0.814501,0.815876,1.254793,1.148442,15.320802
NORAD66741,BLACK KITE-1,24,150,False,evaluated,397,385,12,3.0227,189,114,82,age_ridge,0.840583,0.852977,-1.4744,closed,closed,closed,closed,closed,closed,0.8157,0.824186,0.008487,1.0404,-1.0404,34,48,0,0.414634,0.008487,0.008075,0.001603,0.015745,0.150675,1.0,0.21639495,39,0.000388,0.016265,True,2.193076,2.190436,2.871443,2.869345,0.0,0.0,"argmin val MAE over M_L=['linear_age', 'age_ridge', 'deployable_ridge']",0.852977,-0.054423092,0.840583,0.844015,0.840922,0.855925,0.852977,0.866316,0.8157,0.819156,0.816089,0.826764,0.824186,0.868333
NORAD66741,BLACK KITE-1,24,500,False,evaluated,397,388,9,2.267,192,114,82,age_ridge,0.840583,0.857858,-2.0551,closed,closed,closed,closed,closed,closed,0.8157,0.82876,0.01306,1.6011,-1.6011,34,48,0,0.414634,0.01306,0.007534,0.002451,0.024552,0.150675,1.0,0.21639495,39,0.001883,0.024654,True,2.193076,2.192782,2.871443,2.871349,0.0,0.0,"argmin val MAE over M_L=['linear_age', 'age_ridge', 'deployable_ridge']",0.857858,-0.059304254,0.840583,0.842041,0.840922,0.863383,0.857858,1.070227,0.8157,0.817281,0.816089,0.834249,0.82876,1.118484
NORAD66741,BLACK KITE-1,24,1500,True,evaluated,397,392,5,1.2594,196,114,82,age_ridge,0.840583,0.849353,-1.0433,closed,closed,closed,closed,closed,closed,0.8157,0.829218,0.013518,1.6572,-1.6572,37,45,0,0.45122,0.013518,0.017503,-0.001464,0.029116,0.439705,1.0,0.54963125,39,-0.004157,0.030439,False,2.193076,2.242529,2.871443,2.915656,0.0,0.0,"argmin val MAE over M_L=['linear_age', 'age_ridge', 'deployable_ridge']",0.849353,-0.050799286,0.840583,0.848886,0.841236,0.84946,0.849353,2.065416,0.8157,0.828864,0.81643,0.829296,0.829218,2.594753
NORAD66741,BLACK KITE-1,24,3000,False,evaluated,397,397,0,0.0,201,114,82,age_ridge,0.840583,1.153044,-37.1719,closed,closed,closed,closed,closed,closed,0.8157,1.148442,0.332742,40.7923,-40.7923,17,65,0,0.207317,0.332742,0.119104,0.228703,0.44736,0.0,0.0,0.0,39,0.226536,0.454012,True,2.193076,2.482183,2.871443,3.109739,0.0,0.0,"argmin val MAE over M_L=['linear_age', 'age_ridge', 'deployable_ridge']",1.153044,-0.354490204,0.840583,0.839707,0.840737,1.252083,1.153044,17.950863,0.8157,0.814501,0.815876,1.254793,1.148442,15.320802
NORAD66741,BLACK KITE-1,48,none,False,evaluated,398,398,0,0.0,192,118,88,age_ridge,2.156048,2.267466,-5.1677,closed,closed,closed,closed,closed,closed,2.40817,2.544851,0.13668,5.6757,-5.6757,29,59,0,0.329545,0.13668,0.051895,0.07079,0.207474,0.001824,0.2736,0.00407008,42,0.072635,0.209051,True,6.514386,6.640564,7.994224,8.101356,0.0,0.0,"argmin val MAE over M_L=['linear_age', 'age_ridge', 'deployable_ridge']",2.267466,-0.21922077,2.156048,2.164886,2.155585,2.302052,2.267466,26.837448,2.40817,2.428546,2.411858,2.586675,2.544851,23.731614
NORAD66741,BLACK KITE-1,48,150,False,evaluated,398,384,14,3.5176,178,118,88,age_ridge,2.156048,2.156636,-0.0273,closed,closed,closed,closed,closed,closed,2.40817,2.407915,-0.000255,-0.0106,0.0106,46,42,0,0.522727,-0.000255,-0.002315,-0.001733,0.001198,0.749329,1.0,0.8465223,42,-0.002059,0.001806,False,6.514386,6.515644,7.994224,7.996186,0.0,0.0,"argmin val MAE over M_L=['linear_age', 'age_ridge', 'deployable_ridge']",2.156636,-0.108390302,2.156048,2.156629,2.155414,2.156637,2.156636,2.295666,2.40817,2.407987,2.411041,2.4079,2.407915,2.644034
NORAD66741,BLACK KITE-1,48,500,False,evaluated,398,389,9,2.2613,183,118,88,age_ridge,2.156048,2.161098,-0.2343,closed,closed,closed,closed,closed,closed,2.40817,2.417325,0.009154,0.3801,-0.3801,34,54,0,0.386364,0.009154,0.002343,-0.001288,0.019691,0.042211,1.0,0.06907255,42,-0.000214,0.018657,False,6.514386,6.512391,7.994224,7.992094,0.0,0.0,"argmin val MAE over M_L=['linear_age', 'age_ridge', 'deployable_ridge']",2.161098,-0.112853007,2.156048,2.156543,2.155414,2.163814,2.161098,2.513227,2.40817,2.408001,2.411041,2.420614,2.417325,2.537362
NORAD66741,BLACK KITE-1,48,1500,True,evaluated,398,394,4,1.005,188,118,88,age_ridge,2.156048,2.169792,-0.6375,closed,closed,closed,closed,closed,closed,2.40817,2.428075,0.019904,0.8265,-0.8265,38,50,0,0.431818,0.019904,0.003037,0.0022,0.037985,0.240793,1.0,0.32835409,42,0.003958,0.037029,True,6.514386,6.518991,7.994224,7.997035,0.0,0.0,"argmin val MAE over M_L=['linear_age', 'age_ridge', 'deployable_ridge']",2.169792,-0.121547079,2.156048,2.157137,2.155386,2.176184,2.169792,5.987874,2.40817,2.408017,2.410764,2.436117,2.428075,4.660606
NORAD66741,BLACK KITE-1,48,3000,False,evaluated,398,396,2,0.5025,190,118,88,age_ridge,2.156048,2.158114,-0.0958,closed,closed,closed,closed,closed,closed,2.40817,2.412142,0.003972,0.1649,-0.1649,41,47,0,0.465909,0.003972,0.003255,-0.00214,0.010429,0.594288,1.0,0.70999009,42,-0.002091,0.010245,False,6.514386,6.512782,7.994224,7.994031,0.0,0.0,"argmin val MAE over M_L=['linear_age', 'age_ridge', 'deployable_ridge']",2.158114,-0.109868889,2.156048,2.157056,2.15543,2.15861,2.158114,6.217613,2.40817,2.407998,2.411137,2.413404,2.412142,6.726382
NORAD66741,BLACK KITE-1,72,none,False,evaluated,401,401,0,0.0,190,124,87,age_ridge,4.861547,4.922142,-1.2464,closed,closed,closed,closed,closed,closed,4.881554,5.054699,0.173146,3.5469,-3.5469,36,51,0,0.413793,0.173146,0.24756,0.071034,0.279545,0.132902,1.0,0.19501924,41,0.021022,0.324547,True,13.38284,13.779266,16.99964,17.366358,0.0,0.0,"argmin val MAE over M_L=['linear_age', 'age_ridge', 'deployable_ridge']",4.922142,-0.303672322,4.861547,4.930672,4.859482,4.922425,4.922142,63.751665,4.881554,5.049859,4.880481,5.058953,5.054699,52.436998
NORAD66741,BLACK KITE-1,72,150,False,evaluated,401,379,22,5.4863,168,124,87,linear_age,4.861547,4.861183,0.0075,closed,closed,closed,closed,closed,closed,4.881554,4.884272,0.002718,0.0557,-0.0557,46,41,0,0.528736,0.002718,-0.000121,-0.002181,0.007361,0.668285,1.0,0.76781681,41,-0.002643,0.008207,False,13.38284,13.380605,16.99964,16.99718,0.0,0.0,"argmin val MAE over M_L=['linear_age', 'age_ridge', 'deployable_ridge']",4.861183,-0.242713798,4.861547,4.861821,4.860566,4.861183,4.861183,4.972638,4.881554,4.881711,4.88103,4.884272,4.884272,5.384282
NORAD66741,BLACK KITE-1,72,500,False,evaluated,401,388,13,3.2419,177,124,87,age_ridge,4.861547,4.856309,0.1077,closed,closed,closed,closed,closed,closed,4.881554,4.881524,-2.9e-05,-0.0006,0.0006,46,41,0,0.528736,-2.9e-05,-0.001773,-0.005895,0.005907,0.668285,1.0,0.76781681,41,-0.008441,0.007798,False,13.38284,13.389031,16.99964,17.006369,0.0,0.0,"argmin val MAE over M_L=['linear_age', 'age_ridge', 'deployable_ridge']",4.856309,-0.23783928,4.861547,4.856403,4.863124,4.856515,4.856309,4.872463,4.881554,4.879047,4.882449,4.882265,4.881524,4.999164
NORAD66741,BLACK KITE-1,72,1500,True,evaluated,401,392,9,2.2444,181,124,87,age_ridge,4.861547,4.853354,0.1685,closed,closed,closed,closed,closed,closed,4.881554,4.87919,-0.002364,-0.0484,0.0484,47,40,0,0.54023,-0.002364,-0.003369,-0.011387,0.006379,0.520292,1.0,0.64145589,41,-0.015141,0.009279,False,13.38284,13.396603,16.99964,17.013347,0.0,0.0,"argmin val MAE over M_L=['linear_age', 'age_ridge', 'deployable_ridge']",4.853354,-0.234884403,4.861547,4.853326,4.860329,4.853436,4.853354,5.932035,4.881554,4.877724,4.880906,4.879565,4.87919,6.240434
NORAD66741,BLACK KITE-1,72,3000,False,evaluated,401,397,4,0.9975,186,124,87,age_ridge,4.861547,5.370013,-10.4589,closed,closed,closed,closed,closed,closed,4.881554,5.310091,0.428537,8.7787,-8.7787,27,60,0,0.310345,0.428537,0.095734,0.238375,0.635237,0.000524,0.08384,0.00127459,41,0.212031,0.643994,True,13.38284,13.9414,16.99964,17.518653,0.0,0.0,"argmin val MAE over M_L=['linear_age', 'age_ridge', 'deployable_ridge']",5.370013,-0.75154283,4.861547,4.879079,4.855438,5.554048,5.370013,22.836451,4.881554,4.893077,4.878606,5.503943,5.310091,21.248045
NORAD66741,BLACK KITE-1,96,none,False,evaluated,403,403,0,0.0,191,123,89,age_ridge,9.476874,10.74185,-13.348,closed,closed,closed,closed,closed,closed,8.604743,10.345019,1.740276,20.2246,-20.2246,22,67,0,0.247191,1.740276,2.095062,1.246162,2.23187,2e-06,0.000362,5.93e-06,43,1.06781,2.406852,True,23.365695,25.641789,30.900228,32.918622,0.0,0.0,"argmin val MAE over M_L=['linear_age', 'age_ridge', 'deployable_ridge']",10.74185,-1.738819891,9.476874,10.671267,9.478085,10.779228,10.74185,67.027219,8.604743,10.234414,8.60507,10.414213,10.345019,50.623892
NORAD66741,BLACK KITE-1,96,150,False,evaluated,403,364,39,9.6774,157,119,88,deployable_ridge,8.154735,8.116532,0.4685,closed,closed,closed,closed,closed,closed,8.372322,8.538946,0.166624,1.9902,-1.9902,41,47,0,0.465909,0.166624,0.619879,-0.098825,0.444124,0.594288,1.0,0.70999009,43,-0.215647,0.547832,False,22.754955,23.008073,29.715649,29.960351,0.0,0.0,"argmin val MAE over M_L=['linear_age', 'age_ridge', 'deployable_ridge']",8.116532,-0.36953392,8.154735,8.153237,8.14884,8.15789,8.155282,8.116532,8.372322,8.371835,8.371022,8.364726,8.365286,8.538946
NORAD66741,BLACK KITE-1,96,500,False,evaluated,403,385,18,4.4665,173,123,89,age_ridge,9.476874,9.461191,0.1655,closed,closed,closed,closed,closed,closed,8.604743,8.604442,-0.000302,-0.0035,0.0035,45,44,0,0.505618,-0.000302,-0.021722,-0.018905,0.020089,1.0,1.0,1.0,43,-0.027297,0.027335,False,23.365695,23.379415,30.900228,30.913857,0.0,0.0,"argmin val MAE over M_L=['linear_age', 'age_ridge', 'deployable_ridge']",9.461191,-0.458160704,9.476874,9.460906,9.472979,9.4613,9.461191,9.492017,8.604743,8.605813,8.604121,8.604149,8.604442,8.838333
NORAD66741,BLACK KITE-1,96,1500,True,evaluated,403,391,12,2.9777,179,123,89,linear_age,9.476874,9.455181,0.2289,closed,closed,closed,closed,closed,closed,8.604743,8.611706,0.006962,0.0809,-0.0809,46,43,0,0.516854,0.006962,-0.008184,-0.020144,0.036846,0.832258,1.0,0.91507012,43,-0.033197,0.047821,False,23.365695,23.379536,30.900228,30.911635,0.0,0.0,"argmin val MAE over M_L=['linear_age', 'age_ridge', 'deployable_ridge']",9.455181,-0.452150471,9.476874,9.455413,9.471481,9.455181,9.455181,10.47403,8.604743,8.61049,8.604007,8.611706,8.611706,10.009859
NORAD66741,BLACK KITE-1,96,3000,False,evaluated,403,396,7,1.737,184,123,89,age_ridge,9.476874,9.475521,0.0143,closed,closed,closed,closed,closed,closed,8.604743,8.715816,0.111073,1.2908,-1.2908,40,49,0,0.449438,0.111073,0.15571,0.031776,0.196462,0.39657,1.0,0.51726522,43,0.00563,0.215229,True,23.365695,23.398586,30.900228,30.918107,0.0,0.0,"argmin val MAE over M_L=['linear_age', 'age_ridge', 'deployable_ridge']",9.475521,-0.472490672,9.476874,9.477265,9.474854,9.479999,9.475521,14.818602,8.604743,8.674536,8.604365,8.728166,8.715816,14.121096
NORAD66741,BLACK KITE-1,168,none,False,evaluated,405,405,0,0.0,188,124,93,age_ridge,27.381699,29.128464,-6.3793,closed,closed,closed,closed,closed,closed,29.743709,32.20156,2.457851,8.2634,-8.2634,34,59,0,0.365591,2.457851,2.161762,1.542524,3.425933,0.012401,1.0,0.0237466,43,1.36227,3.702061,True,82.3138,83.342084,107.419506,108.289944,0.001792,0.001792,"argmin val MAE over M_L=['linear_age', 'age_ridge', 'deployable_ridge']",29.128464,-3.115849671,27.381699,28.096057,27.512318,29.49253,29.128464,403.3824,29.743709,30.774388,29.957594,32.760289,32.20156,308.414205
NORAD66741,BLACK KITE-1,168,150,False,evaluated,405,240,165,40.7407,74,95,71,age_ridge,18.740634,18.737785,0.0152,closed,closed,closed,closed,closed,closed,16.261024,16.244478,-0.016546,-0.1018,0.1018,45,26,0,0.633803,-0.016546,-0.035215,-0.031944,-0.000166,0.031927,1.0,0.05597591,37,-0.03554,0.005055,False,43.304608,43.36059,49.738432,49.795025,0.0,0.0,"argmin val MAE over M_L=['linear_age', 'age_ridge', 'deployable_ridge']",18.737785,-0.934182779,18.740634,18.73671,18.731795,18.738491,18.737785,19.034795,16.261024,16.246759,16.208232,16.243629,16.244478,16.42789
NORAD66741,BLACK KITE-1,168,500,False,evaluated,405,364,41,10.1235,151,123,90,age_ridge,27.047797,27.058818,-0.0407,closed,closed,closed,closed,closed,closed,26.194801,26.18471,-0.010091,-0.0385,0.0385,52,38,0,0.577778,-0.010091,-0.042143,-0.050864,0.032946,0.170242,1.0,0.23940281,42,-0.052457,0.039964,False,72.150175,72.245386,90.010638,90.105559,0.0,0.0,"argmin val MAE over M_L=['linear_age', 'age_ridge', 'deployable_ridge']",27.058818,-1.363410673,27.047797,27.043193,27.0494,27.064778,27.058818,27.479208,26.194801,26.17508,26.200048,26.189771,26.18471,28.066397
NORAD66741,BLACK KITE-1,168,1500,True,evaluated,405,388,17,4.1975,171,124,93,age_ridge,27.381699,27.396015,-0.0523,closed,closed,closed,closed,closed,closed,29.743709,29.759513,0.015804,0.0531,-0.0531,44,49,0,0.473118,0.015804,0.019807,-0.009363,0.041482,0.678532,1.0,0.77628661,43,-0.014002,0.046598,False,82.3138,82.289942,107.419506,107.394978,0.001792,0.001792,"argmin val MAE over M_L=['linear_age', 'age_ridge', 'deployable_ridge']",27.396015,-1.383400561,27.381699,27.384897,27.419402,27.399071,27.396015,29.814077,29.743709,29.754094,29.819147,29.76152,29.759513,36.574254
NORAD66741,BLACK KITE-1,168,3000,False,evaluated,405,391,14,3.4568,174,124,93,age_ridge,27.381699,27.437713,-0.2046,closed,closed,closed,closed,closed,closed,29.743709,29.799463,0.055754,0.1874,-0.1874,43,50,0,0.462366,0.055754,0.039068,-0.013719,0.124975,0.53406,1.0,0.65543727,43,-0.02842,0.141843,False,82.3138,82.247581,107.419506,107.346069,0.001792,0.001792,"argmin val MAE over M_L=['linear_age', 'age_ridge', 'deployable_ridge']",27.437713,-1.425098582,27.381699,27.397129,27.460716,27.452236,27.437713,33.046582,29.743709,29.779745,29.882795,29.808982,29.799463,40.421035
NORAD68474,BLACK KITE-2,8,none,False,evaluated,183,183,0,0.0,126,32,25,age_ridge,0.218165,0.21915,-0.4512,closed,closed,closed,closed,closed,closed,0.216634,0.217537,0.000903,0.417,-0.417,10,15,0,0.4,0.000903,0.001454,-0.001155,0.002653,0.424356,1.0,0.5404534,13,-0.001743,0.00311,False,0.640248,0.636913,0.78685,0.78354,0.0,0.0,"argmin val MAE over M_L=['linear_age', 'age_ridge', 'deployable_ridge']",0.21915,-0.011892619,0.218165,0.218877,0.214994,0.219339,0.21915,0.223229,0.216634,0.216384,0.218148,0.218,0.217537,0.233688
NORAD68474,BLACK KITE-2,8,150,False,evaluated,183,183,0,0.0,126,32,25,age_ridge,0.218165,0.21915,-0.4512,closed,closed,closed,closed,closed,closed,0.216634,0.217537,0.000903,0.417,-0.417,10,15,0,0.4,0.000903,0.001454,-0.001155,0.002653,0.424356,1.0,0.5404534,13,-0.001743,0.00311,False,0.640248,0.636913,0.78685,0.78354,0.0,0.0,"argmin val MAE over M_L=['linear_age', 'age_ridge', 'deployable_ridge']",0.21915,-0.011892619,0.218165,0.218877,0.214994,0.219339,0.21915,0.223229,0.216634,0.216384,0.218148,0.218,0.217537,0.233688
NORAD68474,BLACK KITE-2,8,500,False,evaluated,183,183,0,0.0,126,32,25,age_ridge,0.218165,0.21915,-0.4512,closed,closed,closed,closed,closed,closed,0.216634,0.217537,0.000903,0.417,-0.417,10,15,0,0.4,0.000903,0.001454,-0.001155,0.002653,0.424356,1.0,0.5404534,13,-0.001743,0.00311,False,0.640248,0.636913,0.78685,0.78354,0.0,0.0,"argmin val MAE over M_L=['linear_age', 'age_ridge', 'deployable_ridge']",0.21915,-0.011892619,0.218165,0.218877,0.214994,0.219339,0.21915,0.223229,0.216634,0.216384,0.218148,0.218,0.217537,0.233688
NORAD68474,BLACK KITE-2,8,1500,True,evaluated,183,183,0,0.0,126,32,25,age_ridge,0.218165,0.21915,-0.4512,closed,closed,closed,closed,closed,closed,0.216634,0.217537,0.000903,0.417,-0.417,10,15,0,0.4,0.000903,0.001454,-0.001155,0.002653,0.424356,1.0,0.5404534,13,-0.001743,0.00311,False,0.640248,0.636913,0.78685,0.78354,0.0,0.0,"argmin val MAE over M_L=['linear_age', 'age_ridge', 'deployable_ridge']",0.21915,-0.011892619,0.218165,0.218877,0.214994,0.219339,0.21915,0.223229,0.216634,0.216384,0.218148,0.218,0.217537,0.233688
NORAD68474,BLACK KITE-2,8,3000,False,evaluated,183,183,0,0.0,126,32,25,age_ridge,0.218165,0.21915,-0.4512,closed,closed,closed,closed,closed,closed,0.216634,0.217537,0.000903,0.417,-0.417,10,15,0,0.4,0.000903,0.001454,-0.001155,0.002653,0.424356,1.0,0.5404534,13,-0.001743,0.00311,False,0.640248,0.636913,0.78685,0.78354,0.0,0.0,"argmin val MAE over M_L=['linear_age', 'age_ridge', 'deployable_ridge']",0.21915,-0.011892619,0.218165,0.218877,0.214994,0.219339,0.21915,0.223229,0.216634,0.216384,0.218148,0.218,0.217537,0.233688
NORAD68474,BLACK KITE-2,24,none,False,evaluated,229,229,0,0.0,145,45,39,deployable_ridge,0.629109,0.603071,4.1388,closed,closed,open,closed,closed,closed,0.781378,0.830408,0.04903,6.2748,-6.2748,10,29,0,0.25641,0.04903,0.077908,0.023795,0.071534,0.003378,0.483054,0.00690955,19,0.011523,0.079454,True,2.242219,2.396322,2.904521,3.075124,0.0,0.0,"argmin val MAE over M_L=['linear_age', 'age_ridge', 'deployable_ridge']",0.603071,-0.005417672,0.629109,0.62945,0.622422,0.629211,0.629211,0.603071,0.781378,0.781163,0.789237,0.780521,0.780521,0.830408
NORAD68474,BLACK KITE-2,24,150,False,evaluated,229,229,0,0.0,145,45,39,deployable_ridge,0.629109,0.603071,4.1388,closed,closed,open,closed,closed,closed,0.781378,0.830408,0.04903,6.2748,-6.2748,10,29,0,0.25641,0.04903,0.077908,0.023795,0.071534,0.003378,0.483054,0.00690955,19,0.011523,0.079454,True,2.242219,2.396322,2.904521,3.075124,0.0,0.0,"argmin val MAE over M_L=['linear_age', 'age_ridge', 'deployable_ridge']",0.603071,-0.005417672,0.629109,0.62945,0.622422,0.629211,0.629211,0.603071,0.781378,0.781163,0.789237,0.780521,0.780521,0.830408
NORAD68474,BLACK KITE-2,24,500,False,evaluated,229,229,0,0.0,145,45,39,deployable_ridge,0.629109,0.603071,4.1388,closed,closed,open,closed,closed,closed,0.781378,0.830408,0.04903,6.2748,-6.2748,10,29,0,0.25641,0.04903,0.077908,0.023795,0.071534,0.003378,0.483054,0.00690955,19,0.011523,0.079454,True,2.242219,2.396322,2.904521,3.075124,0.0,0.0,"argmin val MAE over M_L=['linear_age', 'age_ridge', 'deployable_ridge']",0.603071,-0.005417672,0.629109,0.62945,0.622422,0.629211,0.629211,0.603071,0.781378,0.781163,0.789237,0.780521,0.780521,0.830408
NORAD68474,BLACK KITE-2,24,1500,True,evaluated,229,229,0,0.0,145,45,39,deployable_ridge,0.629109,0.603071,4.1388,closed,closed,open,closed,closed,closed,0.781378,0.830408,0.04903,6.2748,-6.2748,10,29,0,0.25641,0.04903,0.077908,0.023795,0.071534,0.003378,0.483054,0.00690955,19,0.011523,0.079454,True,2.242219,2.396322,2.904521,3.075124,0.0,0.0,"argmin val MAE over M_L=['linear_age', 'age_ridge', 'deployable_ridge']",0.603071,-0.005417672,0.629109,0.62945,0.622422,0.629211,0.629211,0.603071,0.781378,0.781163,0.789237,0.780521,0.780521,0.830408
NORAD68474,BLACK KITE-2,24,3000,False,evaluated,229,229,0,0.0,145,45,39,deployable_ridge,0.629109,0.603071,4.1388,closed,closed,open,closed,closed,closed,0.781378,0.830408,0.04903,6.2748,-6.2748,10,29,0,0.25641,0.04903,0.077908,0.023795,0.071534,0.003378,0.483054,0.00690955,19,0.011523,0.079454,True,2.242219,2.396322,2.904521,3.075124,0.0,0.0,"argmin val MAE over M_L=['linear_age', 'age_ridge', 'deployable_ridge']",0.603071,-0.005417672,0.629109,0.62945,0.622422,0.629211,0.629211,0.603071,0.781378,0.781163,0.789237,0.780521,0.780521,0.830408
NORAD68474,BLACK KITE-2,48,none,False,evaluated,221,221,0,0.0,138,45,38,deployable_ridge,1.136671,1.093735,3.7773,closed,closed,closed,closed,closed,closed,1.74625,1.807933,0.061684,3.5324,-3.5324,12,26,0,0.315789,0.061684,0.123279,0.011657,0.105863,0.033552,1.0,0.05626733,19,-0.001061,0.119935,False,5.27615,5.429203,6.670849,6.84244,0.0,0.0,"argmin val MAE over M_L=['linear_age', 'age_ridge', 'deployable_ridge']",1.093735,-0.013897965,1.136671,1.137525,1.113471,1.137437,1.137423,1.093735,1.74625,1.745925,1.764323,1.746253,1.74616,1.807933
NORAD68474,BLACK KITE-2,48,150,False,evaluated,221,221,0,0.0,138,45,38,deployable_ridge,1.136671,1.093735,3.7773,closed,closed,closed,closed,closed,closed,1.74625,1.807933,0.061684,3.5324,-3.5324,12,26,0,0.315789,0.061684,0.123279,0.011657,0.105863,0.033552,1.0,0.05626733,19,-0.001061,0.119935,False,5.27615,5.429203,6.670849,6.84244,0.0,0.0,"argmin val MAE over M_L=['linear_age', 'age_ridge', 'deployable_ridge']",1.093735,-0.013897965,1.136671,1.137525,1.113471,1.137437,1.137423,1.093735,1.74625,1.745925,1.764323,1.746253,1.74616,1.807933
NORAD68474,BLACK KITE-2,48,500,False,evaluated,221,221,0,0.0,138,45,38,deployable_ridge,1.136671,1.093735,3.7773,closed,closed,closed,closed,closed,closed,1.74625,1.807933,0.061684,3.5324,-3.5324,12,26,0,0.315789,0.061684,0.123279,0.011657,0.105863,0.033552,1.0,0.05626733,19,-0.001061,0.119935,False,5.27615,5.429203,6.670849,6.84244,0.0,0.0,"argmin val MAE over M_L=['linear_age', 'age_ridge', 'deployable_ridge']",1.093735,-0.013897965,1.136671,1.137525,1.113471,1.137437,1.137423,1.093735,1.74625,1.745925,1.764323,1.746253,1.74616,1.807933
NORAD68474,BLACK KITE-2,48,1500,True,evaluated,221,221,0,0.0,138,45,38,deployable_ridge,1.136671,1.093735,3.7773,closed,closed,closed,closed,closed,closed,1.74625,1.807933,0.061684,3.5324,-3.5324,12,26,0,0.315789,0.061684,0.123279,0.011657,0.105863,0.033552,1.0,0.05626733,19,-0.001061,0.119935,False,5.27615,5.429203,6.670849,6.84244,0.0,0.0,"argmin val MAE over M_L=['linear_age', 'age_ridge', 'deployable_ridge']",1.093735,-0.013897965,1.136671,1.137525,1.113471,1.137437,1.137423,1.093735,1.74625,1.745925,1.764323,1.746253,1.74616,1.807933
NORAD68474,BLACK KITE-2,48,3000,False,evaluated,221,221,0,0.0,138,45,38,deployable_ridge,1.136671,1.093735,3.7773,closed,closed,closed,closed,closed,closed,1.74625,1.807933,0.061684,3.5324,-3.5324,12,26,0,0.315789,0.061684,0.123279,0.011657,0.105863,0.033552,1.0,0.05626733,19,-0.001061,0.119935,False,5.27615,5.429203,6.670849,6.84244,0.0,0.0,"argmin val MAE over M_L=['linear_age', 'age_ridge', 'deployable_ridge']",1.093735,-0.013897965,1.136671,1.137525,1.113471,1.137437,1.137423,1.093735,1.74625,1.745925,1.764323,1.746253,1.74616,1.807933
NORAD68474,BLACK KITE-2,72,none,False,evaluated,223,223,0,0.0,141,44,38,deployable_ridge,1.893941,1.87262,1.1257,closed,closed,closed,closed,closed,closed,2.558582,2.677097,0.118515,4.632,-4.632,13,25,0,0.342105,0.118515,0.14991,0.01162,0.217112,0.072951,1.0,0.11191347,18,-0.032608,0.258168,False,7.830972,8.037997,9.297955,9.469726,0.0,0.0,"argmin val MAE over M_L=['linear_age', 'age_ridge', 'deployable_ridge']",1.87262,-0.07337619,1.893941,1.893805,1.876764,1.895499,1.895051,1.87262,2.558582,2.558593,2.571695,2.559809,2.559452,2.677097
NORAD68474,BLACK KITE-2,72,150,False,evaluated,223,223,0,0.0,141,44,38,deployable_ridge,1.893941,1.87262,1.1257,closed,closed,closed,closed,closed,closed,2.558582,2.677097,0.118515,4.632,-4.632,13,25,0,0.342105,0.118515,0.14991,0.01162,0.217112,0.072951,1.0,0.11191347,18,-0.032608,0.258168,False,7.830972,8.037997,9.297955,9.469726,0.0,0.0,"argmin val MAE over M_L=['linear_age', 'age_ridge', 'deployable_ridge']",1.87262,-0.07337619,1.893941,1.893805,1.876764,1.895499,1.895051,1.87262,2.558582,2.558593,2.571695,2.559809,2.559452,2.677097
NORAD68474,BLACK KITE-2,72,500,False,evaluated,223,223,0,0.0,141,44,38,deployable_ridge,1.893941,1.87262,1.1257,closed,closed,closed,closed,closed,closed,2.558582,2.677097,0.118515,4.632,-4.632,13,25,0,0.342105,0.118515,0.14991,0.01162,0.217112,0.072951,1.0,0.11191347,18,-0.032608,0.258168,False,7.830972,8.037997,9.297955,9.469726,0.0,0.0,"argmin val MAE over M_L=['linear_age', 'age_ridge', 'deployable_ridge']",1.87262,-0.07337619,1.893941,1.893805,1.876764,1.895499,1.895051,1.87262,2.558582,2.558593,2.571695,2.559809,2.559452,2.677097
NORAD68474,BLACK KITE-2,72,1500,True,evaluated,223,223,0,0.0,141,44,38,deployable_ridge,1.893941,1.87262,1.1257,closed,closed,closed,closed,closed,closed,2.558582,2.677097,0.118515,4.632,-4.632,13,25,0,0.342105,0.118515,0.14991,0.01162,0.217112,0.072951,1.0,0.11191347,18,-0.032608,0.258168,False,7.830972,8.037997,9.297955,9.469726,0.0,0.0,"argmin val MAE over M_L=['linear_age', 'age_ridge', 'deployable_ridge']",1.87262,-0.07337619,1.893941,1.893805,1.876764,1.895499,1.895051,1.87262,2.558582,2.558593,2.571695,2.559809,2.559452,2.677097
NORAD68474,BLACK KITE-2,72,3000,False,evaluated,223,223,0,0.0,141,44,38,deployable_ridge,1.893941,1.87262,1.1257,closed,closed,closed,closed,closed,closed,2.558582,2.677097,0.118515,4.632,-4.632,13,25,0,0.342105,0.118515,0.14991,0.01162,0.217112,0.072951,1.0,0.11191347,18,-0.032608,0.258168,False,7.830972,8.037997,9.297955,9.469726,0.0,0.0,"argmin val MAE over M_L=['linear_age', 'age_ridge', 'deployable_ridge']",1.87262,-0.07337619,1.893941,1.893805,1.876764,1.895499,1.895051,1.87262,2.558582,2.558593,2.571695,2.559809,2.559452,2.677097
NORAD68474,BLACK KITE-2,96,none,False,evaluated,235,235,0,0.0,150,44,41,age_ridge,2.492873,2.493351,-0.0192,closed,closed,closed,closed,closed,closed,3.415531,3.416115,0.000584,0.0171,-0.0171,21,20,0,0.512195,0.000584,-8.7e-05,-0.00105,0.002482,1.0,1.0,1.0,19,-0.001296,0.003008,False,10.310719,10.308498,12.601626,12.59936,0.0,0.0,"argmin val MAE over M_L=['linear_age', 'age_ridge', 'deployable_ridge']",2.493351,-0.12512162,2.492873,2.492913,2.506452,2.493507,2.493351,2.631796,3.415531,3.4156,3.432355,3.416264,3.416115,3.525574
NORAD68474,BLACK KITE-2,96,150,False,evaluated,235,235,0,0.0,150,44,41,age_ridge,2.492873,2.493351,-0.0192,closed,closed,closed,closed,closed,closed,3.415531,3.416115,0.000584,0.0171,-0.0171,21,20,0,0.512195,0.000584,-8.7e-05,-0.00105,0.002482,1.0,1.0,1.0,19,-0.001296,0.003008,False,10.310719,10.308498,12.601626,12.59936,0.0,0.0,"argmin val MAE over M_L=['linear_age', 'age_ridge', 'deployable_ridge']",2.493351,-0.12512162,2.492873,2.492913,2.506452,2.493507,2.493351,2.631796,3.415531,3.4156,3.432355,3.416264,3.416115,3.525574
NORAD68474,BLACK KITE-2,96,500,False,evaluated,235,235,0,0.0,150,44,41,age_ridge,2.492873,2.493351,-0.0192,closed,closed,closed,closed,closed,closed,3.415531,3.416115,0.000584,0.0171,-0.0171,21,20,0,0.512195,0.000584,-8.7e-05,-0.00105,0.002482,1.0,1.0,1.0,19,-0.001296,0.003008,False,10.310719,10.308498,12.601626,12.59936,0.0,0.0,"argmin val MAE over M_L=['linear_age', 'age_ridge', 'deployable_ridge']",2.493351,-0.12512162,2.492873,2.492913,2.506452,2.493507,2.493351,2.631796,3.415531,3.4156,3.432355,3.416264,3.416115,3.525574
NORAD68474,BLACK KITE-2,96,1500,True,evaluated,235,235,0,0.0,150,44,41,age_ridge,2.492873,2.493351,-0.0192,closed,closed,closed,closed,closed,closed,3.415531,3.416115,0.000584,0.0171,-0.0171,21,20,0,0.512195,0.000584,-8.7e-05,-0.00105,0.002482,1.0,1.0,1.0,19,-0.001296,0.003008,False,10.310719,10.308498,12.601626,12.59936,0.0,0.0,"argmin val MAE over M_L=['linear_age', 'age_ridge', 'deployable_ridge']",2.493351,-0.12512162,2.492873,2.492913,2.506452,2.493507,2.493351,2.631796,3.415531,3.4156,3.432355,3.416264,3.416115,3.525574
NORAD68474,BLACK KITE-2,96,3000,False,evaluated,235,235,0,0.0,150,44,41,age_ridge,2.492873,2.493351,-0.0192,closed,closed,closed,closed,closed,closed,3.415531,3.416115,0.000584,0.0171,-0.0171,21,20,0,0.512195,0.000584,-8.7e-05,-0.00105,0.002482,1.0,1.0,1.0,19,-0.001296,0.003008,False,10.310719,10.308498,12.601626,12.59936,0.0,0.0,"argmin val MAE over M_L=['linear_age', 'age_ridge', 'deployable_ridge']",2.493351,-0.12512162,2.492873,2.492913,2.506452,2.493507,2.493351,2.631796,3.415531,3.4156,3.432355,3.416264,3.416115,3.525574
NORAD68474,BLACK KITE-2,168,none,False,evaluated,241,241,0,0.0,153,46,42,age_ridge,5.588089,5.590934,-0.0509,closed,closed,closed,closed,closed,closed,17.690351,17.693063,0.002712,0.0153,-0.0153,23,19,0,0.547619,0.002712,-0.004366,-0.008777,0.013894,0.643969,1.0,0.74623017,20,-0.012145,0.019704,False,53.331451,53.321286,72.433808,72.422718,0.000992,0.000992,"argmin val MAE over M_L=['linear_age', 'age_ridge', 'deployable_ridge']",5.590934,-0.282250004,5.588089,5.590799,5.638607,5.591045,5.590934,6.108634,17.690351,17.689773,17.711341,17.693994,17.693063,17.766516
NORAD68474,BLACK KITE-2,168,150,False,evaluated,241,235,6,2.4896,153,46,36,age_ridge,5.588089,5.590934,-0.0509,closed,closed,closed,closed,closed,closed,9.525179,9.533454,0.008275,0.0869,-0.0869,18,18,0,0.5,0.008275,0.000142,-0.003476,0.021018,1.0,1.0,1.0,19,-0.007642,0.025623,False,29.373447,29.349402,35.523515,35.498434,0.0,0.0,"argmin val MAE over M_L=['linear_age', 'age_ridge', 'deployable_ridge']",5.590934,-0.282250004,5.588089,5.590799,5.638607,5.591045,5.590934,6.108634,9.525179,9.527863,9.576727,9.535017,9.533454,9.857154
NORAD68474,BLACK KITE-2,168,500,False,evaluated,241,240,1,0.4149,153,46,41,age_ridge,5.588089,5.590934,-0.0509,closed,closed,closed,closed,closed,closed,15.570401,15.574492,0.004091,0.0263,-0.0263,22,19,0,0.536585,0.004091,-0.003742,-0.006806,0.015182,0.755229,1.0,0.84963263,20,-0.010321,0.021065,False,46.85279,46.839774,61.833031,61.819073,0.0,0.0,"argmin val MAE over M_L=['linear_age', 'age_ridge', 'deployable_ridge']",5.590934,-0.282250004,5.588089,5.590799,5.638607,5.591045,5.590934,6.108634,15.570401,15.57074,15.599406,15.575549,15.574492,15.703299
NORAD68474,BLACK KITE-2,168,1500,True,evaluated,241,241,0,0.0,153,46,42,age_ridge,5.588089,5.590934,-0.0509,closed,closed,closed,closed,closed,closed,17.690351,17.693063,0.002712,0.0153,-0.0153,23,19,0,0.547619,0.002712,-0.004366,-0.008777,0.013894,0.643969,1.0,0.74623017,20,-0.012145,0.019704,False,53.331451,53.321286,72.433808,72.422718,0.000992,0.000992,"argmin val MAE over M_L=['linear_age', 'age_ridge', 'deployable_ridge']",5.590934,-0.282250004,5.588089,5.590799,5.638607,5.591045,5.590934,6.108634,17.690351,17.689773,17.711341,17.693994,17.693063,17.766516
NORAD68474,BLACK KITE-2,168,3000,False,evaluated,241,241,0,0.0,153,46,42,age_ridge,5.588089,5.590934,-0.0509,closed,closed,closed,closed,closed,closed,17.690351,17.693063,0.002712,0.0153,-0.0153,23,19,0,0.547619,0.002712,-0.004366,-0.008777,0.013894,0.643969,1.0,0.74623017,20,-0.012145,0.019704,False,53.331451,53.321286,72.433808,72.422718,0.000992,0.000992,"argmin val MAE over M_L=['linear_age', 'age_ridge', 'deployable_ridge']",5.590934,-0.282250004,5.588089,5.590799,5.638607,5.591045,5.590934,6.108634,17.690351,17.689773,17.711341,17.693994,17.693063,17.766516
