satellite,satellite_name,norad_id,element_id,epoch_utc,same_epoch_rows,distinct_physical_solutions,policy,resolution,chosen_gp_id,chosen_creation_date,chosen_file,competing_gp_ids
NORAD25544,ISS (ZARYA),25544,25544|1999-09-17T00:25:19.235+00:00,1999-09-17T00:25:19.235999+00:00,2,2,latest_published,same_epoch_revision,31459853,2004-08-17T15:26:00,35569,31459852;31459853
NORAD25544,ISS (ZARYA),25544,25544|2001-05-04T20:06:09.000+00:00,2001-05-04T20:06:09.000288+00:00,2,2,latest_published,same_epoch_revision,36627529,2004-08-17T15:28:36,35621,106221;36627529
NORAD25544,ISS (ZARYA),25544,25544|2002-02-15T21:58:47.585+00:00,2002-02-15T21:58:47.585855+00:00,2,2,latest_published,same_epoch_revision,37264532,2004-08-17T15:29:57,35648,2150570;37264532
NORAD25544,ISS (ZARYA),25544,25544|2002-03-12T18:09:51.622+00:00,2002-03-12T18:09:51.622272+00:00,2,2,latest_published,same_epoch_revision,37320637,2004-08-17T15:30:03,35650,2321651;37320637
NORAD25544,ISS (ZARYA),25544,25544|2002-11-11T19:08:50.000+00:00,2002-11-11T19:08:50.000351+00:00,2,2,latest_published,same_epoch_revision,37828820,2004-08-17T15:31:06,35671,37828820;4038583
NORAD25544,ISS (ZARYA),25544,25544|2003-01-17T20:24:27.000+00:00,2003-01-17T20:24:27+00:00,2,2,latest_published,same_epoch_revision,37965641,2004-08-17T15:31:27,35678,37965641;4518723
NORAD25544,ISS (ZARYA),25544,25544|2004-06-02T10:05:59.999+00:00,2004-06-02T10:05:59.999711+00:00,2,2,latest_published,same_epoch_revision,38957382,2004-08-17T16:17:48,36605,38957382;7924050
NORAD25544,ISS (ZARYA),25544,25544|2004-06-22T22:59:19.999+00:00,2004-06-22T22:59:19.999967+00:00,2,2,latest_published,same_epoch_revision,8004935,2004-06-22T17:45:13,15447,8004933;8004935
NORAD25544,ISS (ZARYA),25544,25544|2004-06-27T22:16:49.999+00:00,2004-06-27T22:16:49.999871+00:00,2,2,latest_published,same_epoch_revision,8209884,2004-06-28T11:11:15,17446,8185059;8209884
NORAD25544,ISS (ZARYA),25544,25544|2004-06-30T20:30:59.999+00:00,2004-06-30T20:30:59.999904+00:00,2,2,latest_published,same_epoch_revision,8231929,2004-06-30T16:49:47,18287,8230919;8231929
NORAD25544,ISS (ZARYA),25544,25544|2004-07-05T18:14:09.999+00:00,2004-07-05T18:14:09.999743+00:00,2,2,latest_published,same_epoch_revision,8280354,2004-07-05T13:48:37,19943,8280349;8280354
NORAD25544,ISS (ZARYA),25544,25544|2004-07-07T17:34:20.000+00:00,2004-07-07T17:34:20.000352+00:00,2,2,latest_published,same_epoch_revision,8297467,2004-07-07T14:20:14,20298,8297454;8297467
NORAD25544,ISS (ZARYA),25544,25544|2004-07-15T17:27:09.000+00:00,2004-07-15T17:27:09+00:00,2,2,latest_published,same_epoch_revision,8377234,2004-07-15T13:52:38,23279,8377232;8377234
NORAD25544,ISS (ZARYA),25544,25544|2004-07-27T09:39:19.999+00:00,2004-07-27T09:39:19.999584+00:00,2,2,latest_published,same_epoch_revision,8489161,2004-07-27T05:50:24,27279,8489155;8489161
NORAD25544,ISS (ZARYA),25544,25544|2004-08-03T18:41:49.318+00:00,2004-08-03T18:41:49.318656+00:00,2,2,latest_published,same_epoch_revision,8566720,2004-08-03T16:26:44,29933,8566714;8566720
NORAD25544,ISS (ZARYA),25544,25544|2004-08-05T05:56:45.000+00:00,2004-08-05T05:56:45.000384+00:00,2,2,latest_published,same_epoch_revision,8579082,2004-08-05T02:19:02,30404,8579055;8579082
NORAD25544,ISS (ZARYA),25544,25544|2004-08-06T18:21:21.425+00:00,2004-08-06T18:21:21.425184+00:00,2,2,latest_published,same_epoch_revision,8638598,2004-08-12T16:29:44,30968,8638575;8638598
NORAD25544,ISS (ZARYA),25544,25544|2004-08-08T22:31:26.723+00:00,2004-08-08T22:31:26.723999+00:00,2,2,latest_published,same_epoch_revision,8645659,2004-08-12T17:10:19,31882,8611243;8645659
NORAD25544,ISS (ZARYA),25544,25544|2004-08-09T04:38:00.000+00:00,2004-08-09T04:38:00.000384+00:00,2,2,latest_published,same_epoch_revision,8646658,2004-08-12T17:52:42,31967,8646632;8646658
NORAD25544,ISS (ZARYA),25544,25544|2004-08-18T05:03:46.876+00:00,2004-08-18T05:03:46.876608+00:00,2,2,latest_published,same_epoch_revision,25584469,2004-08-18T00:40:55,35287,25575428;25584469
NORAD25544,ISS (ZARYA),25544,25544|2004-08-19T22:36:49.999+00:00,2004-08-19T22:36:49.999967+00:00,2,2,latest_published,same_epoch_revision,38163809,2004-08-20T10:10:49,36491,38077302;38163809
NORAD25544,ISS (ZARYA),25544,25544|2004-08-24T21:47:29.999+00:00,2004-08-24T21:47:29.999903+00:00,2,2,latest_published,same_epoch_revision,39007200,2004-08-24T17:36:21,37937,39007196;39007200
NORAD25544,ISS (ZARYA),25544,25544|2004-08-29T02:19:16.011+00:00,2004-08-29T02:19:16.011839+00:00,2,2,latest_published,same_epoch_revision,39042308,2004-08-28T21:45:04,39267,39042307;39042308
NORAD25544,ISS (ZARYA),25544,25544|2004-08-30T18:18:39.999+00:00,2004-08-30T18:18:39.999744+00:00,2,2,latest_published,same_epoch_revision,39066635,2004-08-30T13:49:55,39787,39066633;39066635
NORAD25544,ISS (ZARYA),25544,25544|2004-09-05T10:22:58.653+00:00,2004-09-05T10:22:58.653119+00:00,2,2,latest_published,same_epoch_revision,39112641,2004-09-05T13:21:04,41681,39112624;39112641
NORAD25544,ISS (ZARYA),25544,25544|2004-09-05T22:17:46.141+00:00,2004-09-05T22:17:46.141728+00:00,2,2,latest_published,same_epoch_revision,39132929,2004-09-06T13:53:34,41854,39131752;39132929
NORAD25544,ISS (ZARYA),25544,25544|2004-09-09T10:41:13.540+00:00,2004-09-09T10:41:13.540703+00:00,2,2,latest_published,same_epoch_revision,39162480,2004-09-09T04:55:43,43246,39162479;39162480
NORAD25544,ISS (ZARYA),25544,25544|2004-09-09T20:59:04.183+00:00,2004-09-09T20:59:04.183871+00:00,2,2,latest_published,same_epoch_revision,39170348,2004-09-09T17:05:09,43440,39169656;39170348
NORAD25544,ISS (ZARYA),25544,25544|2004-09-16T14:40:43.000+00:00,2004-09-16T14:40:43.000319+00:00,2,2,latest_published,same_epoch_revision,39238751,2004-09-16T10:38:29,45792,39238368;39238751
NORAD25544,ISS (ZARYA),25544,25544|2004-09-27T18:39:44.353+00:00,2004-09-27T18:39:44.353151+00:00,2,2,latest_published,same_epoch_revision,39340640,2004-09-27T14:00:46,49140,39340620;39340640
NORAD25544,ISS (ZARYA),25544,25544|2004-10-01T22:24:38.999+00:00,2004-10-01T22:24:38.999808+00:00,2,2,latest_published,same_epoch_revision,39394163,2004-10-04T05:10:40,51554,39377970;39394163
NORAD25544,ISS (ZARYA),25544,25544|2004-10-12T05:10:12.000+00:00,2004-10-12T05:10:12.000288+00:00,2,2,latest_published,same_epoch_revision,39482478,2004-10-12T02:03:59,54475,39482433;39482478
NORAD25544,ISS (ZARYA),25544,25544|2004-10-13T21:32:04.984+00:00,2004-10-13T21:32:04.984224+00:00,2,2,latest_published,same_epoch_revision,39501867,2004-10-13T18:10:49,55126,39500567;39501867
NORAD25544,ISS (ZARYA),25544,25544|2004-10-23T21:35:00.000+00:00,2004-10-23T21:35:00.000384+00:00,2,2,latest_published,same_epoch_revision,39598874,2004-10-23T17:05:18,58673,39598831;39598874
NORAD25544,ISS (ZARYA),25544,25544|2004-11-04T11:36:52.091+00:00,2004-11-04T11:36:52.091135+00:00,3,2,latest_published,same_epoch_revision,39717512,2004-11-04T08:10:07,62539,39717351;39717355;39717512
NORAD25544,ISS (ZARYA),25544,25544|2004-11-10T12:37:20.000+00:00,2004-11-10T12:37:20.000352+00:00,2,2,latest_published,same_epoch_revision,39785514,2004-11-10T10:10:06,64635,39785510;39785514
NORAD25544,ISS (ZARYA),25544,25544|2004-11-23T09:09:19.999+00:00,2004-11-23T09:09:19.999871+00:00,3,2,latest_published,same_epoch_revision,39915173,2004-11-23T08:13:07,68858,39907361;39907369;39915173
NORAD25544,ISS (ZARYA),25544,25544|2004-12-02T11:11:58.414+00:00,2004-12-02T11:11:58.414847+00:00,3,2,latest_published,same_epoch_revision,39998685,2004-12-02T08:00:36,72161,39998399;39998491;39998685
NORAD25544,ISS (ZARYA),25544,25544|2004-12-15T23:04:49.999+00:00,2004-12-15T23:04:49.999583+00:00,2,2,latest_published,same_epoch_revision,40141093,2004-12-15T17:27:16,77274,40141088;40141093
NORAD25544,ISS (ZARYA),25544,25544|2004-12-16T21:47:09.136+00:00,2004-12-16T21:47:09.136032+00:00,2,2,latest_published,same_epoch_revision,40151759,2004-12-16T17:25:01,77682,40151750;40151759
NORAD25544,ISS (ZARYA),25544,25544|2004-12-20T20:25:00.103+00:00,2004-12-20T20:25:00.103296+00:00,2,2,latest_published,same_epoch_revision,40193597,2004-12-20T17:36:06,79228,40193158;40193597
NORAD25544,ISS (ZARYA),25544,25544|2004-12-21T20:51:23.104+00:00,2004-12-21T20:51:23.104224+00:00,2,2,latest_published,same_epoch_revision,40204244,2004-12-21T17:44:10,79602,40202591;40204244
NORAD25544,ISS (ZARYA),25544,25544|2004-12-24T19:02:09.170+00:00,2004-12-24T19:02:09.170015+00:00,2,2,latest_published,same_epoch_revision,40235310,2004-12-24T16:10:44,80788,40233859;40235310
NORAD25544,ISS (ZARYA),25544,25544|2004-12-28T08:29:40.231+00:00,2004-12-28T08:29:40.231967+00:00,2,2,latest_published,same_epoch_revision,40268201,2004-12-28T02:20:35,81947,40268200;40268201
NORAD25544,ISS (ZARYA),25544,25544|2005-01-17T10:45:35.000+00:00,2005-01-17T10:45:35.000063+00:00,3,2,latest_published,same_epoch_revision,40478455,2005-01-17T11:16:07,89399,40470738;40478427;40478455
NORAD25544,ISS (ZARYA),25544,25544|2005-01-23T11:12:49.999+00:00,2005-01-23T11:12:49.999968+00:00,3,2,latest_published,same_epoch_revision,40535582,2005-01-23T08:23:44,91727,40533489;40533493;40535582
NORAD25544,ISS (ZARYA),25544,25544|2005-01-31T08:38:02.999+00:00,2005-01-31T08:38:02.999616+00:00,2,2,latest_published,same_epoch_revision,40616705,2005-01-31T03:19:13,94913,40616696;40616705
NORAD25544,ISS (ZARYA),25544,25544|2005-02-02T11:21:52.984+00:00,2005-02-02T11:21:52.984224+00:00,3,2,latest_published,same_epoch_revision,40644741,2005-02-02T08:41:24,95800,40637271;40637278;40644741
NORAD25544,ISS (ZARYA),25544,25544|2005-02-08T10:58:28.775+00:00,2005-02-08T10:58:28.775999+00:00,4,2,latest_published,same_epoch_revision,40706639,2005-02-08T08:07:32,98226,40699495;40699519;40700788;40706639
NORAD25544,ISS (ZARYA),25544,25544|2005-02-08T21:50:14.146+00:00,2005-02-08T21:50:14.146080+00:00,2,2,latest_published,same_epoch_revision,40708553,2005-02-08T17:36:13,98414,40708496;40708553
NORAD25544,ISS (ZARYA),25544,25544|2005-03-22T01:53:03.556+00:00,2005-03-22T01:53:03.556895+00:00,2,2,latest_published,same_epoch_revision,41128140,2005-03-21T20:20:59,115135,41128137;41128140
NORAD25544,ISS (ZARYA),25544,25544|2005-04-15T19:50:04.218+00:00,2005-04-15T19:50:04.218143+00:00,2,2,latest_published,same_epoch_revision,41386882,2005-04-15T18:04:43,125519,41385292;41386882
NORAD25544,ISS (ZARYA),25544,25544|2005-04-19T18:28:39.097+00:00,2005-04-19T18:28:39.097343+00:00,2,2,latest_published,same_epoch_revision,41429019,2005-04-19T17:48:17,127130,41427440;41429019
NORAD25544,ISS (ZARYA),25544,25544|2005-04-28T17:44:39.999+00:00,2005-04-28T17:44:39.999840+00:00,2,2,latest_published,same_epoch_revision,42037148,2005-04-28T14:01:15,130844,42037101;42037148
NORAD25544,ISS (ZARYA),25544,25544|2005-04-30T19:24:50.000+00:00,2005-04-30T19:24:50.000255+00:00,2,2,latest_published,same_epoch_revision,48092478,2005-04-30T15:25:41,131588,48092418;48092478
NORAD25544,ISS (ZARYA),25544,25544|2005-05-09T13:08:19.999+00:00,2005-05-09T13:08:19.999680+00:00,2,2,latest_published,same_epoch_revision,48187894,2005-05-09T10:23:32,134769,48187858;48187894
NORAD25544,ISS (ZARYA),25544,25544|2005-05-10T15:58:02.000+00:00,2005-05-10T15:58:02.000352+00:00,2,2,latest_published,same_epoch_revision,48198415,2005-05-10T10:53:43,135093,48198401;48198415
NORAD25544,ISS (ZARYA),25544,25544|2005-05-11T10:40:39.136+00:00,2005-05-11T10:40:39.136224+00:00,2,2,latest_published,same_epoch_revision,48201402,2005-05-11T05:51:28,135300,48201399;48201402
NORAD25544,ISS (ZARYA),25544,25544|2005-05-24T19:12:20.203+00:00,2005-05-24T19:12:20.203776+00:00,2,2,latest_published,same_epoch_revision,48354188,2005-05-25T07:10:49,140332,48346525;48354188
NORAD25544,ISS (ZARYA),25544,25544|2005-06-02T23:02:35.672+00:00,2005-06-02T23:02:35.672640+00:00,2,2,latest_published,same_epoch_revision,48444664,2005-06-02T22:18:25,143583,48444657;48444664
NORAD25544,ISS (ZARYA),25544,25544|2005-06-22T22:46:43.999+00:00,2005-06-22T22:46:43.999968+00:00,2,2,latest_published,same_epoch_revision,53803842,2005-06-22T18:00:16,150697,53803839;53803842
NORAD25544,ISS (ZARYA),25544,25544|2005-06-25T18:26:20.000+00:00,2005-06-25T18:26:20.000255+00:00,2,2,latest_published,same_epoch_revision,53817941,2005-06-25T14:13:59,151823,53817902;53817941
NORAD25544,ISS (ZARYA),25544,25544|2005-06-30T19:48:34.999+00:00,2005-06-30T19:48:34.999776+00:00,3,3,latest_published,same_epoch_revision,53844555,2005-06-30T16:32:33,153857,53843945;53844324;53844555
NORAD25544,ISS (ZARYA),25544,25544|2005-07-01T18:40:34.000+00:00,2005-07-01T18:40:34.000319+00:00,2,2,latest_published,same_epoch_revision,53847901,2005-07-01T14:01:09,154144,53847881;53847901
NORAD25544,ISS (ZARYA),25544,25544|2005-07-05T17:13:24.999+00:00,2005-07-05T17:13:24.999743+00:00,2,2,latest_published,same_epoch_revision,53867532,2005-07-05T12:47:28,155573,53867528;53867532
NORAD25544,ISS (ZARYA),25544,25544|2005-07-10T10:35:20.169+00:00,2005-07-10T10:35:20.169887+00:00,3,2,latest_published,same_epoch_revision,54097878,2005-07-10T10:07:19,157340,54090443;54097870;54097878
NORAD25544,ISS (ZARYA),25544,25544|2005-07-20T07:08:04.237+00:00,2005-07-20T07:08:04.237728+00:00,4,3,latest_published,same_epoch_revision,54197537,2005-07-20T09:14:55,161288,54195614;54195620;54195828;54197537
NORAD25544,ISS (ZARYA),25544,25544|2005-07-31T22:35:31.830+00:00,2005-07-31T22:35:31.830432+00:00,2,2,latest_published,same_epoch_revision,54321127,2005-07-31T17:56:29,165780,54321123;54321127
NORAD25544,ISS (ZARYA),25544,25544|2005-08-02T09:23:54.657+00:00,2005-08-02T09:23:54.657312+00:00,2,2,latest_published,same_epoch_revision,54333343,2005-08-02T03:55:21,166307,54333342;54333343
NORAD25544,ISS (ZARYA),25544,25544|2005-08-07T22:11:03.135+00:00,2005-08-07T22:11:03.135839+00:00,2,2,latest_published,same_epoch_revision,54394387,2005-08-07T21:40:43,168144,54394386;54394387
NORAD25544,ISS (ZARYA),25544,25544|2005-08-08T22:37:37.170+00:00,2005-08-08T22:37:37.170047+00:00,3,3,latest_published,same_epoch_revision,54406878,2005-08-09T02:34:55,168646,54405708;54405724;54406878
NORAD25544,ISS (ZARYA),25544,25544|2005-08-25T20:05:08.999+00:00,2005-08-25T20:05:08.999807+00:00,2,2,latest_published,same_epoch_revision,54588601,2005-08-25T18:13:21,175213,54588002;54588601
NORAD25544,ISS (ZARYA),25544,25544|2005-12-17T20:31:56.999+00:00,2005-12-17T20:31:56.999711+00:00,2,2,latest_published,same_epoch_revision,55804020,2005-12-17T16:00:13,216184,55802462;55804020
NORAD25544,ISS (ZARYA),25544,25544|2006-01-09T20:30:54.978+00:00,2006-01-09T20:30:54.978335+00:00,2,2,latest_published,same_epoch_revision,56062612,2006-01-10T05:10:37,224630,56054625;56062612
NORAD25544,ISS (ZARYA),25544,25544|2006-02-16T12:19:03.884+00:00,2006-02-16T12:19:03.884160+00:00,3,2,latest_published,same_epoch_revision,56451199,2006-02-16T08:02:38,237312,56449438;56449439;56451199
NORAD25544,ISS (ZARYA),25544,25544|2006-03-05T11:13:14.999+00:00,2006-03-05T11:13:14.999808+00:00,3,2,latest_published,same_epoch_revision,56631750,2006-03-05T07:08:43,242834,56631572;56631573;56631750
NORAD25544,ISS (ZARYA),25544,25544|2006-03-30T20:27:30.511+00:00,2006-03-30T20:27:30.511008+00:00,2,2,latest_published,same_epoch_revision,56917534,2006-03-31T10:10:25,251852,56907433;56917534
NORAD25544,ISS (ZARYA),25544,25544|2006-05-17T06:36:02.000+00:00,2006-05-17T06:36:02.000160+00:00,2,2,latest_published,same_epoch_revision,57426493,2006-05-17T08:12:01,268282,57426307;57426493
NORAD25544,ISS (ZARYA),25544,25544|2006-06-03T19:11:54.136+00:00,2006-06-03T19:11:54.136032+00:00,2,2,latest_published,same_epoch_revision,57615098,2006-06-03T14:38:59,273836,57615096;57615098
NORAD25544,ISS (ZARYA),25544,25544|2006-09-15T03:57:19.999+00:00,2006-09-15T03:57:19.999583+00:00,2,2,latest_published,same_epoch_revision,58763526,2006-09-15T04:04:45,309190,58761557;58763526
NORAD25544,ISS (ZARYA),25544,25544|2006-09-20T14:37:19.422+00:00,2006-09-20T14:37:19.422048+00:00,2,2,latest_published,same_epoch_revision,58820843,2006-09-20T09:38:20,310726,58820842;58820843
NORAD25544,ISS (ZARYA),25544,25544|2006-10-11T19:52:27.999+00:00,2006-10-11T19:52:27.999839+00:00,2,2,latest_published,same_epoch_revision,59060860,2006-10-11T18:26:43,317594,59060228;59060860
NORAD25544,ISS (ZARYA),25544,25544|2006-12-08T16:19:46.103+00:00,2006-12-08T16:19:46.103807+00:00,2,2,latest_published,same_epoch_revision,59717577,2006-12-08T11:17:30,338750,59717576;59717577
NORAD25544,ISS (ZARYA),25544,25544|2006-12-13T15:16:19.999+00:00,2006-12-13T15:16:19.999776+00:00,2,2,latest_published,same_epoch_revision,59774848,2006-12-13T14:07:48,340589,59774809;59774848
NORAD25544,ISS (ZARYA),25544,25544|2006-12-28T08:04:31.103+00:00,2006-12-28T08:04:31.103903+00:00,2,2,latest_published,same_epoch_revision,59938731,2006-12-28T07:16:44,345688,59937104;59938731
NORAD25544,ISS (ZARYA),25544,25544|2007-02-23T00:53:52.959+00:00,2007-02-23T00:53:52.959264+00:00,2,2,latest_published,same_epoch_revision,60587586,2007-02-22T19:43:18,367848,60587581;60587586
NORAD25544,ISS (ZARYA),25544,25544|2007-02-23T20:18:54.635+00:00,2007-02-23T20:18:54.635616+00:00,2,2,latest_published,same_epoch_revision,60607932,2007-02-24T10:10:27,368453,60597495;60607932
NORAD25544,ISS (ZARYA),25544,25544|2007-04-05T14:37:19.873+00:00,2007-04-05T14:37:19.873056+00:00,2,2,latest_published,same_epoch_revision,61111059,2007-04-05T15:31:21,385297,61111008;61111059
NORAD25544,ISS (ZARYA),25544,25544|2007-04-25T16:36:15.077+00:00,2007-04-25T16:36:15.077088+00:00,2,2,latest_published,same_epoch_revision,61347956,2007-04-25T11:04:08,393094,61347955;61347956
NORAD25544,ISS (ZARYA),25544,25544|2007-08-15T12:31:15.999+00:00,2007-08-15T12:31:15.999744+00:00,3,2,latest_published,same_epoch_revision,62780660,2007-08-15T07:55:08,438209,62780434;62780437;62780660
NORAD25544,ISS (ZARYA),25544,25544|2007-10-18T13:50:08.632+00:00,2007-10-18T13:50:08.632319+00:00,2,2,latest_published,same_epoch_revision,63590864,2007-10-18T08:58:36,464286,63590838;63590864
NORAD25544,ISS (ZARYA),25544,25544|2007-12-13T08:49:30.238+00:00,2007-12-13T08:49:30.238176+00:00,4,2,latest_published,same_epoch_revision,64291366,2007-12-13T14:22:18,486913,64290152;64290269;64290644;64291366
NORAD25544,ISS (ZARYA),25544,25544|2008-01-27T03:27:19.255+00:00,2008-01-27T03:27:19.255967+00:00,2,2,latest_published,same_epoch_revision,64867073,2008-01-27T11:10:27,504947,64859248;64867073
NORAD25544,ISS (ZARYA),25544,25544|2008-03-22T15:42:59.103+00:00,2008-03-22T15:42:59.103936+00:00,2,2,latest_published,same_epoch_revision,65576645,2008-03-22T11:12:48,528901,65576639;65576645
NORAD25544,ISS (ZARYA),25544,25544|2008-05-13T18:04:48.203+00:00,2008-05-13T18:04:48.203616+00:00,2,2,latest_published,same_epoch_revision,66252269,2008-05-15T16:23:12,553083,66234502;66252269
NORAD25544,ISS (ZARYA),25544,25544|2008-11-07T20:46:17.999+00:00,2008-11-07T20:46:17.999904+00:00,2,2,latest_published,same_epoch_revision,68664334,2008-11-08T09:11:45,630046,68656388;68664334
NORAD25544,ISS (ZARYA),25544,25544|2009-02-17T13:31:47.573+00:00,2009-02-17T13:31:47.573184+00:00,2,2,latest_published,same_epoch_revision,69962164,2009-02-17T07:22:01,673760,69961704;69962164
NORAD25544,ISS (ZARYA),25544,25544|2009-12-19T19:18:14.338+00:00,2009-12-19T19:18:14.338368+00:00,2,2,latest_published,same_epoch_revision,74526572,2009-12-19T16:16:21,816057,74525549;74526572
NORAD25544,ISS (ZARYA),25544,25544|2010-02-08T14:04:24.999+00:00,2010-02-08T14:04:24.999744+00:00,3,2,latest_published,same_epoch_revision,76375691,2010-02-08T09:13:47,841857,76366355;76374482;76375691
NORAD25544,ISS (ZARYA),25544,25544|2010-03-11T22:01:03.747+00:00,2010-03-11T22:01:03.747935+00:00,2,2,latest_published,same_epoch_revision,76815314,2010-03-12T07:55:52,863465,76804813;76815314
NORAD25544,ISS (ZARYA),25544,25544|2010-03-28T19:38:07.412+00:00,2010-03-28T19:38:07.412640+00:00,2,2,latest_published,same_epoch_revision,77062516,2010-03-28T16:50:13,871867,77061845;77062516
NORAD25544,ISS (ZARYA),25544,25544|2010-04-14T18:29:02.014+00:00,2010-04-14T18:29:02.014943+00:00,2,2,latest_published,same_epoch_revision,77329531,2010-04-15T07:53:36,881124,77318384;77329531
NORAD25544,ISS (ZARYA),25544,25544|2010-05-09T05:08:42.623+00:00,2010-05-09T05:08:42.623808+00:00,2,2,latest_published,same_epoch_revision,77676408,2010-05-09T00:43:16,893790,77675934;77676408
NORAD25544,ISS (ZARYA),25544,25544|2010-07-04T04:27:18.999+00:00,2010-07-04T04:27:18.999648+00:00,2,2,latest_published,same_epoch_revision,78486793,2010-07-03T23:29:32,922866,78486791;78486793
NORAD25544,ISS (ZARYA),25544,25544|2010-08-21T14:51:51.103+00:00,2010-08-21T14:51:51.103872+00:00,2,2,latest_published,same_epoch_revision,79183782,2010-08-21T15:17:30,948669,79183758;79183782
NORAD25544,ISS (ZARYA),25544,25544|2010-08-31T11:27:16.638+00:00,2010-08-31T11:27:16.638624+00:00,2,2,latest_published,same_epoch_revision,79321159,2010-08-31T07:32:05,954117,79321158;79321159
NORAD25544,ISS (ZARYA),25544,25544|2010-09-16T05:58:49.304+00:00,2010-09-16T05:58:49.304928+00:00,3,2,latest_published,same_epoch_revision,79558769,2010-09-16T07:55:40,962976,79558492;79558763;79558769
NORAD25544,ISS (ZARYA),25544,25544|2010-09-29T04:58:15.000+00:00,2010-09-29T04:58:15.000384+00:00,2,2,latest_published,same_epoch_revision,79747749,2010-09-29T03:23:54,969751,79743612;79747749
NORAD25544,ISS (ZARYA),25544,25544|2010-12-12T12:40:32.630+00:00,2010-12-12T12:40:32.630879+00:00,2,2,latest_published,same_epoch_revision,80791732,2010-12-12T07:21:41,1008650,80791692;80791732
NORAD25544,ISS (ZARYA),25544,25544|2010-12-17T05:14:11.297+00:00,2010-12-17T05:14:11.297184+00:00,2,2,latest_published,same_epoch_revision,80865569,2010-12-16T23:55:14,1011175,80864926;80865569
NORAD25544,ISS (ZARYA),25544,25544|2010-12-23T01:34:28.932+00:00,2010-12-23T01:34:28.932095+00:00,2,2,latest_published,same_epoch_revision,80952105,2010-12-22T19:51:42,1013907,80952101;80952105
NORAD25544,ISS (ZARYA),25544,25544|2011-01-24T20:54:30.394+00:00,2011-01-24T20:54:30.394367+00:00,2,2,latest_published,same_epoch_revision,81441510,2011-01-24T14:35:44,1029868,81441506;81441510
NORAD25544,ISS (ZARYA),25544,25544|2011-01-31T21:59:48.105+00:00,2011-01-31T21:59:48.105600+00:00,2,2,latest_published,same_epoch_revision,81551971,2011-02-01T08:17:17,1033185,81544024;81551971
NORAD25544,ISS (ZARYA),25544,25544|2011-02-03T20:08:49.237+00:00,2011-02-03T20:08:49.237728+00:00,2,2,latest_published,same_epoch_revision,81589365,2011-02-03T19:15:02,1034566,81586545;81589365
NORAD25544,ISS (ZARYA),25544,25544|2011-03-25T20:43:35.636+00:00,2011-03-25T20:43:35.636159+00:00,2,2,latest_published,same_epoch_revision,82333032,2011-03-25T15:58:38,1060709,82333018;82333032
NORAD25544,ISS (ZARYA),25544,25544|2011-04-22T10:28:21.962+00:00,2011-04-22T10:28:21.962783+00:00,3,2,latest_published,same_epoch_revision,82763609,2011-04-22T10:52:30,1076464,82754020;82761182;82763609
NORAD25544,ISS (ZARYA),25544,25544|2011-05-19T10:56:30.306+00:00,2011-05-19T10:56:30.306912+00:00,2,2,latest_published,same_epoch_revision,83163942,2011-05-19T07:02:23,1091516,83163475;83163942
NORAD25544,ISS (ZARYA),25544,25544|2011-06-03T16:41:22.994+00:00,2011-06-03T16:41:22.994591+00:00,2,2,latest_published,same_epoch_revision,83401711,2011-06-03T15:01:31,1099614,83401677;83401711
NORAD25544,ISS (ZARYA),25544,25544|2011-06-16T10:42:43.655+00:00,2011-06-16T10:42:43.655039+00:00,3,2,latest_published,same_epoch_revision,83598280,2011-06-16T17:25:10,1106741,83598004;83598048;83598280
NORAD25544,ISS (ZARYA),25544,25544|2011-07-05T03:44:53.175+00:00,2011-07-05T03:44:53.175264+00:00,3,2,latest_published,same_epoch_revision,83894972,2011-07-05T10:02:26,1116637,83882288;83884550;83894972
NORAD25544,ISS (ZARYA),25544,25544|2011-08-15T05:03:36.474+00:00,2011-08-15T05:03:36.474912+00:00,2,2,latest_published,same_epoch_revision,84509044,2011-08-14T23:49:36,1138130,84509043;84509044
NORAD25544,ISS (ZARYA),25544,25544|2011-09-11T21:06:39.659+00:00,2011-09-11T21:06:39.659616+00:00,2,2,latest_published,same_epoch_revision,84933282,2011-09-11T17:14:19,1152309,84932240;84933282
NORAD25544,ISS (ZARYA),25544,25544|2011-09-22T21:07:13.036+00:00,2011-09-22T21:07:13.036800+00:00,2,2,latest_published,same_epoch_revision,85100298,2011-09-22T17:10:12,1159730,85099293;85100298
NORAD25544,ISS (ZARYA),25544,25544|2011-12-18T12:17:20.104+00:00,2011-12-18T12:17:20.104799+00:00,3,2,latest_published,same_epoch_revision,86409828,2011-12-18T11:03:28,1208629,86400118;86402912;86409828
NORAD25544,ISS (ZARYA),25544,25544|2011-12-20T09:05:32.881+00:00,2011-12-20T09:05:32.881055+00:00,3,2,latest_published,same_epoch_revision,86439431,2011-12-20T12:30:52,1209833,86429811;86431667;86439431
NORAD25544,ISS (ZARYA),25544,25544|2011-12-21T13:40:52.000+00:00,2011-12-21T13:40:52.000320+00:00,3,2,latest_published,same_epoch_revision,86453858,2011-12-21T11:37:21,1210357,86445446;86445485;86453858
NORAD25544,ISS (ZARYA),25544,25544|2012-01-13T19:16:10.902+00:00,2012-01-13T19:16:10.902144+00:00,2,2,latest_published,same_epoch_revision,86810788,2012-01-13T13:35:12,1223255,86810783;86810788
NORAD25544,ISS (ZARYA),25544,25544|2012-03-07T13:43:54.897+00:00,2012-03-07T13:43:54.897887+00:00,3,2,latest_published,same_epoch_revision,87609471,2012-03-07T09:01:18,1249898,87606597;87608350;87609471
NORAD25544,ISS (ZARYA),25544,25544|2012-04-11T06:30:38.000+00:00,2012-04-11T06:30:38.000159+00:00,2,2,latest_published,same_epoch_revision,88143748,2012-04-11T01:21:42,1268772,88142559;88143748
NORAD25544,ISS (ZARYA),25544,25544|2012-07-17T20:23:53.469+00:00,2012-07-17T20:23:53.469023+00:00,2,2,latest_published,same_epoch_revision,89652562,2012-07-18T09:32:12,1319988,89641402;89652562
NORAD25544,ISS (ZARYA),25544,25544|2012-07-19T14:59:54.522+00:00,2012-07-19T14:59:54.522240+00:00,2,2,latest_published,same_epoch_revision,89671317,2012-07-19T11:04:10,1320537,89671256;89671317
NORAD25544,ISS (ZARYA),25544,25544|2012-08-02T19:48:51.000+00:00,2012-08-02T19:48:51.000192+00:00,2,2,latest_published,same_epoch_revision,89897347,2012-08-02T15:34:15,1328485,89896303;89897347
NORAD25544,ISS (ZARYA),25544,25544|2012-10-21T13:50:12.000+00:00,2012-10-21T13:50:12.000191+00:00,3,2,latest_published,same_epoch_revision,91149088,2012-10-21T12:17:07,1371151,91138183;91141233;91149088
NORAD25544,ISS (ZARYA),25544,25544|2012-11-07T11:08:28.506+00:00,2012-11-07T11:08:28.506911+00:00,2,2,latest_published,same_epoch_revision,91330926,2012-11-07T05:34:20,1381790,91330923;91330926
NORAD25544,ISS (ZARYA),25544,25544|2012-11-08T05:25:25.000+00:00,2012-11-08T05:25:25.000319+00:00,3,2,latest_published,same_epoch_revision,91338284,2012-11-09T13:54:43,1382829,91332257;91332276;91338284
NORAD25544,ISS (ZARYA),25544,25544|2012-11-23T18:30:33.077+00:00,2012-11-23T18:30:33.077952+00:00,2,2,latest_published,same_epoch_revision,91469350,2012-11-23T13:14:53,1391759,91469344;91469350
NORAD25544,ISS (ZARYA),25544,25544|2013-03-07T05:15:51.000+00:00,2013-03-07T05:15:51.000191+00:00,2,2,latest_published,same_epoch_revision,92348745,2013-03-06T23:48:59,1450312,92347791;92348745
NORAD25544,ISS (ZARYA),25544,25544|2013-03-19T20:28:13.152+00:00,2013-03-19T20:28:13.152863+00:00,2,2,latest_published,same_epoch_revision,92453551,2013-03-19T17:03:04,1457103,92452644;92453551
NORAD25544,ISS (ZARYA),25544,25544|2013-05-25T05:46:02.732+00:00,2013-05-25T05:46:02.732160+00:00,2,2,latest_published,same_epoch_revision,92943231,2013-05-25T00:41:37,1490686,92942683;92943231
NORAD25544,ISS (ZARYA),25544,25544|2013-06-11T12:30:22.104+00:00,2013-06-11T12:30:22.104288+00:00,2,2,latest_published,same_epoch_revision,93079768,2013-06-11T08:42:18,1498877,93079667;93079768
NORAD25544,ISS (ZARYA),25544,25544|2013-07-02T20:37:47.286+00:00,2013-07-02T20:37:47.286048+00:00,2,2,latest_published,same_epoch_revision,93234295,2013-07-02T15:42:28,1509968,93234276;93234295
NORAD25544,ISS (ZARYA),25544,25544|2013-07-03T21:45:41.000+00:00,2013-07-03T21:45:41.000255+00:00,2,2,latest_published,same_epoch_revision,93243315,2013-07-03T16:58:50,1510498,93242691;93243315
NORAD25544,ISS (ZARYA),25544,25544|2013-07-16T02:41:16.999+00:00,2013-07-16T02:41:16.999584+00:00,2,2,latest_published,same_epoch_revision,93336889,2013-07-15T23:57:12,1516703,93336834;93336889
NORAD25544,ISS (ZARYA),25544,25544|2013-09-04T03:48:40.172+00:00,2013-09-04T03:48:40.172255+00:00,2,2,latest_published,same_epoch_revision,93746131,2013-09-03T23:51:04,1541909,93746114;93746131
NORAD25544,ISS (ZARYA),25544,25544|2013-09-22T14:07:07.315+00:00,2013-09-22T14:07:07.315967+00:00,3,2,latest_published,same_epoch_revision,93897342,2013-09-22T15:26:36,1551124,93896469;93896514;93897342
NORAD25544,ISS (ZARYA),25544,25544|2013-09-30T04:45:41.039+00:00,2013-09-30T04:45:41.039424+00:00,2,2,latest_published,same_epoch_revision,93960179,2013-09-30T06:23:27,1555388,93960003;93960179
NORAD25544,ISS (ZARYA),25544,25544|2013-10-05T20:46:47.697+00:00,2013-10-05T20:46:47.697311+00:00,2,2,latest_published,same_epoch_revision,94008854,2013-10-05T22:40:14,1558547,94008476;94008854
NORAD25544,ISS (ZARYA),25544,25544|2013-11-05T05:20:28.000+00:00,2013-11-05T05:20:28.000319+00:00,2,2,latest_published,same_epoch_revision,94265051,2013-11-05T06:54:37,1576125,94264941;94265051
NORAD25544,ISS (ZARYA),25544,25544|2013-11-11T05:36:48.344+00:00,2013-11-11T05:36:48.344831+00:00,2,2,latest_published,same_epoch_revision,94315900,2013-11-11T06:45:07,1579413,94315786;94315900
NORAD25544,ISS (ZARYA),25544,25544|2013-11-11T14:54:35.944+00:00,2013-11-11T14:54:35.944703+00:00,2,2,latest_published,same_epoch_revision,94320895,2013-11-11T16:14:30,1579630,94319439;94320895
NORAD25544,ISS (ZARYA),25544,25544|2014-02-03T13:25:21.103+00:00,2014-02-03T13:25:21.103392+00:00,3,2,latest_published,same_epoch_revision,95062317,2014-02-03T15:57:34,1625919,95060373;95060519;95062317
NORAD25544,ISS (ZARYA),25544,25544|2014-02-24T13:42:23.019+00:00,2014-02-24T13:42:23.019264+00:00,2,2,latest_published,same_epoch_revision,95247669,2014-02-24T14:46:13,1637721,95247569;95247669
NORAD25544,ISS (ZARYA),25544,25544|2014-03-18T03:39:30.786+00:00,2014-03-18T03:39:30.786623+00:00,2,2,latest_published,same_epoch_revision,95439937,2014-03-18T06:07:19,1650747,95439920;95439937
NORAD25544,ISS (ZARYA),25544,25544|2014-04-30T05:09:04.254+00:00,2014-04-30T05:09:04.254911+00:00,3,2,latest_published,same_epoch_revision,95817569,2014-04-30T14:31:13,1674914,95814183;95816925;95817569
NORAD25544,ISS (ZARYA),25544,25544|2014-05-05T02:45:08.779+00:00,2014-05-05T02:45:08.779679+00:00,2,2,latest_published,same_epoch_revision,95859553,2014-05-05T06:35:28,1677706,95858619;95859553
NORAD25544,ISS (ZARYA),25544,25544|2014-07-04T02:55:41.104+00:00,2014-07-04T02:55:41.104127+00:00,2,2,latest_published,same_epoch_revision,96358119,2014-07-04T06:22:16,1708223,96357724;96358119
NORAD25544,ISS (ZARYA),25544,25544|2014-07-05T02:07:19.104+00:00,2014-07-05T02:07:19.104383+00:00,2,2,latest_published,same_epoch_revision,96369140,2014-07-05T11:14:23,1708852,96366215;96369140
NORAD25544,ISS (ZARYA),25544,25544|2014-07-07T12:56:07.732+00:00,2014-07-07T12:56:07.732032+00:00,3,2,latest_published,same_epoch_revision,96389025,2014-07-07T15:06:31,1709941,96387559;96388542;96389025
NORAD25544,ISS (ZARYA),25544,25544|2014-08-11T05:23:15.275+00:00,2014-08-11T05:23:15.275903+00:00,2,2,latest_published,same_epoch_revision,96688243,2014-08-11T06:59:42,1728033,96687705;96688243
NORAD25544,ISS (ZARYA),25544,25544|2014-11-02T04:03:59.108+00:00,2014-11-02T04:03:59.108832+00:00,2,2,latest_published,same_epoch_revision,97415019,2014-11-02T05:46:17,1772045,97415018;97415019
NORAD25544,ISS (ZARYA),25544,25544|2014-12-06T19:42:21.940+00:00,2014-12-06T19:42:21.940991+00:00,2,2,latest_published,same_epoch_revision,97712165,2014-12-06T20:23:36,1789304,97712164;97712165
NORAD25544,ISS (ZARYA),25544,25544|2015-03-11T21:23:47.821+00:00,2015-03-11T21:23:47.821343+00:00,2,2,latest_published,same_epoch_revision,98566708,2015-03-12T05:24:32,1839213,98565262;98566708
NORAD25544,ISS (ZARYA),25544,25544|2015-04-02T05:22:00.125+00:00,2015-04-02T05:22:00.125184+00:00,2,2,latest_published,same_epoch_revision,98760330,2015-04-02T06:36:23,1849837,98759907;98760330
NORAD25544,ISS (ZARYA),25544,25544|2015-04-29T13:50:31.098+00:00,2015-04-29T13:50:31.098911+00:00,2,2,latest_published,same_epoch_revision,99012811,2015-04-29T14:44:45,1863404,99011867;99012811
NORAD25544,ISS (ZARYA),25544,25544|2015-06-24T12:58:13.857+00:00,2015-06-24T12:58:13.857887+00:00,2,2,latest_published,same_epoch_revision,99594397,2015-06-24T14:44:17,1889559,99593172;99594397
NORAD25544,ISS (ZARYA),25544,25544|2015-08-15T06:42:14.829+00:00,2015-08-15T06:42:14.829984+00:00,3,2,latest_published,same_epoch_revision,100053851,2015-08-15T15:46:57,1913312,100051139;100051736;100053851
NORAD25544,ISS (ZARYA),25544,25544|2015-10-12T04:39:45.798+00:00,2015-10-12T04:39:45.798048+00:00,3,2,latest_published,same_epoch_revision,101015081,2015-10-12T14:18:42,1938723,101012085;101012092;101015081
NORAD25544,ISS (ZARYA),25544,25544|2015-10-28T09:09:43.537+00:00,2015-10-28T09:09:43.537824+00:00,3,2,latest_published,same_epoch_revision,101308010,2015-10-28T14:35:44,1945976,101307083;101307084;101308010
NORAD25544,ISS (ZARYA),25544,25544|2015-11-07T19:24:46.495+00:00,2015-11-07T19:24:46.495008+00:00,2,2,latest_published,same_epoch_revision,101506811,2015-11-07T23:02:11,1950657,101504973;101506811
NORAD25544,ISS (ZARYA),25544,25544|2015-11-11T12:29:47.405+00:00,2015-11-11T12:29:47.405184+00:00,3,2,latest_published,same_epoch_revision,101568496,2015-11-11T15:47:56,1952215,101565094;101565794;101568496
NORAD25544,ISS (ZARYA),25544,25544|2015-12-18T03:54:03.625+00:00,2015-12-18T03:54:03.625344+00:00,2,2,latest_published,same_epoch_revision,102232644,2015-12-18T06:47:09,1967899,102231440;102232644
NORAD25544,ISS (ZARYA),25544,25544|2015-12-23T02:55:23.769+00:00,2015-12-23T02:55:23.769696+00:00,3,3,latest_published,same_epoch_revision,102326347,2015-12-23T11:15:34,1970358,102323191;102324244;102326347
NORAD25544,ISS (ZARYA),25544,25544|2015-12-29T00:45:45.535+00:00,2015-12-29T00:45:45.535392+00:00,2,2,latest_published,same_epoch_revision,102433214,2015-12-29T06:54:11,1972998,102431663;102433214
NORAD25544,ISS (ZARYA),25544,25544|2016-01-06T22:57:36.277+00:00,2016-01-06T22:57:36.277632+00:00,2,2,latest_published,same_epoch_revision,102595245,2016-01-07T05:29:16,1976987,102594584;102595245
NORAD25544,ISS (ZARYA),25544,25544|2016-01-13T18:38:49.555+00:00,2016-01-13T18:38:49.555680+00:00,2,2,latest_published,same_epoch_revision,102720959,2016-01-13T23:50:09,1979975,102718410;102720959
NORAD25544,ISS (ZARYA),25544,25544|2016-01-17T13:39:18.447+00:00,2016-01-17T13:39:18.447264+00:00,3,2,latest_published,same_epoch_revision,102780173,2016-01-17T15:49:53,1981546,102776883;102778087;102780173
NORAD25544,ISS (ZARYA),25544,25544|2016-02-05T12:40:39.080+00:00,2016-02-05T12:40:39.080640+00:00,3,2,latest_published,same_epoch_revision,103134400,2016-02-05T15:56:22,1990153,103130833;103133212;103134400
NORAD25544,ISS (ZARYA),25544,25544|2016-02-26T00:51:29.189+00:00,2016-02-26T00:51:29.189664+00:00,2,2,latest_published,same_epoch_revision,103520649,2016-02-26T09:57:39,1999326,103516799;103520649
NORAD25544,ISS (ZARYA),25544,25544|2016-02-27T01:43:10.281+00:00,2016-02-27T01:43:10.281792+00:00,2,2,latest_published,same_epoch_revision,103537986,2016-02-27T07:02:57,1999744,103536166;103537986
NORAD25544,ISS (ZARYA),25544,25544|2016-03-21T12:58:55.621+00:00,2016-03-21T12:58:55.621056+00:00,3,2,latest_published,same_epoch_revision,103951644,2016-03-21T14:13:41,2010045,103951413;103951415;103951644
NORAD25544,ISS (ZARYA),25544,25544|2016-03-21T20:02:53.999+00:00,2016-03-21T20:02:53.999808+00:00,2,2,latest_published,same_epoch_revision,103973125,2016-03-22T15:39:44,2010397,103963133;103973125
NORAD25544,ISS (ZARYA),25544,25544|2016-04-01T11:19:42.239+00:00,2016-04-01T11:19:42.239424+00:00,3,2,latest_published,same_epoch_revision,104143473,2016-04-01T15:37:12,2014820,104140449;104140451;104143473
NORAD25544,ISS (ZARYA),25544,25544|2016-04-12T06:27:19.848+00:00,2016-04-12T06:27:19.848672+00:00,3,2,latest_published,same_epoch_revision,104337776,2016-04-12T15:47:35,2019703,104334401;104334405;104337776
NORAD25544,ISS (ZARYA),25544,25544|2016-05-03T22:18:50.252+00:00,2016-05-03T22:18:50.252256+00:00,2,2,latest_published,same_epoch_revision,104728109,2016-05-04T04:20:30,2029420,104728103;104728109
NORAD25544,ISS (ZARYA),25544,25544|2016-05-14T17:43:28.553+00:00,2016-05-14T17:43:28.553088+00:00,2,2,latest_published,same_epoch_revision,104916769,2016-05-14T23:19:16,2034033,104914311;104916769
NORAD25544,ISS (ZARYA),25544,25544|2016-05-19T13:17:41.565+00:00,2016-05-19T13:17:41.565120+00:00,3,2,latest_published,same_epoch_revision,104992168,2016-05-19T14:53:52,2035916,104991686;104992077;104992168
NORAD25544,ISS (ZARYA),25544,25544|2016-05-31T12:11:51.251+00:00,2016-05-31T12:11:51.251712+00:00,3,2,latest_published,same_epoch_revision,105207889,2016-05-31T15:05:04,2041042,105206060;105206061;105207889
NORAD25544,ISS (ZARYA),25544,25544|2016-06-11T12:19:08.490+00:00,2016-06-11T12:19:08.490144+00:00,3,2,latest_published,same_epoch_revision,105407654,2016-06-11T14:24:29,2045614,105407127;105407128;105407654
NORAD25544,ISS (ZARYA),25544,25544|2016-06-21T02:09:01.884+00:00,2016-06-21T02:09:01.884960+00:00,4,3,latest_published,same_epoch_revision,105584283,2016-06-21T06:10:02,2049607,105584276;105584277;105584278;105584283
NORAD25544,ISS (ZARYA),25544,25544|2016-06-23T00:23:07.869+00:00,2016-06-23T00:23:07.869120+00:00,3,2,latest_published,same_epoch_revision,105626229,2016-06-23T14:15:59,2050740,105620277;105620289;105626229
NORAD25544,ISS (ZARYA),25544,25544|2016-06-24T01:07:16.177+00:00,2016-06-24T01:07:16.177728+00:00,2,2,latest_published,same_epoch_revision,105640336,2016-06-24T06:20:23,2051043,105640032;105640336
NORAD25544,ISS (ZARYA),25544,25544|2016-06-25T01:44:02.889+00:00,2016-06-25T01:44:02.889888+00:00,2,2,latest_published,same_epoch_revision,105658670,2016-06-25T05:57:44,2051463,105658663;105658670
NORAD25544,ISS (ZARYA),25544,25544|2016-07-05T20:43:23.382+00:00,2016-07-05T20:43:23.382912+00:00,2,2,latest_published,same_epoch_revision,105861643,2016-07-06T06:00:23,2056473,105861637;105861643
NORAD25544,ISS (ZARYA),25544,25544|2016-07-11T12:31:20.013+00:00,2016-07-11T12:31:20.013888+00:00,3,2,latest_published,same_epoch_revision,105957923,2016-07-11T14:34:47,2058751,105957045;105957046;105957923
NORAD25544,ISS (ZARYA),25544,25544|2016-07-11T18:39:00.259+00:00,2016-07-11T18:39:00.259776+00:00,2,2,latest_published,same_epoch_revision,105970194,2016-07-11T22:36:24,2058929,105969356;105970194
NORAD25544,ISS (ZARYA),25544,25544|2016-07-29T04:43:22.122+00:00,2016-07-29T04:43:22.122912+00:00,2,2,latest_published,same_epoch_revision,106273840,2016-07-29T05:58:24,2066135,106273836;106273840
NORAD25544,ISS (ZARYA),25544,25544|2016-08-15T05:36:04.756+00:00,2016-08-15T05:36:04.756032+00:00,2,2,latest_published,same_epoch_revision,106553120,2016-08-15T15:38:49,2072069,106553048;106553120
NORAD25544,ISS (ZARYA),25544,25544|2016-09-09T18:08:51.340+00:00,2016-09-09T18:08:51.340128+00:00,2,2,latest_published,same_epoch_revision,107043330,2016-09-09T21:27:35,2084339,107043318;107043330
NORAD25544,ISS (ZARYA),25544,25544|2016-10-12T04:02:36.468+00:00,2016-10-12T04:02:36.468096+00:00,2,2,latest_published,same_epoch_revision,107629009,2016-10-12T04:28:31,2098748,107629008;107629009
NORAD25544,ISS (ZARYA),25544,25544|2016-12-24T00:39:19.312+00:00,2016-12-24T00:39:19.312704+00:00,2,2,latest_published,same_epoch_revision,108965907,2016-12-24T04:56:00,2130559,108965898;108965907
NORAD25544,ISS (ZARYA),25544,25544|2017-01-24T12:57:47.270+00:00,2017-01-24T12:57:47.270880+00:00,2,2,latest_published,same_epoch_revision,109580933,2017-01-26T19:03:08,2144633,109563935;109580933
NORAD25544,ISS (ZARYA),25544,25544|2017-02-10T13:16:44.000+00:00,2017-02-10T13:16:44.000256+00:00,3,2,latest_published,same_epoch_revision,109832481,2017-02-10T17:33:55,2149934,109822341;109822884;109832481
NORAD25544,ISS (ZARYA),25544,25544|2017-02-17T03:17:18.635+00:00,2017-02-17T03:17:18.635136+00:00,3,2,latest_published,same_epoch_revision,109953417,2017-02-17T15:56:30,2153178,109946760;109947513;109953417
NORAD25544,ISS (ZARYA),25544,25544|2017-02-21T13:18:22.599+00:00,2017-02-21T13:18:22.599072+00:00,3,2,latest_published,same_epoch_revision,110021396,2017-02-21T15:47:30,2155038,110018136;110019067;110021396
NORAD25544,ISS (ZARYA),25544,25544|2017-02-23T21:17:40.727+00:00,2017-02-23T21:17:40.727616+00:00,2,2,latest_published,same_epoch_revision,110070967,2017-02-23T22:40:57,2156249,110069967;110070967
NORAD25544,ISS (ZARYA),25544,25544|2017-03-03T17:49:09.999+00:00,2017-03-03T17:49:09.999840+00:00,2,2,latest_published,same_epoch_revision,110212409,2017-03-03T22:39:56,2160337,110211335;110212409
NORAD25544,ISS (ZARYA),25544,25544|2017-03-08T20:47:09.328+00:00,2017-03-08T20:47:09.328416+00:00,2,2,latest_published,same_epoch_revision,110306621,2017-03-08T23:38:18,2162627,110303642;110306621
NORAD25544,ISS (ZARYA),25544,25544|2017-03-11T18:26:18.045+00:00,2017-03-11T18:26:18.045024+00:00,2,2,latest_published,same_epoch_revision,110360601,2017-03-11T23:32:00,2164021,110358516;110360601
NORAD25544,ISS (ZARYA),25544,25544|2017-08-18T02:39:20.260+00:00,2017-08-18T02:39:20.260224+00:00,2,2,latest_published,same_epoch_revision,113365335,2017-08-18T04:20:51,2168910,113365334;113365335
NORAD25544,ISS (ZARYA),25544,25544|2017-08-18T13:10:17.050+00:00,2017-08-18T13:10:17.050944+00:00,3,2,latest_published,same_epoch_revision,113376215,2017-08-18T14:32:47,2169047,113375522;113375523;113376215
NORAD25544,ISS (ZARYA),25544,25544|2017-08-22T23:45:53.015+00:00,2017-08-22T23:45:53.015616+00:00,2,2,latest_published,same_epoch_revision,113498534,2017-08-23T04:32:32,2171077,113498533;113498534
NORAD25544,ISS (ZARYA),25544,25544|2017-08-27T13:14:02.476+00:00,2017-08-27T13:14:02.476320+00:00,3,2,latest_published,same_epoch_revision,113624373,2017-08-28T14:52:25,2173060,113607668;113621998;113624373
NORAD25544,ISS (ZARYA),25544,25544|2017-08-30T13:39:16.657+00:00,2017-08-30T13:39:16.657056+00:00,3,2,latest_published,same_epoch_revision,113682485,2017-08-30T14:34:17,2174352,113681651;113681652;113682485
NORAD25544,ISS (ZARYA),25544,25544|2017-09-04T13:03:22.999+00:00,2017-09-04T13:03:22.999680+00:00,2,2,latest_published,same_epoch_revision,113829092,2017-09-05T14:29:46,2176555,113812520;113829092
NORAD25544,ISS (ZARYA),25544,25544|2017-09-23T12:07:48.061+00:00,2017-09-23T12:07:48.061632+00:00,3,2,latest_published,same_epoch_revision,114292056,2017-09-23T14:19:19,2183244,114291494;114291741;114292056
NORAD25544,ISS (ZARYA),25544,25544|2017-09-24T11:19:21.480+00:00,2017-09-24T11:19:21.480096+00:00,2,2,latest_published,same_epoch_revision,114320161,2017-09-24T19:03:19,2183818,114317163;114320161
NORAD25544,ISS (ZARYA),25544,25544|2017-09-26T11:07:01.446+00:00,2017-09-26T11:07:01.446816+00:00,3,2,latest_published,same_epoch_revision,114370477,2017-09-26T13:55:27,2184527,114370229;114370230;114370477
NORAD25544,ISS (ZARYA),25544,25544|2017-10-04T07:26:42.492+00:00,2017-10-04T07:26:42.492192+00:00,3,2,latest_published,same_epoch_revision,114579283,2017-10-04T13:39:34,2187729,114579031;114579033;114579283
NORAD25544,ISS (ZARYA),25544,25544|2017-10-08T12:38:46.999+00:00,2017-10-08T12:38:46.999968+00:00,3,2,latest_published,same_epoch_revision,114670555,2017-10-08T16:13:10,2189549,114666317;114666321;114670555
NORAD25544,ISS (ZARYA),25544,25544|2017-10-12T05:14:37.679+00:00,2017-10-12T05:14:37.679424+00:00,2,2,latest_published,same_epoch_revision,114764016,2017-10-12T12:49:20,2191373,114753631;114764016
NORAD25544,ISS (ZARYA),25544,25544|2017-10-16T03:22:42.622+00:00,2017-10-16T03:22:42.622176+00:00,2,2,latest_published,same_epoch_revision,114856037,2017-10-16T09:44:24,2193025,114846623;114856037
NORAD25544,ISS (ZARYA),25544,25544|2017-10-17T22:51:46.999+00:00,2017-10-17T22:51:46.999584+00:00,2,2,latest_published,same_epoch_revision,114896569,2017-10-17T23:31:35,2193765,114895647;114896569
NORAD25544,ISS (ZARYA),25544,25544|2017-10-25T00:21:58.508+00:00,2017-10-25T00:21:58.508928+00:00,3,2,latest_published,same_epoch_revision,115082399,2017-10-25T13:40:41,2197228,115074047;115078275;115082399
NORAD25544,ISS (ZARYA),25544,25544|2017-11-01T04:48:35.506+00:00,2017-11-01T04:48:35.506080+00:00,2,2,latest_published,same_epoch_revision,115258531,2017-11-01T22:52:52,2200523,115243859;115258531
NORAD25544,ISS (ZARYA),25544,25544|2017-11-03T12:26:15.542+00:00,2017-11-03T12:26:15.542880+00:00,2,2,latest_published,same_epoch_revision,115312309,2017-11-03T21:39:23,2201417,115296318;115312309
NORAD25544,ISS (ZARYA),25544,25544|2017-11-08T17:42:03.519+00:00,2017-11-08T17:42:03.519936+00:00,2,2,latest_published,same_epoch_revision,115438715,2017-11-08T22:43:14,2203920,115437625;115438715
NORAD25544,ISS (ZARYA),25544,25544|2017-11-21T21:47:53.772+00:00,2017-11-21T21:47:53.772000+00:00,2,2,latest_published,same_epoch_revision,115772950,2017-11-21T23:31:13,2209991,115770418;115772950
NORAD25544,ISS (ZARYA),25544,25544|2017-11-28T09:55:24.655+00:00,2017-11-28T09:55:24.655584+00:00,3,2,latest_published,same_epoch_revision,115940607,2017-11-28T15:52:47,2213029,115937236;115939839;115940607
NORAD25544,ISS (ZARYA),25544,25544|2017-11-29T09:01:17.182+00:00,2017-11-29T09:01:17.182848+00:00,3,2,latest_published,same_epoch_revision,115959675,2017-11-29T15:52:14,2213584,115956094;115958790;115959675
NORAD25544,ISS (ZARYA),25544,25544|2017-12-07T06:55:17.870+00:00,2017-12-07T06:55:17.870592+00:00,3,2,latest_published,same_epoch_revision,116172778,2017-12-07T15:20:33,2217551,116160151;116172764;116172778
NORAD25544,ISS (ZARYA),25544,25544|2017-12-13T12:16:48.144+00:00,2017-12-13T12:16:48.144576+00:00,3,2,latest_published,same_epoch_revision,116345475,2017-12-13T16:12:05,2220136,116341577;116341882;116345475
NORAD25544,ISS (ZARYA),25544,25544|2017-12-19T21:38:27.999+00:00,2017-12-19T21:38:27.999744+00:00,2,2,latest_published,same_epoch_revision,116504503,2017-12-19T22:46:08,2222972,116504021;116504503
NORAD25544,ISS (ZARYA),25544,25544|2018-01-02T20:15:30.397+00:00,2018-01-02T20:15:30.397248+00:00,2,2,latest_published,same_epoch_revision,116872069,2018-01-02T23:27:51,2229834,116869583;116872069
NORAD25544,ISS (ZARYA),25544,25544|2018-03-12T17:02:16.721+00:00,2018-03-12T17:02:16.721664+00:00,2,2,latest_published,same_epoch_revision,118556250,2018-03-12T22:12:31,2257099,118546994;118556250
NORAD25544,ISS (ZARYA),25544,25544|2018-03-18T22:26:41.388+00:00,2018-03-18T22:26:41.388864+00:00,2,2,latest_published,same_epoch_revision,118694848,2018-03-18T23:38:22,2259853,118693999;118694848
NORAD25544,ISS (ZARYA),25544,25544|2018-03-26T11:17:12.884+00:00,2018-03-26T11:17:12.884064+00:00,2,2,latest_published,same_epoch_revision,118904736,2018-03-27T17:04:30,2262771,118885340;118904736
NORAD25544,ISS (ZARYA),25544,25544|2018-03-27T11:46:53.152+00:00,2018-03-27T11:46:53.152608+00:00,3,2,latest_published,same_epoch_revision,118918179,2018-03-27T21:36:57,2262807,118909662;118909677;118918179
NORAD25544,ISS (ZARYA),25544,25544|2018-03-29T00:57:54.663+00:00,2018-03-29T00:57:54.663264+00:00,2,2,latest_published,same_epoch_revision,118950578,2018-03-29T01:59:35,2263417,118950577;118950578
NORAD25544,ISS (ZARYA),25544,25544|2018-03-29T10:16:51.899+00:00,2018-03-29T10:16:51.899808+00:00,3,2,latest_published,same_epoch_revision,118964153,2018-03-29T15:09:07,2263698,118961951;118962188;118964153
NORAD25544,ISS (ZARYA),25544,25544|2018-03-30T09:26:02.910+00:00,2018-03-30T09:26:02.910336+00:00,3,2,latest_published,same_epoch_revision,118987264,2018-03-30T14:13:04,2264117,118986918;118987199;118987264
NORAD25544,ISS (ZARYA),25544,25544|2018-04-12T06:03:58.541+00:00,2018-04-12T06:03:58.541760+00:00,3,3,latest_published,same_epoch_revision,119311477,2018-04-12T06:29:06,2269852,119311077;119311376;119311477
NORAD25544,ISS (ZARYA),25544,25544|2018-04-13T12:34:18.499+00:00,2018-04-13T12:34:18.499008+00:00,2,2,latest_published,same_epoch_revision,119342951,2018-04-13T13:09:37,2270413,119342950;119342951
NORAD25544,ISS (ZARYA),25544,25544|2018-04-18T14:25:17.438+00:00,2018-04-18T14:25:17.438592+00:00,3,3,latest_published,same_epoch_revision,119483776,2018-04-18T15:10:12,2273024,119483192;119483294;119483776
NORAD25544,ISS (ZARYA),25544,25544|2018-04-18T14:40:23.539+00:00,2018-04-18T14:40:23.539584+00:00,2,2,latest_published,same_epoch_revision,119483994,2018-04-18T15:16:27,2273035,119483877;119483994
NORAD25544,ISS (ZARYA),25544,25544|2018-04-22T00:37:50.195+00:00,2018-04-22T00:37:50.195424+00:00,2,2,latest_published,same_epoch_revision,119589657,2018-04-22T06:37:12,2274625,119580494;119589657
NORAD25544,ISS (ZARYA),25544,25544|2018-04-22T23:48:08.860+00:00,2018-04-22T23:48:08.860608+00:00,2,2,latest_published,same_epoch_revision,119617948,2018-04-23T06:27:43,2275071,119609231;119617948
NORAD25544,ISS (ZARYA),25544,25544|2018-04-24T00:27:02.517+00:00,2018-04-24T00:27:02.517696+00:00,3,2,latest_published,same_epoch_revision,119649505,2018-04-24T13:52:11,2275677,119645889;119646221;119649505
NORAD25544,ISS (ZARYA),25544,25544|2018-04-25T02:33:28.080+00:00,2018-04-25T02:33:28.080864+00:00,2,2,latest_published,same_epoch_revision,119673929,2018-04-25T06:20:45,2276002,119666112;119673929
NORAD25544,ISS (ZARYA),25544,25544|2018-04-26T01:41:31.155+00:00,2018-04-26T01:41:31.155072+00:00,2,2,latest_published,same_epoch_revision,119692570,2018-04-26T06:05:12,2276554,119683276;119692570
NORAD25544,ISS (ZARYA),25544,25544|2018-04-26T21:36:55.278+00:00,2018-04-26T21:36:55.278720+00:00,2,2,latest_published,same_epoch_revision,119721951,2018-04-27T06:10:39,2277091,119702031;119721951
NORAD25544,ISS (ZARYA),25544,25544|2018-05-03T18:50:05.591+00:00,2018-05-03T18:50:05.591616+00:00,2,2,latest_published,same_epoch_revision,119894395,2018-05-03T22:18:34,2280267,119890862;119894395
NORAD25544,ISS (ZARYA),25544,25544|2018-05-04T18:14:22.330+00:00,2018-05-04T18:14:22.330752+00:00,2,2,latest_published,same_epoch_revision,119931200,2018-05-04T22:25:09,2280673,119920895;119931200
NORAD25544,ISS (ZARYA),25544,25544|2018-05-09T16:49:09.403+00:00,2018-05-09T16:49:09.403392+00:00,2,2,latest_published,same_epoch_revision,120069037,2018-05-09T22:05:46,2282855,120059605;120069037
NORAD25544,ISS (ZARYA),25544,25544|2018-05-10T17:42:08.950+00:00,2018-05-10T17:42:08.950176+00:00,3,3,latest_published,same_epoch_revision,120099913,2018-05-10T22:39:46,2283447,120088457;120098963;120099913
NORAD25544,ISS (ZARYA),25544,25544|2018-07-09T13:09:42.000+00:00,2018-07-09T13:09:42.000192+00:00,3,2,latest_published,same_epoch_revision,121665928,2018-07-09T14:16:03,2306161,121665611;121665710;121665928
NORAD25544,ISS (ZARYA),25544,25544|2018-07-20T14:23:13.668+00:00,2018-07-20T14:23:13.668864+00:00,2,2,latest_published,same_epoch_revision,121942031,2018-07-20T15:23:18,2311328,121941331;121942031
NORAD25544,ISS (ZARYA),25544,25544|2018-07-21T11:55:30.105+00:00,2018-07-21T11:55:30.105408+00:00,3,2,latest_published,same_epoch_revision,121967892,2018-07-21T14:28:32,2311725,121967034;121967245;121967892
NORAD25544,ISS (ZARYA),25544,25544|2018-07-21T19:07:54.999+00:00,2018-07-21T19:07:54.999840+00:00,2,2,latest_published,same_epoch_revision,121979213,2018-07-21T19:54:09,2311862,121979212;121979213
NORAD25544,ISS (ZARYA),25544,25544|2018-07-28T12:05:34.228+00:00,2018-07-28T12:05:34.228896+00:00,3,2,latest_published,same_epoch_revision,122142719,2018-07-30T17:19:02,2312693,122123048;122123053;122142719
NORAD25544,ISS (ZARYA),25544,25544|2018-07-29T15:24:57.000+00:00,2018-07-29T15:24:57.000096+00:00,4,2,latest_published,same_epoch_revision,122148588,2018-07-30T20:11:22,2313061,122123156;122123159;122148587;122148588
NORAD25544,ISS (ZARYA),25544,25544|2018-07-30T09:01:28.229+00:00,2018-07-30T09:01:28.229952+00:00,3,2,latest_published,same_epoch_revision,122156112,2018-07-30T22:57:46,2313421,122123216;122123272;122156112
NORAD25544,ISS (ZARYA),25544,25544|2018-07-31T21:47:20.630+00:00,2018-07-31T21:47:20.630688+00:00,2,2,latest_published,same_epoch_revision,122177246,2018-07-31T22:27:41,2313912,122176924;122177246
NORAD25544,ISS (ZARYA),25544,25544|2018-08-04T07:53:07.238+00:00,2018-08-04T07:53:07.238400+00:00,3,2,latest_published,same_epoch_revision,122258064,2018-08-04T16:01:58,2315722,122254464;122256220;122258064
NORAD25544,ISS (ZARYA),25544,25544|2018-08-07T10:47:08.000+00:00,2018-08-07T10:47:08.000160+00:00,3,2,latest_published,same_epoch_revision,122329327,2018-08-07T15:54:55,2317033,122325867;122326023;122329327
NORAD25544,ISS (ZARYA),25544,25544|2018-08-09T20:12:09.495+00:00,2018-08-09T20:12:09.495648+00:00,2,2,latest_published,same_epoch_revision,122367284,2018-08-09T22:16:35,2317914,122367100;122367284
NORAD25544,ISS (ZARYA),25544,25544|2018-08-30T19:37:14.300+00:00,2018-08-30T19:37:14.300832+00:00,2,2,latest_published,same_epoch_revision,122819928,2018-08-30T22:18:16,2326261,122819774;122819928
NORAD25544,ISS (ZARYA),25544,25544|2018-09-06T22:29:13.000+00:00,2018-09-06T22:29:13.000128+00:00,2,2,latest_published,same_epoch_revision,122982853,2018-09-07T16:14:48,2329708,122958156;122982853
NORAD25544,ISS (ZARYA),25544,25544|2018-09-07T12:52:17.897+00:00,2018-09-07T12:52:17.897664+00:00,3,2,latest_published,same_epoch_revision,122987576,2018-09-07T16:32:05,2329751,122976510;122987278;122987576
NORAD25544,ISS (ZARYA),25544,25544|2018-09-07T15:53:14.599+00:00,2018-09-07T15:53:14.599392+00:00,2,2,latest_published,same_epoch_revision,122987621,2018-09-07T21:29:33,2329775,122987605;122987621
NORAD25544,ISS (ZARYA),25544,25544|2018-09-08T16:47:12.230+00:00,2018-09-08T16:47:12.230304+00:00,2,2,latest_published,same_epoch_revision,123024582,2018-09-08T22:13:26,2330219,123014882;123024582
NORAD25544,ISS (ZARYA),25544,25544|2018-09-16T13:04:48.078+00:00,2018-09-16T13:04:48.078624+00:00,3,2,latest_published,same_epoch_revision,123214410,2018-09-16T18:14:13,2333929,123204056;123207629;123214410
NORAD25544,ISS (ZARYA),25544,25544|2018-09-17T13:49:17.252+00:00,2018-09-17T13:49:17.252832+00:00,3,2,latest_published,same_epoch_revision,123242827,2018-09-17T17:57:37,2334462,123230774;123234966;123242827
NORAD25544,ISS (ZARYA),25544,25544|2018-09-18T20:18:51.003+00:00,2018-09-18T20:18:51.003360+00:00,2,2,latest_published,same_epoch_revision,123274332,2018-09-18T22:21:10,2334968,123273980;123274332
NORAD25544,ISS (ZARYA),25544,25544|2018-09-26T09:15:35.021+00:00,2018-09-26T09:15:35.021664+00:00,4,3,latest_published,same_epoch_revision,123443397,2018-09-27T16:55:34,2335880,123436127;123443340;123443347;123443397
NORAD25544,ISS (ZARYA),25544,25544|2018-09-27T10:01:04.461+00:00,2018-09-27T10:01:04.461600+00:00,3,2,latest_published,same_epoch_revision,123443631,2018-09-27T16:55:34,2335990,123443550;123443598;123443631
NORAD25544,ISS (ZARYA),25544,25544|2018-09-28T14:37:49.999+00:00,2018-09-28T14:37:49.999872+00:00,2,2,latest_published,same_epoch_revision,123485010,2018-09-28T15:54:13,2337264,123485004;123485010
NORAD25544,ISS (ZARYA),25544,25544|2018-10-06T08:24:02.229+00:00,2018-10-06T08:24:02.229120+00:00,3,2,latest_published,same_epoch_revision,123668428,2018-10-06T15:46:15,2341368,123664801;123664802;123668428
NORAD25544,ISS (ZARYA),25544,25544|2018-10-09T04:26:23.771+00:00,2018-10-09T04:26:23.771904+00:00,3,2,latest_published,same_epoch_revision,123727946,2018-10-09T14:50:15,2342664,123720523;123727501;123727946
NORAD25544,ISS (ZARYA),25544,25544|2018-10-21T12:28:11.729+00:00,2018-10-21T12:28:11.729280+00:00,3,2,latest_published,same_epoch_revision,124006249,2018-10-21T16:26:15,2348637,124002151;124002152;124006249
NORAD25544,ISS (ZARYA),25544,25544|2018-11-01T18:55:29.734+00:00,2018-11-01T18:55:29.734176+00:00,3,2,latest_published,same_epoch_revision,124276238,2018-11-02T01:52:17,2353461,124275115;124275431;124276238
NORAD25544,ISS (ZARYA),25544,25544|2018-11-17T12:55:38.017+00:00,2018-11-17T12:55:38.017344+00:00,4,3,latest_published,same_epoch_revision,124642772,2018-11-17T17:42:14,2363360,124642497;124642498;124642700;124642772
NORAD25544,ISS (ZARYA),25544,25544|2018-11-25T07:10:10.966+00:00,2018-11-25T07:10:10.966656+00:00,2,2,latest_published,same_epoch_revision,124826708,2018-11-25T07:36:15,2366990,124826707;124826708
NORAD25544,ISS (ZARYA),25544,25544|2018-12-03T05:44:02.389+00:00,2018-12-03T05:44:02.389920+00:00,2,2,latest_published,same_epoch_revision,125011518,2018-12-03T09:34:16,2371020,125011508;125011518
NORAD25544,ISS (ZARYA),25544,25544|2018-12-06T06:12:51.252+00:00,2018-12-06T06:12:51.252192+00:00,3,2,latest_published,same_epoch_revision,125077756,2018-12-06T17:02:15,2372838,125074823;125077410;125077756
NORAD25544,ISS (ZARYA),25544,25544|2018-12-08T04:28:26.638+00:00,2018-12-08T04:28:26.638752+00:00,2,2,latest_published,same_epoch_revision,125115995,2018-12-08T06:32:16,2373626,125103564;125115995
NORAD25544,ISS (ZARYA),25544,25544|2018-12-10T04:20:48.844+00:00,2018-12-10T04:20:48.844896+00:00,2,2,latest_published,same_epoch_revision,125159182,2018-12-10T09:54:16,2374712,125159175;125159182
NORAD25544,ISS (ZARYA),25544,25544|2018-12-11T03:28:19.551+00:00,2018-12-11T03:28:19.551072+00:00,3,2,latest_published,same_epoch_revision,125182964,2018-12-11T15:54:17,2375354,125179565;125179568;125182964
NORAD25544,ISS (ZARYA),25544,25544|2018-12-14T03:44:57.155+00:00,2018-12-14T03:44:57.155712+00:00,2,2,latest_published,same_epoch_revision,125242085,2018-12-14T07:04:17,2376810,125229560;125242085
NORAD25544,ISS (ZARYA),25544,25544|2018-12-27T14:26:45.758+00:00,2018-12-27T14:26:45.758400+00:00,2,2,latest_published,same_epoch_revision,125547913,2018-12-27T22:42:24,2384993,125537791;125547913
NORAD25544,ISS (ZARYA),25544,25544|2018-12-27T20:34:46.304+00:00,2018-12-27T20:34:46.304832+00:00,2,2,latest_published,same_epoch_revision,125554195,2018-12-27T23:02:15,2384995,125542533;125554195
NORAD25544,ISS (ZARYA),25544,25544|2018-12-28T05:41:07.842+00:00,2018-12-28T05:41:07.842048+00:00,2,2,latest_published,same_epoch_revision,125557752,2018-12-28T06:58:15,2385154,125556013;125557752
NORAD25544,ISS (ZARYA),25544,25544|2018-12-30T13:43:27.999+00:00,2018-12-30T13:43:27.999840+00:00,2,2,latest_published,same_epoch_revision,125641936,2018-12-31T01:44:15,2386429,125633061;125641936
NORAD25544,ISS (ZARYA),25544,25544|2018-12-31T18:53:44.843+00:00,2018-12-31T18:53:44.843712+00:00,2,2,latest_published,same_epoch_revision,125674647,2019-01-01T03:20:15,2387177,125663841;125674647
NORAD25544,ISS (ZARYA),25544,25544|2019-01-01T19:37:45.482+00:00,2019-01-01T19:37:45.482592+00:00,2,2,latest_published,same_epoch_revision,125703832,2019-01-01T23:16:15,2387694,125690319;125703832
NORAD25544,ISS (ZARYA),25544,25544|2019-01-03T17:54:16.206+00:00,2019-01-03T17:54:16.206624+00:00,2,2,latest_published,same_epoch_revision,125744634,2019-01-03T22:30:16,2388731,125740693;125744634
NORAD25544,ISS (ZARYA),25544,25544|2019-01-05T14:43:31.704+00:00,2019-01-05T14:43:31.704096+00:00,3,2,latest_published,same_epoch_revision,125784057,2019-01-05T16:34:15,2389678,125783796;125783797;125784057
NORAD25544,ISS (ZARYA),25544,25544|2019-01-19T10:37:52.041+00:00,2019-01-19T10:37:52.041216+00:00,3,2,latest_published,same_epoch_revision,126102171,2019-01-19T16:20:16,2397428,126098246;126101901;126102171
NORAD25544,ISS (ZARYA),25544,25544|2019-01-26T10:42:56.253+00:00,2019-01-26T10:42:56.253024+00:00,3,2,latest_published,same_epoch_revision,126263965,2019-01-26T16:50:16,2400433,126261344;126263698;126263965
NORAD25544,ISS (ZARYA),25544,25544|2019-01-29T08:23:11.751+00:00,2019-01-29T08:23:11.751648+00:00,3,2,latest_published,same_epoch_revision,126348422,2019-01-29T16:18:17,2401756,126344978;126348147;126348422
NORAD25544,ISS (ZARYA),25544,25544|2019-02-04T23:13:59.775+00:00,2019-02-04T23:13:59.775744+00:00,2,2,latest_published,same_epoch_revision,126486059,2019-02-04T23:26:15,2405117,126486058;126486059
NORAD25544,ISS (ZARYA),25544,25544|2019-02-14T06:36:36.000+00:00,2019-02-14T06:36:36.000288+00:00,2,2,latest_published,same_epoch_revision,126706058,2019-02-14T10:20:16,2410052,126706049;126706058
NORAD25544,ISS (ZARYA),25544,25544|2019-02-15T01:51:59.508+00:00,2019-02-15T01:51:59.508576+00:00,2,2,latest_published,same_epoch_revision,126727512,2019-02-15T06:52:13,2410617,126713550;126727512
NORAD25544,ISS (ZARYA),25544,25544|2019-02-19T13:42:12.193+00:00,2019-02-19T13:42:12.193344+00:00,4,3,latest_published,same_epoch_revision,126822240,2019-02-19T16:00:18,2412769,126818855;126821708;126822169;126822240
NORAD25544,ISS (ZARYA),25544,25544|2019-02-24T04:27:30.999+00:00,2019-02-24T04:27:30.999744+00:00,2,2,latest_published,same_epoch_revision,126929852,2019-02-24T06:36:16,2415399,126927124;126929852
NORAD25544,ISS (ZARYA),25544,25544|2019-03-14T13:22:57.445+00:00,2019-03-14T13:22:57.445248+00:00,3,2,latest_published,same_epoch_revision,127326838,2019-03-14T18:48:14,2424801,127326477;127326824;127326838
NORAD25544,ISS (ZARYA),25544,25544|2019-03-14T20:20:58.999+00:00,2019-03-14T20:20:58.999776+00:00,2,2,latest_published,same_epoch_revision,127335800,2019-03-15T04:41:52,2425243,127331101;127335800
NORAD25544,ISS (ZARYA),25544,25544|2019-03-26T20:06:09.525+00:00,2019-03-26T20:06:09.525600+00:00,2,2,latest_published,same_epoch_revision,127757659,2019-03-26T22:00:13,2432434,127757643;127757659
NORAD25544,ISS (ZARYA),25544,25544|2019-03-29T08:34:50.454+00:00,2019-03-29T08:34:50.454624+00:00,3,2,latest_published,same_epoch_revision,127986294,2019-03-30T04:23:24,2434106,127956555;127960282;127986294
NORAD25544,ISS (ZARYA),25544,25544|2019-04-01T04:35:53.545+00:00,2019-04-01T04:35:53.545344+00:00,2,2,latest_published,same_epoch_revision,128170079,2019-04-01T05:54:13,2435252,128170077;128170079
NORAD25544,ISS (ZARYA),25544,25544|2019-04-06T15:38:28.252+00:00,2019-04-06T15:38:28.252032+00:00,2,2,latest_published,same_epoch_revision,128484427,2019-04-06T16:54:11,2439107,128484426;128484427
NORAD25544,ISS (ZARYA),25544,25544|2019-04-10T12:16:16.955+00:00,2019-04-10T12:16:16.955040+00:00,3,2,latest_published,same_epoch_revision,128769260,2019-04-10T14:54:14,2440950,128765329;128765330;128769260
NORAD25544,ISS (ZARYA),25544,25544|2019-04-12T03:04:48.205+00:00,2019-04-12T03:04:48.205344+00:00,2,2,latest_published,same_epoch_revision,128915827,2019-04-12T05:54:11,2441673,128915824;128915827
NORAD25544,ISS (ZARYA),25544,25544|2019-04-15T02:15:57.926+00:00,2019-04-15T02:15:57.926880+00:00,2,2,latest_published,same_epoch_revision,129138192,2019-04-15T09:54:12,2443317,129134936;129138192
NORAD25544,ISS (ZARYA),25544,25544|2019-04-19T00:20:27.752+00:00,2019-04-19T00:20:27.752640+00:00,2,2,latest_published,same_epoch_revision,129363479,2019-04-19T06:00:13,2444237,129325990;129363479
NORAD25544,ISS (ZARYA),25544,25544|2019-04-20T05:08:05.000+00:00,2019-04-20T05:08:05.000064+00:00,2,2,latest_published,same_epoch_revision,129424589,2019-04-20T05:30:11,2445386,129424587;129424589
NORAD25544,ISS (ZARYA),25544,25544|2019-05-10T15:32:17.286+00:00,2019-05-10T15:32:17.286720+00:00,2,2,latest_published,same_epoch_revision,130927088,2019-05-10T18:06:11,2467119,130889602;130927088
NORAD25544,ISS (ZARYA),25544,25544|2019-05-19T12:42:45.010+00:00,2019-05-19T12:42:45.010368+00:00,3,2,latest_published,same_epoch_revision,131555223,2019-05-19T18:18:11,2476266,131545598;131553364;131555223
NORAD25544,ISS (ZARYA),25544,25544|2019-05-27T09:13:55.203+00:00,2019-05-27T09:13:55.203744+00:00,2,2,latest_published,same_epoch_revision,132062191,2019-05-27T15:10:11,2483592,132055139;132062191
NORAD25544,ISS (ZARYA),25544,25544|2019-05-30T05:19:00.273+00:00,2019-05-30T05:19:00.273216+00:00,2,2,latest_published,same_epoch_revision,132233351,2019-05-30T06:40:16,2485434,132231050;132233351
NORAD25544,ISS (ZARYA),25544,25544|2019-06-25T05:35:21.768+00:00,2019-06-25T05:35:21.768576+00:00,2,2,latest_published,same_epoch_revision,134015918,2019-06-25T09:50:12,2500146,134010278;134015918
NORAD25544,ISS (ZARYA),25544,25544|2019-07-03T17:53:17.711+00:00,2019-07-03T17:53:17.711232+00:00,2,2,latest_published,same_epoch_revision,134471158,2019-07-03T22:00:11,2505739,134471138;134471158
NORAD25544,ISS (ZARYA),25544,25544|2019-07-05T19:16:08.182+00:00,2019-07-05T19:16:08.182272+00:00,3,2,latest_published,same_epoch_revision,134583745,2019-07-05T22:10:12,2507388,134582831;134583211;134583745
NORAD25544,ISS (ZARYA),25544,25544|2019-07-24T10:25:04.328+00:00,2019-07-24T10:25:04.328832+00:00,3,2,latest_published,same_epoch_revision,135605755,2019-07-24T16:00:13,2517966,135605442;135605493;135605755
NORAD25544,ISS (ZARYA),25544,25544|2019-07-30T08:42:07.966+00:00,2019-07-30T08:42:07.966944+00:00,2,2,latest_published,same_epoch_revision,135961155,2019-07-30T17:50:12,2520199,135922571;135961155
NORAD25544,ISS (ZARYA),25544,25544|2019-08-07T06:53:01.057+00:00,2019-08-07T06:53:01.057056+00:00,3,2,latest_published,same_epoch_revision,136554150,2019-08-08T17:40:19,2532946,136379403;136400021;136554150
NORAD25544,ISS (ZARYA),25544,25544|2019-08-23T05:49:36.999+00:00,2019-08-23T05:49:36.999840+00:00,2,2,latest_published,same_epoch_revision,137732157,2019-08-23T09:50:12,2584239,137732156;137732157
NORAD25544,ISS (ZARYA),25544,25544|2019-08-27T20:07:34.587+00:00,2019-08-27T20:07:34.587264+00:00,2,2,latest_published,same_epoch_revision,138012643,2019-08-27T21:40:17,2587518,138012637;138012643
NORAD25544,ISS (ZARYA),25544,25544|2019-08-29T04:29:45.032+00:00,2019-08-29T04:29:45.032064+00:00,2,2,latest_published,same_epoch_revision,138113324,2019-08-29T06:00:12,2588629,138094276;138113324
NORAD25544,ISS (ZARYA),25544,25544|2019-09-06T22:30:17.000+00:00,2019-09-06T22:30:17.000064+00:00,2,2,latest_published,same_epoch_revision,138645149,2019-09-06T23:40:12,2594592,138645130;138645149
NORAD25544,ISS (ZARYA),25544,25544|2019-09-10T15:20:01.544+00:00,2019-09-10T15:20:01.544064+00:00,2,2,latest_published,same_epoch_revision,138898661,2019-09-10T22:10:12,2597376,138898618;138898661
NORAD25544,ISS (ZARYA),25544,25544|2019-09-17T00:17:21.203+00:00,2019-09-17T00:17:21.203808+00:00,2,2,latest_published,same_epoch_revision,139368249,2019-09-17T02:30:12,2605051,139368236;139368249
NORAD25544,ISS (ZARYA),25544,25544|2019-09-23T09:40:54.827+00:00,2019-09-23T09:40:54.827040+00:00,3,2,latest_published,same_epoch_revision,139842757,2019-09-23T15:00:17,2615331,139831611;139831626;139842757
NORAD25544,ISS (ZARYA),25544,25544|2019-09-27T00:13:38.461+00:00,2019-09-27T00:13:38.461152+00:00,2,2,latest_published,same_epoch_revision,140082902,2019-09-27T01:10:12,2617732,140082901;140082902
NORAD25544,ISS (ZARYA),25544,25544|2019-09-28T22:37:18.727+00:00,2019-09-28T22:37:18.727968+00:00,3,3,latest_published,same_epoch_revision,140233334,2019-09-29T00:10:12,2619392,140233331;140233333;140233334
NORAD25544,ISS (ZARYA),25544,25544|2019-10-04T05:38:53.519+00:00,2019-10-04T05:38:53.519424+00:00,2,2,latest_published,same_epoch_revision,140623012,2019-10-04T09:30:12,2623384,140623010;140623012
NORAD25544,ISS (ZARYA),25544,25544|2019-10-06T04:06:01.639+00:00,2019-10-06T04:06:01.639584+00:00,2,2,latest_published,same_epoch_revision,140744457,2019-10-06T05:40:12,2624571,140744451;140744457
NORAD25544,ISS (ZARYA),25544,25544|2019-10-08T03:57:55.866+00:00,2019-10-08T03:57:55.866816+00:00,3,2,latest_published,same_epoch_revision,140860656,2019-10-08T14:50:20,2626401,140853590;140857006;140860656
NORAD25544,ISS (ZARYA),25544,25544|2019-10-13T08:38:33.000+00:00,2019-10-13T08:38:33.000288+00:00,3,2,latest_published,same_epoch_revision,141201226,2019-10-13T15:30:16,2632599,141192861;141192891;141201226
NORAD25544,ISS (ZARYA),25544,25544|2019-10-21T05:22:04.000+00:00,2019-10-21T05:22:04.000224+00:00,2,2,latest_published,same_epoch_revision,141716301,2019-10-21T06:50:14,2639115,141712957;141716301
NORAD25544,ISS (ZARYA),25544,25544|2019-10-27T04:02:30.967+00:00,2019-10-27T04:02:30.967008+00:00,2,2,latest_published,same_epoch_revision,142113734,2019-10-27T05:30:12,2642282,142113729;142113734
NORAD25544,ISS (ZARYA),25544,25544|2019-10-28T20:38:18.744+00:00,2019-10-28T20:38:18.744288+00:00,2,2,latest_published,same_epoch_revision,142213974,2019-10-29T01:50:12,2643285,142210452;142213974
NORAD25544,ISS (ZARYA),25544,25544|2019-11-15T12:29:48.708+00:00,2019-11-15T12:29:48.708960+00:00,2,2,latest_published,same_epoch_revision,143036475,2019-11-15T17:10:12,2651843,143035768;143036475
NORAD25544,ISS (ZARYA),25544,25544|2019-11-25T14:50:57.000+00:00,2019-11-25T14:50:57.000192+00:00,2,2,latest_published,same_epoch_revision,143608124,2019-11-25T16:40:13,2656784,143608061;143608124
NORAD25544,ISS (ZARYA),25544,25544|2019-12-02T06:52:47.155+00:00,2019-12-02T06:52:47.155296+00:00,2,2,latest_published,same_epoch_revision,144005061,2019-12-02T15:40:14,2660963,144004724;144005061
NORAD25544,ISS (ZARYA),25544,25544|2019-12-06T10:00:46.338+00:00,2019-12-06T10:00:46.338336+00:00,3,2,latest_published,same_epoch_revision,144227441,2019-12-06T16:20:14,2662211,144223123;144227342;144227441
NORAD25544,ISS (ZARYA),25544,25544|2019-12-07T04:28:33.866+00:00,2019-12-07T04:28:33.866976+00:00,2,2,latest_published,same_epoch_revision,144291677,2019-12-07T07:10:13,2662499,144288628;144291677
NORAD25544,ISS (ZARYA),25544,25544|2019-12-09T13:27:13.767+00:00,2019-12-09T13:27:13.767264+00:00,3,2,latest_published,same_epoch_revision,144456578,2019-12-09T16:10:13,2663802,144451619;144454649;144456578
NORAD25544,ISS (ZARYA),25544,25544|2019-12-18T01:43:17.281+00:00,2019-12-18T01:43:17.281056+00:00,2,2,latest_published,same_epoch_revision,145020882,2019-12-18T05:10:12,2668417,145020881;145020882
NORAD25544,ISS (ZARYA),25544,25544|2019-12-21T14:45:50.992+00:00,2019-12-21T14:45:50.992128+00:00,4,2,latest_published,same_epoch_revision,145226930,2019-12-21T16:30:13,2670735,145226639;145226928;145226929;145226930
NORAD25544,ISS (ZARYA),25544,25544|2019-12-27T13:34:08.999+00:00,2019-12-27T13:34:08.999616+00:00,3,2,latest_published,same_epoch_revision,145573086,2019-12-27T15:40:14,2674100,145570140;145572324;145573086
NORAD25544,ISS (ZARYA),25544,25544|2020-01-02T18:00:09.107+00:00,2020-01-02T18:00:09.107424+00:00,2,2,latest_published,same_epoch_revision,145979138,2020-01-03T01:40:12,2677436,145979132;145979138
NORAD25544,ISS (ZARYA),25544,25544|2020-01-03T14:06:25.790+00:00,2020-01-03T14:06:25.790400+00:00,3,2,latest_published,same_epoch_revision,146026027,2020-01-03T16:40:13,2677806,146024742;146025636;146026027
NORAD25544,ISS (ZARYA),25544,25544|2020-01-03T17:10:52.325+00:00,2020-01-03T17:10:52.325760+00:00,2,2,latest_published,same_epoch_revision,146048556,2020-01-03T22:40:16,2677925,146045931;146048556
NORAD25544,ISS (ZARYA),25544,25544|2020-01-05T21:57:56.048+00:00,2020-01-05T21:57:56.048256+00:00,2,2,latest_published,same_epoch_revision,146190908,2020-01-06T02:10:13,2679055,146189289;146190908
NORAD25544,ISS (ZARYA),25544,25544|2020-01-07T15:27:59.249+00:00,2020-01-07T15:27:59.249664+00:00,3,2,latest_published,same_epoch_revision,146307255,2020-01-07T22:30:17,2680148,146304570;146304883;146307255
NORAD25544,ISS (ZARYA),25544,25544|2020-01-08T14:47:59.570+00:00,2020-01-08T14:47:59.570880+00:00,3,2,latest_published,same_epoch_revision,146378185,2020-01-09T01:00:13,2680717,146375261;146378177;146378185
NORAD25544,ISS (ZARYA),25544,25544|2020-01-11T14:04:35.290+00:00,2020-01-11T14:04:35.290848+00:00,3,2,latest_published,same_epoch_revision,146586157,2020-01-11T17:40:13,2682234,146583115;146586126;146586157
NORAD25544,ISS (ZARYA),25544,25544|2020-01-15T12:25:42.807+00:00,2020-01-15T12:25:42.807648+00:00,2,2,latest_published,same_epoch_revision,146808350,2020-01-15T15:40:13,2684486,146804337;146808350
NORAD25544,ISS (ZARYA),25544,25544|2020-01-21T10:51:35.276+00:00,2020-01-21T10:51:35.276832+00:00,2,2,latest_published,same_epoch_revision,147128271,2020-01-21T14:50:22,2687527,147125405;147128271
NORAD25544,ISS (ZARYA),25544,25544|2020-01-30T17:32:48.166+00:00,2020-01-30T17:32:48.166656+00:00,2,2,latest_published,same_epoch_revision,147703628,2020-01-30T23:00:13,2692600,147703557;147703628
NORAD25544,ISS (ZARYA),25544,25544|2020-01-31T21:34:32.532+00:00,2020-01-31T21:34:32.532960+00:00,2,2,latest_published,same_epoch_revision,147803444,2020-02-01T01:32:41,2693254,147796638;147803444
NORAD25544,ISS (ZARYA),25544,25544|2020-02-01T05:12:27.624+00:00,2020-02-01T05:12:27.624096+00:00,3,3,latest_published,same_epoch_revision,147845111,2020-02-01T17:20:12,2693668,147818625;147821616;147845111
NORAD25544,ISS (ZARYA),25544,25544|2020-02-02T06:01:43.790+00:00,2020-02-02T06:01:43.790592+00:00,2,2,latest_published,same_epoch_revision,147870526,2020-02-02T07:00:15,2693950,147870128;147870526
NORAD25544,ISS (ZARYA),25544,25544|2020-02-05T05:10:35.076+00:00,2020-02-05T05:10:35.076864+00:00,2,2,latest_published,same_epoch_revision,148080063,2020-02-05T10:20:13,2695543,148080060;148080063
NORAD25544,ISS (ZARYA),25544,25544|2020-02-11T02:15:28.022+00:00,2020-02-11T02:15:28.022976+00:00,2,2,latest_published,same_epoch_revision,148538486,2020-02-11T07:20:13,2698504,148494574;148538486
NORAD25544,ISS (ZARYA),25544,25544|2020-02-17T14:22:16.485+00:00,2020-02-17T14:22:16.485888+00:00,2,2,latest_published,same_epoch_revision,148920797,2020-02-17T14:40:19,2704191,148920685;148920797
NORAD25544,ISS (ZARYA),25544,25544|2020-02-21T22:23:27.789+00:00,2020-02-21T22:23:27.789792+00:00,3,3,latest_published,same_epoch_revision,149249435,2020-02-21T22:56:12,2707625,149249433;149249434;149249435
NORAD25544,ISS (ZARYA),25544,25544|2020-02-26T16:58:33.914+00:00,2020-02-26T16:58:33.914208+00:00,2,2,latest_published,same_epoch_revision,149558313,2020-02-27T01:36:13,2710191,149536592;149558313
NORAD25544,ISS (ZARYA),25544,25544|2020-03-03T16:44:29.014+00:00,2020-03-03T16:44:29.014656+00:00,2,2,latest_published,same_epoch_revision,149941580,2020-03-03T22:46:17,2713176,149917392;149941580
NORAD25544,ISS (ZARYA),25544,25544|2020-03-22T08:21:40.150+00:00,2020-03-22T08:21:40.150368+00:00,2,2,latest_published,same_epoch_revision,150968125,2020-03-22T10:36:08,2722096,150968124;150968125
NORAD25544,ISS (ZARYA),25544,25544|2020-03-24T09:53:29.955+00:00,2020-03-24T09:53:29.955264+00:00,2,2,latest_published,same_epoch_revision,151062111,2020-03-24T13:56:08,2723136,151062104;151062111
NORAD25544,ISS (ZARYA),25544,25544|2020-03-25T09:05:48.509+00:00,2020-03-25T09:05:48.509088+00:00,2,2,latest_published,same_epoch_revision,151114143,2020-03-25T14:06:08,2723677,151114138;151114143
NORAD25544,ISS (ZARYA),25544,25544|2020-04-03T05:13:49.507+00:00,2020-04-03T05:13:49.507968+00:00,3,3,latest_published,same_epoch_revision,151523806,2020-04-03T14:16:08,2727964,151518660;151523805;151523806
NORAD25544,ISS (ZARYA),25544,25544|2020-04-26T20:01:58.922+00:00,2020-04-26T20:01:58.922400+00:00,2,2,latest_published,same_epoch_revision,152940929,2020-04-27T02:15:36,2739968,152931254;152940929
NORAD25544,ISS (ZARYA),25544,25544|2020-05-06T16:51:01.718+00:00,2020-05-06T16:51:01.718208+00:00,2,2,latest_published,same_epoch_revision,153499074,2020-05-07T01:13:12,2745210,153489473;153499074
NORAD25544,ISS (ZARYA),25544,25544|2020-05-07T16:02:56.658+00:00,2020-05-07T16:02:56.658048+00:00,2,2,latest_published,same_epoch_revision,153543801,2020-05-07T21:26:08,2745715,153517953;153543801
NORAD25544,ISS (ZARYA),25544,25544|2020-05-12T12:11:30.068+00:00,2020-05-12T12:11:30.068160+00:00,2,2,latest_published,same_epoch_revision,153878933,2020-05-13T18:07:31,2748684,153815830;153878933
NORAD25544,ISS (ZARYA),25544,25544|2020-05-13T13:00:44.376+00:00,2020-05-13T13:00:44.376192+00:00,2,2,latest_published,same_epoch_revision,153872209,2020-05-13T18:06:09,2748683,153867738;153872209
NORAD25544,ISS (ZARYA),25544,25544|2020-06-06T20:26:01.159+00:00,2020-06-06T20:26:01.159584+00:00,2,2,latest_published,same_epoch_revision,155191493,2020-06-07T02:38:14,2760705,155181530;155191493
NORAD25544,ISS (ZARYA),25544,25544|2020-06-08T10:38:23.999+00:00,2020-06-08T10:38:23.999712+00:00,2,2,latest_published,same_epoch_revision,155260714,2020-06-08T20:16:06,2761267,155251998;155260714
NORAD25544,ISS (ZARYA),25544,25544|2020-06-10T12:28:42.794+00:00,2020-06-10T12:28:42.794400+00:00,2,2,latest_published,same_epoch_revision,155412342,2020-06-10T19:25:38,2762563,155400977;155412342
NORAD25544,ISS (ZARYA),25544,25544|2020-06-12T04:50:55.430+00:00,2020-06-12T04:50:55.430016+00:00,2,2,latest_published,same_epoch_revision,155522222,2020-06-12T05:36:08,2763448,155522222;155522225
NORAD25544,ISS (ZARYA),25544,25544|2020-06-13T11:42:11.694+00:00,2020-06-13T11:42:11.694240+00:00,2,2,latest_published,same_epoch_revision,155596084,2020-06-13T19:01:36,2764664,155583289;155596084
NORAD25544,ISS (ZARYA),25544,25544|2020-06-14T00:24:59.051+00:00,2020-06-14T00:24:59.051232+00:00,2,2,latest_published,same_epoch_revision,155614508,2020-06-14T02:06:08,2764860,155614506;155614508
NORAD25544,ISS (ZARYA),25544,25544|2020-06-20T12:32:01.152+00:00,2020-06-20T12:32:01.152384+00:00,2,2,latest_published,same_epoch_revision,156027672,2020-06-20T17:17:35,2769600,156016726;156027672
NORAD25544,ISS (ZARYA),25544,25544|2020-06-25T19:33:36.137+00:00,2020-06-25T19:33:36.137376+00:00,2,2,latest_published,same_epoch_revision,156354982,2020-06-25T21:16:09,2772841,156354504;156354982
NORAD25544,ISS (ZARYA),25544,25544|2020-06-28T20:22:37.047+00:00,2020-06-28T20:22:37.047360+00:00,2,2,latest_published,same_epoch_revision,156595273,2020-06-29T01:24:19,2775127,156587410;156595273
NORAD25544,ISS (ZARYA),25544,25544|2020-07-06T09:13:51.034+00:00,2020-07-06T09:13:51.034944+00:00,2,2,latest_published,same_epoch_revision,157054513,2020-07-06T19:04:48,2780392,157042777;157054513
NORAD25544,ISS (ZARYA),25544,25544|2020-07-12T12:36:17.356+00:00,2020-07-12T12:36:17.356896+00:00,2,2,latest_published,same_epoch_revision,157449080,2020-07-13T03:36:08,2783816,157423345;157449080
NORAD25544,ISS (ZARYA),25544,25544|2020-07-13T05:21:38.432+00:00,2020-07-13T05:21:38.432736+00:00,2,2,latest_published,same_epoch_revision,157449400,2020-07-13T06:06:08,2783872,157449380;157449400
NORAD25544,ISS (ZARYA),25544,25544|2020-07-16T19:54:05.114+00:00,2020-07-16T19:54:05.114304+00:00,2,2,latest_published,same_epoch_revision,157664463,2020-07-16T21:56:09,2786315,157664463;157664464
NORAD25544,ISS (ZARYA),25544,25544|2020-07-18T10:45:46.283+00:00,2020-07-18T10:45:46.283040+00:00,2,2,latest_published,same_epoch_revision,157753654,2020-07-18T18:52:27,2787290,157742820;157753654
NORAD25544,ISS (ZARYA),25544,25544|2020-07-20T10:46:18.168+00:00,2020-07-20T10:46:18.168096+00:00,2,2,latest_published,same_epoch_revision,157881521,2020-07-20T18:30:20,2788378,157869178;157881521
NORAD25544,ISS (ZARYA),25544,25544|2020-07-24T05:29:01.289+00:00,2020-07-24T05:29:01.289760+00:00,2,2,latest_published,same_epoch_revision,158132742,2020-07-24T06:16:09,2790158,158132690;158132742
NORAD25544,ISS (ZARYA),25544,25544|2020-08-09T12:04:22.153+00:00,2020-08-09T12:04:22.153152+00:00,2,2,latest_published,same_epoch_revision,159057044,2020-08-09T19:11:44,2798784,159046047;159057044
NORAD25544,ISS (ZARYA),25544,25544|2020-08-13T01:30:52.903+00:00,2020-08-13T01:30:52.903584+00:00,2,2,latest_published,same_epoch_revision,159308352,2020-08-13T16:35:23,2801032,159294975;159308352
NORAD25544,ISS (ZARYA),25544,25544|2020-08-14T00:43:24.546+00:00,2020-08-14T00:43:24.546144+00:00,2,2,latest_published,same_epoch_revision,159371917,2020-08-14T05:46:08,2801529,159371915;159371917
NORAD25544,ISS (ZARYA),25544,25544|2020-08-14T12:56:50.474+00:00,2020-08-14T12:56:50.474112+00:00,2,2,latest_published,same_epoch_revision,159376459,2020-08-14T14:06:09,2801738,159376459;159376460
NORAD25544,ISS (ZARYA),25544,25544|2020-08-26T14:14:11.725+00:00,2020-08-26T14:14:11.725728+00:00,2,2,latest_published,same_epoch_revision,160170742,2020-08-26T21:10:42,2809045,160161781;160170742
NORAD25544,ISS (ZARYA),25544,25544|2020-08-28T13:16:57.000+00:00,2020-08-28T13:16:57+00:00,2,2,latest_published,same_epoch_revision,160281099,2020-08-28T22:14:54,2810322,160268063;160281099
NORAD25544,ISS (ZARYA),25544,25544|2020-08-30T13:14:59.000+00:00,2020-08-30T13:14:59.000064+00:00,2,2,latest_published,same_epoch_revision,160407721,2020-08-30T18:07:56,2811369,160397194;160407721
NORAD25544,ISS (ZARYA),25544,25544|2020-09-01T17:42:36.474+00:00,2020-09-01T17:42:36.474624+00:00,2,2,latest_published,same_epoch_revision,160529070,2020-09-01T22:16:09,2812619,160528883;160529070
NORAD25544,ISS (ZARYA),25544,25544|2020-09-02T12:33:47.000+00:00,2020-09-02T12:33:47.000160+00:00,2,2,latest_published,same_epoch_revision,160590578,2020-09-02T18:57:38,2813120,160579046;160590578
NORAD25544,ISS (ZARYA),25544,25544|2020-09-04T13:51:10.561+00:00,2020-09-04T13:51:10.561248+00:00,2,2,latest_published,same_epoch_revision,160697741,2020-09-04T20:16:41,2814380,160686332;160697741
NORAD25544,ISS (ZARYA),25544,25544|2020-09-05T13:04:07.704+00:00,2020-09-05T13:04:07.704768+00:00,2,2,latest_published,same_epoch_revision,160770647,2020-09-05T17:49:44,2814960,160760166;160770647
NORAD25544,ISS (ZARYA),25544,25544|2020-09-05T16:08:49.593+00:00,2020-09-05T16:08:49.593408+00:00,2,2,latest_published,same_epoch_revision,160785636,2020-09-05T21:46:08,2814977,160764568;160785636
NORAD25544,ISS (ZARYA),25544,25544|2020-09-08T12:18:22.024+00:00,2020-09-08T12:18:22.024224+00:00,2,2,latest_published,same_epoch_revision,160952876,2020-09-08T18:36:14,2816617,160941250;160952876
NORAD25544,ISS (ZARYA),25544,25544|2020-09-11T20:07:28.000+00:00,2020-09-11T20:07:28.000128+00:00,2,2,latest_published,same_epoch_revision,161173667,2020-09-11T21:36:09,2820002,161173667;161173668
NORAD25544,ISS (ZARYA),25544,25544|2020-09-12T12:20:57.640+00:00,2020-09-12T12:20:57.640992+00:00,2,2,latest_published,same_epoch_revision,161220473,2020-09-12T18:16:15,2820903,161207193;161220473
NORAD25544,ISS (ZARYA),25544,25544|2020-09-14T12:18:34.401+00:00,2020-09-14T12:18:34.401024+00:00,2,2,latest_published,same_epoch_revision,161370240,2020-09-14T17:56:55,2823152,161356212;161370240
NORAD25544,ISS (ZARYA),25544,25544|2020-09-15T14:25:55.153+00:00,2020-09-15T14:25:55.153920+00:00,2,2,latest_published,same_epoch_revision,161426516,2020-09-15T19:28:25,2823991,161418130;161426516
NORAD25544,ISS (ZARYA),25544,25544|2020-09-16T12:16:53.027+00:00,2020-09-16T12:16:53.027904+00:00,2,2,latest_published,same_epoch_revision,161517459,2020-09-16T23:28:41,2825427,161476235;161517459
NORAD25544,ISS (ZARYA),25544,25544|2020-09-16T19:40:29.375+00:00,2020-09-16T19:40:29.375616+00:00,2,2,latest_published,same_epoch_revision,161504450,2020-09-16T21:56:09,2825207,161504420;161504450
NORAD25544,ISS (ZARYA),25544,25544|2020-09-19T12:53:04.153+00:00,2020-09-19T12:53:04.153632+00:00,2,2,latest_published,same_epoch_revision,161719166,2020-09-19T17:32:55,2828245,161707423;161719166
NORAD25544,ISS (ZARYA),25544,25544|2020-09-25T08:24:01.112+00:00,2020-09-25T08:24:01.112832+00:00,2,2,latest_published,same_epoch_revision,162125486,2020-09-25T19:42:06,2833863,162107899;162125486
NORAD25544,ISS (ZARYA),25544,25544|2020-09-26T13:05:44.999+00:00,2020-09-26T13:05:44.999808+00:00,2,2,latest_published,same_epoch_revision,162209231,2020-09-26T18:43:24,2834887,162194376;162209231
NORAD25544,ISS (ZARYA),25544,25544|2020-09-27T13:11:59.193+00:00,2020-09-27T13:11:59.193024+00:00,2,2,latest_published,same_epoch_revision,162294910,2020-09-27T17:11:31,2836004,162278463;162294910
NORAD25544,ISS (ZARYA),25544,25544|2020-09-28T12:24:17.023+00:00,2020-09-28T12:24:17.023680+00:00,2,2,latest_published,same_epoch_revision,162378577,2020-09-28T17:37:32,2837055,162364592;162378577
NORAD25544,ISS (ZARYA),25544,25544|2020-09-30T07:27:45.277+00:00,2020-09-30T07:27:45.277344+00:00,2,2,latest_published,same_epoch_revision,162471507,2020-09-30T10:36:08,2838029,162471502;162471507
NORAD25544,ISS (ZARYA),25544,25544|2020-09-30T15:08:25.407+00:00,2020-09-30T15:08:25.407168+00:00,2,2,latest_published,same_epoch_revision,162471636,2020-09-30T16:06:08,2838050,162471636;162471637
NORAD25544,ISS (ZARYA),25544,25544|2020-10-03T10:51:40.999+00:00,2020-10-03T10:51:40.999968+00:00,2,2,latest_published,same_epoch_revision,162675182,2020-10-03T18:08:34,2841306,162659392;162675182
NORAD25544,ISS (ZARYA),25544,25544|2020-10-05T10:06:35.430+00:00,2020-10-05T10:06:35.430624+00:00,2,2,latest_published,same_epoch_revision,162822303,2020-10-05T16:37:24,2843286,162807259;162822303
NORAD25544,ISS (ZARYA),25544,25544|2020-10-09T12:49:25.108+00:00,2020-10-09T12:49:25.108032+00:00,2,2,latest_published,same_epoch_revision,163076721,2020-10-09T19:28:40,2847376,163060403;163076721
NORAD25544,ISS (ZARYA),25544,25544|2020-10-12T13:20:38.051+00:00,2020-10-12T13:20:38.051808+00:00,2,2,latest_published,same_epoch_revision,163323703,2020-10-12T18:17:38,2850208,163308933;163323703
NORAD25544,ISS (ZARYA),25544,25544|2020-10-13T12:52:50.892+00:00,2020-10-13T12:52:50.892960+00:00,2,2,latest_published,same_epoch_revision,163389989,2020-10-13T18:45:37,2851309,163374282;163389989
NORAD25544,ISS (ZARYA),25544,25544|2020-10-14T12:05:12.990+00:00,2020-10-14T12:05:12.990048+00:00,2,2,latest_published,same_epoch_revision,163464428,2020-10-14T20:53:38,2852229,163450399;163464428
NORAD25544,ISS (ZARYA),25544,25544|2020-10-16T06:57:40.999+00:00,2020-10-16T06:57:40.999968+00:00,2,2,latest_published,same_epoch_revision,163588854,2020-10-16T09:16:08,2853624,163588852;163588854
NORAD25544,ISS (ZARYA),25544,25544|2020-10-16T08:51:38.934+00:00,2020-10-16T08:51:38.934432+00:00,2,2,latest_published,same_epoch_revision,163605199,2020-10-16T18:12:41,2853949,163588860;163605199
NORAD25544,ISS (ZARYA),25544,25544|2020-10-18T12:06:44.141+00:00,2020-10-18T12:06:44.141184+00:00,2,2,latest_published,same_epoch_revision,163731652,2020-10-18T17:43:10,2855958,163717140;163731652
NORAD25544,ISS (ZARYA),25544,25544|2020-10-19T20:38:50.782+00:00,2020-10-19T20:38:50.782272+00:00,2,2,latest_published,same_epoch_revision,163819702,2020-10-20T04:05:29,2857063,163812014;163819702
NORAD25544,ISS (ZARYA),25544,25544|2020-10-20T12:06:00.974+00:00,2020-10-20T12:06:00.974880+00:00,2,2,latest_published,same_epoch_revision,163906772,2020-10-20T17:38:06,2857328,163855551;163906772
NORAD25544,ISS (ZARYA),25544,25544|2020-10-20T19:50:12.343+00:00,2020-10-20T19:50:12.343200+00:00,2,2,latest_published,same_epoch_revision,163932070,2020-10-21T02:27:55,2857505,163921229;163932070
NORAD25544,ISS (ZARYA),25544,25544|2020-10-22T12:10:35.718+00:00,2020-10-22T12:10:35.718240+00:00,2,2,latest_published,same_epoch_revision,164015282,2020-10-22T20:26:10,2858800,163996590;164015282
NORAD25544,ISS (ZARYA),25544,25544|2020-10-31T12:52:50.098+00:00,2020-10-31T12:52:50.098080+00:00,2,2,latest_published,same_epoch_revision,164549776,2020-10-31T20:37:03,2867033,164535166;164549776
NORAD25544,ISS (ZARYA),25544,25544|2020-11-01T13:41:32.389+00:00,2020-11-01T13:41:32.389728+00:00,3,2,latest_published,same_epoch_revision,164616288,2020-11-01T18:05:36,2868184,164600264;164605568;164616288
NORAD25544,ISS (ZARYA),25544,25544|2020-11-04T14:30:47.808+00:00,2020-11-04T14:30:47.808864+00:00,2,2,latest_published,same_epoch_revision,164845216,2020-11-04T20:11:21,2871064,164837558;164845216
NORAD25544,ISS (ZARYA),25544,25544|2020-11-06T12:57:12.914+00:00,2020-11-06T12:57:12.914784+00:00,2,2,latest_published,same_epoch_revision,164978027,2020-11-06T18:35:33,2873392,164964390;164978027
NORAD25544,ISS (ZARYA),25544,25544|2020-11-07T13:44:33.369+00:00,2020-11-07T13:44:33.369216+00:00,2,2,latest_published,same_epoch_revision,165089086,2020-11-07T17:57:51,2874722,165079799;165089086
NORAD25544,ISS (ZARYA),25544,25544|2020-11-15T13:28:05.278+00:00,2020-11-15T13:28:05.278080+00:00,2,2,latest_published,same_epoch_revision,165511959,2020-11-15T19:49:19,2875256,165504153;165511959
NORAD25544,ISS (ZARYA),25544,25544|2020-11-25T14:31:41.000+00:00,2020-11-25T14:31:41.000160+00:00,2,2,latest_published,same_epoch_revision,166270209,2020-11-25T17:37:42,2888711,166263346;166270209
NORAD25544,ISS (ZARYA),25544,25544|2020-11-26T05:09:13.206+00:00,2020-11-26T05:09:13.206816+00:00,2,2,latest_published,same_epoch_revision,166357311,2020-11-26T20:45:39,2890085,166343183;166357311
NORAD25544,ISS (ZARYA),25544,25544|2020-11-28T13:47:01.000+00:00,2020-11-28T13:47:01.000032+00:00,2,2,latest_published,same_epoch_revision,166519509,2020-11-28T20:10:50,2892611,166510808;166519509
NORAD25544,ISS (ZARYA),25544,25544|2020-12-01T13:16:55.868+00:00,2020-12-01T13:16:55.868160+00:00,2,2,latest_published,same_epoch_revision,166691931,2020-12-01T19:37:25,2895669,166680725;166691931
NORAD25544,ISS (ZARYA),25544,25544|2020-12-06T14:08:59.303+00:00,2020-12-06T14:08:59.303328+00:00,2,2,latest_published,same_epoch_revision,167082436,2020-12-06T20:11:23,2898589,167052239;167082436
NORAD25544,ISS (ZARYA),25544,25544|2020-12-06T22:17:24.999+00:00,2020-12-06T22:17:24.999648+00:00,2,2,latest_published,same_epoch_revision,167128236,2020-12-07T04:43:36,2898775,167098086;167128236
NORAD25544,ISS (ZARYA),25544,25544|2020-12-07T13:20:23.894+00:00,2020-12-07T13:20:23.894304+00:00,2,2,latest_published,same_epoch_revision,167176373,2020-12-07T17:48:54,2899016,167146200;167176373
NORAD25544,ISS (ZARYA),25544,25544|2020-12-09T13:22:25.284+00:00,2020-12-09T13:22:25.284576+00:00,2,2,latest_published,same_epoch_revision,167329059,2020-12-09T17:52:09,2900048,167290895;167329059
NORAD25544,ISS (ZARYA),25544,25544|2020-12-10T14:10:04.162+00:00,2020-12-10T14:10:04.162080+00:00,2,2,latest_published,same_epoch_revision,167445333,2020-12-10T21:36:10,2900768,167425681;167445333
NORAD25544,ISS (ZARYA),25544,25544|2021-01-01T17:23:06.777+00:00,2021-01-01T17:23:06.777600+00:00,2,2,latest_published,same_epoch_revision,168758430,2021-01-01T23:26:08,2914220,168750068;168758430
NORAD25544,ISS (ZARYA),25544,25544|2021-01-19T09:40:15.504+00:00,2021-01-19T09:40:15.504672+00:00,3,2,latest_published,same_epoch_revision,169887741,2021-01-19T19:57:40,2931671,169871892;169879730;169887741
NORAD25544,ISS (ZARYA),25544,25544|2021-01-27T06:17:06.229+00:00,2021-01-27T06:17:06.229824+00:00,2,2,latest_published,same_epoch_revision,170475108,2021-01-27T10:46:09,2941062,170475094;170475108
NORAD25544,ISS (ZARYA),25544,25544|2021-02-01T13:06:17.900+00:00,2021-02-01T13:06:17.900064+00:00,2,2,latest_published,same_epoch_revision,170789613,2021-02-01T17:26:09,2945344,170789354;170789613
NORAD25544,ISS (ZARYA),25544,25544|2021-03-16T12:41:59.989+00:00,2021-03-16T12:41:59.989920+00:00,2,2,latest_published,same_epoch_revision,173500694,2021-03-16T18:16:11,2983372,173473850;173500694
NORAD25544,ISS (ZARYA),25544,25544|2021-03-24T09:37:19.134+00:00,2021-03-24T09:37:19.134624+00:00,2,2,latest_published,same_epoch_revision,174041427,2021-03-24T13:46:19,2992935,174041384;174041427
NORAD25544,ISS (ZARYA),25544,25544|2021-04-28T17:56:27.946+00:00,2021-04-28T17:56:27.946752+00:00,2,2,latest_published,same_epoch_revision,176280893,2021-04-28T21:46:10,3026984,176280844;176280893
NORAD25544,ISS (ZARYA),25544,25544|2021-05-03T17:22:40.533+00:00,2021-05-03T17:22:40.533600+00:00,2,2,latest_published,same_epoch_revision,176574086,2021-05-03T22:06:11,3030032,176574055;176574086
NORAD25544,ISS (ZARYA),25544,25544|2021-05-04T05:36:37.202+00:00,2021-05-04T05:36:37.202688+00:00,2,2,latest_published,same_epoch_revision,176600496,2021-05-04T05:56:11,3030209,176600493;176600496
NORAD25544,ISS (ZARYA),25544,25544|2021-05-07T12:32:19.082+00:00,2021-05-07T12:32:19.082976+00:00,2,2,latest_published,same_epoch_revision,176810072,2021-05-07T19:25:20,3032190,176801648;176810072
NORAD25544,ISS (ZARYA),25544,25544|2021-06-04T05:00:01.497+00:00,2021-06-04T05:00:01.497888+00:00,2,2,latest_published,same_epoch_revision,178431176,2021-06-04T07:36:10,3048878,178426040;178431176
NORAD25544,ISS (ZARYA),25544,25544|2021-07-27T19:36:42.583+00:00,2021-07-27T19:36:42.583392+00:00,2,2,latest_published,same_epoch_revision,181572858,2021-07-27T20:56:10,3084106,181572853;181572858
NORAD25544,ISS (ZARYA),25544,25544|2021-08-30T16:35:42.142+00:00,2021-08-30T16:35:42.142272+00:00,2,2,latest_published,same_epoch_revision,183733785,2021-08-30T21:36:10,3105672,183733684;183733785
NORAD25544,ISS (ZARYA),25544,25544|2021-09-26T13:14:23.811+00:00,2021-09-26T13:14:23.811072+00:00,2,2,latest_published,same_epoch_revision,185529444,2021-09-26T17:56:10,3129255,185521321;185529444
NORAD25544,ISS (ZARYA),25544,25544|2021-09-27T12:26:54.649+00:00,2021-09-27T12:26:54.649248+00:00,2,2,latest_published,same_epoch_revision,185613095,2021-09-27T17:46:25,3130982,185595177;185613095
NORAD25544,ISS (ZARYA),25544,25544|2021-09-28T13:15:16.001+00:00,2021-09-28T13:15:16.001856+00:00,2,2,latest_published,same_epoch_revision,185718330,2021-09-28T19:16:10,3132694,185690672;185718330
NORAD25544,ISS (ZARYA),25544,25544|2021-09-30T11:41:39.341+00:00,2021-09-30T11:41:39.341760+00:00,2,2,latest_published,same_epoch_revision,185845914,2021-09-30T20:16:47,3136969,185819560;185845914
NORAD25544,ISS (ZARYA),25544,25544|2021-10-21T12:06:50.389+00:00,2021-10-21T12:06:50.389632+00:00,2,2,latest_published,same_epoch_revision,187776558,2021-10-21T13:46:14,3175985,187776511;187776558
NORAD25544,ISS (ZARYA),25544,25544|2021-10-22T11:29:12.196+00:00,2021-10-22T11:29:12.196896+00:00,2,2,latest_published,same_epoch_revision,187865636,2021-10-22T12:56:11,3177974,187865631;187865636
NORAD25544,ISS (ZARYA),25544,25544|2021-11-27T07:04:59.519+00:00,2021-11-27T07:04:59.519712+00:00,2,2,latest_published,same_epoch_revision,190567601,2021-11-27T14:46:11,3225236,190566135;190567601
NORAD25544,ISS (ZARYA),25544,25544|2021-11-29T11:53:28.588+00:00,2021-11-29T11:53:28.588128+00:00,2,2,latest_published,same_epoch_revision,190706130,2021-11-29T17:21:54,3226898,190694147;190706130
NORAD25544,ISS (ZARYA),25544,25544|2021-12-17T22:35:54.655+00:00,2021-12-17T22:35:54.655584+00:00,2,2,latest_published,same_epoch_revision,191905362,2021-12-18T04:16:10,3243046,191880653;191905362
NORAD25544,ISS (ZARYA),25544,25544|2021-12-21T21:02:08.971+00:00,2021-12-21T21:02:08.971008+00:00,2,2,latest_published,same_epoch_revision,192152033,2021-12-21T22:36:18,3246590,192151581;192152033
NORAD25544,ISS (ZARYA),25544,25544|2021-12-23T21:04:42.153+00:00,2021-12-23T21:04:42.153888+00:00,2,2,latest_published,same_epoch_revision,192302719,2021-12-24T02:56:10,3249418,192293013;192302719
NORAD25544,ISS (ZARYA),25544,25544|2021-12-24T14:15:00.999+00:00,2021-12-24T14:15:00.999648+00:00,2,2,latest_published,same_epoch_revision,192337365,2021-12-24T15:16:11,3249861,192335078;192337365
NORAD25544,ISS (ZARYA),25544,25544|2022-01-05T04:27:25.534+00:00,2022-01-05T04:27:25.534944+00:00,2,2,latest_published,same_epoch_revision,193218573,2022-01-05T05:26:11,3264102,193218573;193218576
NORAD25544,ISS (ZARYA),25544,25544|2022-01-14T13:03:55.353+00:00,2022-01-14T13:03:55.353888+00:00,3,2,latest_published,same_epoch_revision,193824904,2022-01-14T16:46:10,3272858,193820318;193824890;193824904
NORAD25544,ISS (ZARYA),25544,25544|2022-01-19T16:11:28.000+00:00,2022-01-19T16:11:28.000032+00:00,2,2,latest_published,same_epoch_revision,194197606,2022-01-19T22:46:11,3277701,194170633;194197606
NORAD25544,ISS (ZARYA),25544,25544|2022-01-24T11:16:13.079+00:00,2022-01-24T11:16:13.079712+00:00,2,2,latest_published,same_epoch_revision,194509497,2022-01-24T17:56:13,3281714,194503878;194509497
NORAD25544,ISS (ZARYA),25544,25544|2022-02-12T01:08:16.077+00:00,2022-02-12T01:08:16.077120+00:00,2,2,latest_published,same_epoch_revision,195762233,2022-02-12T05:06:11,3297998,195762230;195762233
NORAD25544,ISS (ZARYA),25544,25544|2022-02-20T21:07:45.834+00:00,2022-02-20T21:07:45.834240+00:00,2,2,latest_published,same_epoch_revision,196491288,2022-02-21T02:56:11,3310555,196481186;196491288
NORAD25544,ISS (ZARYA),25544,25544|2022-03-02T13:16:48.161+00:00,2022-03-02T13:16:48.161280+00:00,2,2,latest_published,same_epoch_revision,197581056,2022-03-02T14:56:15,3340261,197580666;197581056
NORAD25544,ISS (ZARYA),25544,25544|2022-03-05T14:07:52.568+00:00,2022-03-05T14:07:52.568832+00:00,2,2,latest_published,same_epoch_revision,197946518,2022-03-05T14:36:12,3345515,197945866;197946518
NORAD25544,ISS (ZARYA),25544,25544|2022-03-06T14:54:24.413+00:00,2022-03-06T14:54:24.413760+00:00,2,2,latest_published,same_epoch_revision,198045034,2022-03-06T18:16:10,3347636,198045028;198045034
NORAD25544,ISS (ZARYA),25544,25544|2022-03-12T03:37:02.018+00:00,2022-03-12T03:37:02.018784+00:00,2,2,latest_published,same_epoch_revision,198522912,2022-03-12T04:16:11,3355413,198522909;198522912
NORAD25544,ISS (ZARYA),25544,25544|2022-03-19T10:50:00.233+00:00,2022-03-19T10:50:00.233376+00:00,2,2,latest_published,same_epoch_revision,199115518,2022-03-19T14:46:12,3365221,199111902;199115518
NORAD25544,ISS (ZARYA),25544,25544|2022-04-11T08:21:40.116+00:00,2022-04-11T08:21:40.116672+00:00,2,2,latest_published,same_epoch_revision,200954026,2022-04-11T13:16:11,3396984,200954004;200954026
NORAD25544,ISS (ZARYA),25544,25544|2022-04-12T07:35:47.442+00:00,2022-04-12T07:35:47.442048+00:00,2,2,latest_published,same_epoch_revision,201028330,2022-04-12T13:36:11,3398088,201028310;201028330
NORAD25544,ISS (ZARYA),25544,25544|2022-04-15T12:30:06.711+00:00,2022-04-15T12:30:06.711264+00:00,2,2,latest_published,same_epoch_revision,201273476,2022-04-15T14:06:12,3402601,201273470;201273476
NORAD25544,ISS (ZARYA),25544,25544|2022-04-17T20:32:31.860+00:00,2022-04-17T20:32:31.860384+00:00,2,2,latest_published,same_epoch_revision,201473818,2022-04-18T01:36:11,3405838,201471596;201473818
NORAD25544,ISS (ZARYA),25544,25544|2022-04-26T08:19:23.989+00:00,2022-04-26T08:19:23.989152+00:00,2,2,latest_published,same_epoch_revision,202042764,2022-04-26T13:56:10,3416609,202042758;202042764
NORAD25544,ISS (ZARYA),25544,25544|2022-05-10T20:18:45.000+00:00,2022-05-10T20:18:45.000288+00:00,2,2,latest_published,same_epoch_revision,203205298,2022-05-11T02:06:14,3439670,203194060;203205298
NORAD25544,ISS (ZARYA),25544,25544|2022-05-15T19:32:37.999+00:00,2022-05-15T19:32:37.999680+00:00,2,2,latest_published,same_epoch_revision,203627822,2022-05-15T23:46:11,3447517,203617660;203627822
NORAD25544,ISS (ZARYA),25544,25544|2022-05-18T08:33:45.100+00:00,2022-05-18T08:33:45.100800+00:00,2,2,latest_published,same_epoch_revision,203836953,2022-05-18T10:06:11,3451292,203836949;203836953
NORAD25544,ISS (ZARYA),25544,25544|2022-06-07T03:36:55.207+00:00,2022-06-07T03:36:55.207872+00:00,2,2,latest_published,same_epoch_revision,205536290,2022-06-07T13:46:12,3484647,205529699;205536290
NORAD25544,ISS (ZARYA),25544,25544|2022-06-24T19:25:38.265+00:00,2022-06-24T19:25:38.265024+00:00,2,2,latest_published,same_epoch_revision,206765918,2022-06-25T01:56:12,3501787,206764463;206765918
NORAD25544,ISS (ZARYA),25544,25544|2022-06-25T20:22:29.776+00:00,2022-06-25T20:22:29.776800+00:00,2,2,latest_published,same_epoch_revision,206833353,2022-06-26T01:26:11,3502538,206828260;206833353
NORAD25544,ISS (ZARYA),25544,25544|2022-06-27T17:02:20.577+00:00,2022-06-27T17:02:20.577696+00:00,2,2,latest_published,same_epoch_revision,206965308,2022-06-27T19:36:12,3503911,206965300;206965308
NORAD25544,ISS (ZARYA),25544,25544|2022-06-28T13:38:52.000+00:00,2022-06-28T13:38:52.000224+00:00,2,2,latest_published,same_epoch_revision,207009012,2022-06-28T15:26:12,3504763,207002641;207009012
NORAD25544,ISS (ZARYA),25544,25544|2022-07-13T12:21:06.858+00:00,2022-07-13T12:21:06.858144+00:00,2,2,latest_published,same_epoch_revision,208007170,2022-07-13T13:56:10,3512652,208007169;208007170
NORAD25544,ISS (ZARYA),25544,25544|2022-07-15T12:14:42.323+00:00,2022-07-15T12:14:42.323712+00:00,2,2,latest_published,same_epoch_revision,208147900,2022-07-15T15:26:14,3514430,208144359;208147900
NORAD25544,ISS (ZARYA),25544,25544|2022-07-19T09:16:43.533+00:00,2022-07-19T09:16:43.533408+00:00,2,2,latest_published,same_epoch_revision,208416015,2022-07-19T09:46:11,3517438,208416012;208416015
NORAD25544,ISS (ZARYA),25544,25544|2022-08-02T07:24:41.482+00:00,2022-08-02T07:24:41.482080+00:00,2,2,latest_published,same_epoch_revision,209399510,2022-08-02T13:26:12,3527445,209399508;209399510
NORAD25544,ISS (ZARYA),25544,25544|2022-08-08T13:13:46.032+00:00,2022-08-08T13:13:46.032672+00:00,2,2,latest_published,same_epoch_revision,209803047,2022-08-08T13:46:11,3531827,209803046;209803047
NORAD25544,ISS (ZARYA),25544,25544|2022-08-10T13:00:55.369+00:00,2022-08-10T13:00:55.369728+00:00,2,2,latest_published,same_epoch_revision,209938574,2022-08-10T13:56:12,3533455,209938574;209938576
NORAD25544,ISS (ZARYA),25544,25544|2022-08-12T01:01:14.657+00:00,2022-08-12T01:01:14.657664+00:00,2,2,latest_published,same_epoch_revision,210042539,2022-08-12T05:36:11,3534814,210042528;210042539
NORAD25544,ISS (ZARYA),25544,25544|2022-08-20T20:48:53.196+00:00,2022-08-20T20:48:53.196768+00:00,3,2,latest_published,same_epoch_revision,210623537,2022-08-21T05:36:13,3541774,210590262;210623526;210623537
NORAD25544,ISS (ZARYA),25544,25544|2022-08-21T20:18:15.376+00:00,2022-08-21T20:18:15.376320+00:00,2,2,latest_published,same_epoch_revision,210695075,2022-08-22T03:06:12,3542674,210661054;210695075
NORAD25544,ISS (ZARYA),25544,25544|2022-10-04T12:55:57.605+00:00,2022-10-04T12:55:57.605088+00:00,2,2,latest_published,same_epoch_revision,214128738,2022-10-04T14:06:11,3590891,214128737;214128738
NORAD25544,ISS (ZARYA),25544,25544|2022-10-18T12:54:40.497+00:00,2022-10-18T12:54:40.497408+00:00,3,2,latest_published,same_epoch_revision,215474498,2022-10-18T15:56:11,3621386,215466571;215474085;215474498
NORAD25544,ISS (ZARYA),25544,25544|2022-10-18T17:37:54.365+00:00,2022-10-18T17:37:54.365664+00:00,3,2,latest_published,same_epoch_revision,215500832,2022-10-18T21:46:12,3621507,215474621;215500832;215500834
NORAD25544,ISS (ZARYA),25544,25544|2022-10-27T18:20:51.816+00:00,2022-10-27T18:20:51.816768+00:00,2,2,latest_published,same_epoch_revision,216310019,2022-10-27T23:46:12,3635872,216308195;216310019
NORAD25544,ISS (ZARYA),25544,25544|2022-11-17T05:06:49.000+00:00,2022-11-17T05:06:49.000032+00:00,2,2,latest_published,same_epoch_revision,218020425,2022-11-17T06:36:13,3660775,218019009;218020425
NORAD25544,ISS (ZARYA),25544,25544|2022-11-24T08:42:55.129+00:00,2022-11-24T08:42:55.129248+00:00,2,2,latest_published,same_epoch_revision,218637783,2022-11-24T14:36:13,3668787,218636867;218637783
NORAD25544,ISS (ZARYA),25544,25544|2022-12-06T12:54:37.013+00:00,2022-12-06T12:54:37.013760+00:00,4,2,latest_published,same_epoch_revision,219643001,2022-12-06T17:56:13,3683059,219636614;219641904;219642831;219643001
NORAD25544,ISS (ZARYA),25544,25544|2022-12-08T08:37:59.879+00:00,2022-12-08T08:37:59.879712+00:00,2,2,latest_published,same_epoch_revision,219752678,2022-12-08T14:16:13,3684582,219752604;219752678
NORAD25544,ISS (ZARYA),25544,25544|2022-12-11T21:36:01.437+00:00,2022-12-11T21:36:01.437696+00:00,2,2,latest_published,same_epoch_revision,220060363,2022-12-11T22:56:14,3691417,220058101;220060363
NORAD25544,ISS (ZARYA),25544,25544|2022-12-11T23:11:32.186+00:00,2022-12-11T23:11:32.186400+00:00,2,2,latest_published,same_epoch_revision,220102012,2022-12-12T06:26:13,3692130,220101622;220102012
NORAD25544,ISS (ZARYA),25544,25544|2022-12-22T22:01:54.253+00:00,2022-12-22T22:01:54.253056+00:00,2,2,latest_published,same_epoch_revision,221209865,2022-12-23T01:36:20,3719514,221208057;221209865
NORAD25544,ISS (ZARYA),25544,25544|2023-01-19T06:19:14.916+00:00,2023-01-19T06:19:14.916576+00:00,2,2,latest_published,same_epoch_revision,223466270,2023-01-19T08:06:13,3754595,223465592;223466270
NORAD25544,ISS (ZARYA),25544,25544|2023-01-22T15:58:02.891+00:00,2023-01-22T15:58:02.891136+00:00,2,2,latest_published,same_epoch_revision,223595030,2023-01-22T17:46:13,3757942,223595030;223595032
NORAD25544,ISS (ZARYA),25544,25544|2023-01-25T06:18:44.944+00:00,2023-01-25T06:18:44.944416+00:00,2,2,latest_published,same_epoch_revision,223654933,2023-01-25T10:46:12,3760767,223645441;223654933
NORAD25544,ISS (ZARYA),25544,25544|2023-01-26T00:58:05.999+00:00,2023-01-26T00:58:05.999808+00:00,2,2,latest_published,same_epoch_revision,223694417,2023-01-26T02:26:12,3761359,223694416;223694417
NORAD25544,ISS (ZARYA),25544,25544|2023-01-27T13:16:47.000+00:00,2023-01-27T13:16:47.000064+00:00,2,2,latest_published,same_epoch_revision,223776791,2023-01-27T14:16:12,3762675,223776715;223776791
NORAD25544,ISS (ZARYA),25544,25544|2023-02-19T21:49:11.156+00:00,2023-02-19T21:49:11.156160+00:00,2,2,latest_published,same_epoch_revision,226070268,2023-02-20T01:46:12,3812720,226053480;226070268
NORAD25544,ISS (ZARYA),25544,25544|2023-03-15T17:24:35.132+00:00,2023-03-15T17:24:35.132832+00:00,2,2,latest_published,same_epoch_revision,228126325,2023-03-15T20:16:12,3861341,228126319;228126325
NORAD25544,ISS (ZARYA),25544,25544|2023-03-23T09:31:55.906+00:00,2023-03-23T09:31:55.906176+00:00,2,2,latest_published,same_epoch_revision,228676712,2023-03-23T13:46:13,3868232,228676709;228676712
NORAD25544,ISS (ZARYA),25544,25544|2023-03-31T06:21:33.280+00:00,2023-03-31T06:21:33.280992+00:00,2,2,latest_published,same_epoch_revision,229195244,2023-03-31T13:36:12,3876071,229195226;229195244
NORAD25544,ISS (ZARYA),25544,25544|2023-04-04T01:40:51.810+00:00,2023-04-04T01:40:51.810240+00:00,2,2,latest_published,same_epoch_revision,229401358,2023-04-04T02:56:11,3879317,229401358;229401359
NORAD25544,ISS (ZARYA),25544,25544|2023-04-07T02:23:54.022+00:00,2023-04-07T02:23:54.022848+00:00,2,2,latest_published,same_epoch_revision,229647704,2023-04-07T06:06:12,3882053,229647698;229647704
NORAD25544,ISS (ZARYA),25544,25544|2023-05-03T08:07:32.773+00:00,2023-05-03T08:07:32.773728+00:00,2,2,latest_published,same_epoch_revision,231134663,2023-05-03T09:36:12,3899563,231134662;231134663
NORAD25544,ISS (ZARYA),25544,25544|2023-05-03T15:56:31.604+00:00,2023-05-03T15:56:31.604352+00:00,2,2,latest_published,same_epoch_revision,231170247,2023-05-03T18:26:12,3899970,231143073;231170247
NORAD25544,ISS (ZARYA),25544,25544|2023-05-11T14:17:29.235+00:00,2023-05-11T14:17:29.235264+00:00,2,2,latest_published,same_epoch_revision,231608744,2023-05-11T18:26:12,3905293,231575080;231608744
NORAD25544,ISS (ZARYA),25544,25544|2023-05-21T09:28:06.678+00:00,2023-05-21T09:28:06.678336+00:00,2,2,latest_published,same_epoch_revision,232226184,2023-05-21T15:56:12,3913719,232220678;232226184
NORAD25544,ISS (ZARYA),25544,25544|2023-05-22T08:38:20.176+00:00,2023-05-22T08:38:20.176800+00:00,2,2,latest_published,same_epoch_revision,232295769,2023-05-22T13:26:12,3914420,232295761;232295769
NORAD25544,ISS (ZARYA),25544,25544|2023-05-24T08:38:17.654+00:00,2023-05-24T08:38:17.654784+00:00,2,2,latest_published,same_epoch_revision,232416089,2023-05-24T13:56:12,3916079,232416081;232416089
NORAD25544,ISS (ZARYA),25544,25544|2023-06-21T20:21:35.650+00:00,2023-06-21T20:21:35.650656+00:00,2,2,latest_published,same_epoch_revision,234444454,2023-06-22T01:56:13,3939368,234438997;234444454
NORAD25544,ISS (ZARYA),25544,25544|2023-06-23T12:00:05.279+00:00,2023-06-23T12:00:05.279040+00:00,4,3,latest_published,same_epoch_revision,234505426,2023-06-23T21:36:13,3940822,234503918;234505022;234505333;234505426
NORAD25544,ISS (ZARYA),25544,25544|2023-06-23T20:20:42.156+00:00,2023-06-23T20:20:42.156960+00:00,2,2,latest_published,same_epoch_revision,234512233,2023-06-24T02:06:12,3941088,234505427;234512233
NORAD25544,ISS (ZARYA),25544,25544|2023-06-24T19:31:40.471+00:00,2023-06-24T19:31:40.471968+00:00,2,2,latest_published,same_epoch_revision,234532848,2023-06-25T01:46:12,3941947,234526584;234532848
NORAD25544,ISS (ZARYA),25544,25544|2023-07-01T20:01:08.080+00:00,2023-07-01T20:01:08.080320+00:00,2,2,latest_published,same_epoch_revision,234654072,2023-07-01T22:16:13,3946935,234654071;234654072
NORAD25544,ISS (ZARYA),25544,25544|2023-07-21T09:02:12.279+00:00,2023-07-21T09:02:12.279264+00:00,2,2,latest_published,same_epoch_revision,235036342,2023-07-21T13:36:12,3963262,235036339;235036342
NORAD25544,ISS (ZARYA),25544,25544|2023-07-31T04:14:38.908+00:00,2023-07-31T04:14:38.908608+00:00,2,2,latest_published,same_epoch_revision,235363883,2023-07-31T09:46:13,3967780,235357037;235363883
NORAD25544,ISS (ZARYA),25544,25544|2023-08-01T12:23:58.163+00:00,2023-08-01T12:23:58.163424+00:00,2,2,latest_published,same_epoch_revision,235386015,2023-08-01T14:26:13,3968760,235385348;235386015
NORAD25544,ISS (ZARYA),25544,25544|2023-08-09T01:46:36.324+00:00,2023-08-09T01:46:36.324192+00:00,3,3,latest_published,same_epoch_revision,235546020,2023-08-09T06:36:13,3975522,235543767;235543769;235546020
NORAD25544,ISS (ZARYA),25544,25544|2023-08-09T10:46:12.597+00:00,2023-08-09T10:46:12.597888+00:00,2,2,latest_published,same_epoch_revision,235550915,2023-08-09T13:36:12,3975674,235550912;235550915
NORAD25544,ISS (ZARYA),25544,25544|2023-08-10T01:02:11.330+00:00,2023-08-10T01:02:11.330016+00:00,2,2,latest_published,same_epoch_revision,235571073,2023-08-10T06:56:12,3976518,235564588;235571073
NORAD25544,ISS (ZARYA),25544,25544|2023-08-11T12:22:43.748+00:00,2023-08-11T12:22:43.748832+00:00,2,2,latest_published,same_epoch_revision,235592635,2023-08-11T13:26:14,3977490,235592634;235592635
NORAD25544,ISS (ZARYA),25544,25544|2023-08-15T18:09:01.683+00:00,2023-08-15T18:09:01.683936+00:00,2,2,latest_published,same_epoch_revision,235678541,2023-08-15T19:26:13,3981043,235678540;235678541
NORAD25544,ISS (ZARYA),25544,25544|2023-08-20T13:05:33.107+00:00,2023-08-20T13:05:33.107712+00:00,2,2,latest_published,same_epoch_revision,235775246,2023-08-20T14:46:13,3985365,235775246;235775641
NORAD25544,ISS (ZARYA),25544,25544|2023-08-21T20:04:54.319+00:00,2023-08-21T20:04:54.319584+00:00,2,2,latest_published,same_epoch_revision,235806101,2023-08-22T01:56:12,3986601,235800097;235806101
NORAD25544,ISS (ZARYA),25544,25544|2023-08-26T19:26:40.716+00:00,2023-08-26T19:26:40.716672+00:00,2,2,latest_published,same_epoch_revision,235992862,2023-08-26T23:16:14,3989873,235986508;235992862
NORAD25544,ISS (ZARYA),25544,25544|2023-09-09T06:38:42.439+00:00,2023-09-09T06:38:42.439776+00:00,2,2,latest_published,same_epoch_revision,236820302,2023-09-09T07:56:15,4001467,236820300;236820302
NORAD25544,ISS (ZARYA),25544,25544|2023-09-11T13:01:10.212+00:00,2023-09-11T13:01:10.212384+00:00,2,2,latest_published,same_epoch_revision,236952924,2023-09-11T18:26:15,4003542,236924964;236952924
NORAD25544,ISS (ZARYA),25544,25544|2023-09-12T09:07:39.652+00:00,2023-09-12T09:07:39.652320+00:00,2,2,latest_published,same_epoch_revision,236966505,2023-09-12T10:56:15,4004138,236966503;236966505
NORAD25544,ISS (ZARYA),25544,25544|2023-09-12T19:21:03.766+00:00,2023-09-12T19:21:03.766176+00:00,2,2,latest_published,same_epoch_revision,237001259,2023-09-12T22:06:30,4004453,237001258;237001259
NORAD25544,ISS (ZARYA),25544,25544|2023-10-02T14:58:12.348+00:00,2023-10-02T14:58:12.348192+00:00,2,2,latest_published,same_epoch_revision,238266226,2023-10-02T19:46:20,4022775,238266196;238266226
NORAD25544,ISS (ZARYA),25544,25544|2023-10-10T01:05:20.558+00:00,2023-10-10T01:05:20.558976+00:00,2,2,latest_published,same_epoch_revision,238841887,2023-10-10T05:56:16,4029506,238841886;238841887
NORAD25544,ISS (ZARYA),25544,25544|2023-10-29T17:03:44.411+00:00,2023-10-29T17:03:44.411616+00:00,3,3,latest_published,same_epoch_revision,240563244,2023-10-30T02:56:15,4059991,240521553;240549636;240563244
NORAD25544,ISS (ZARYA),25544,25544|2023-11-04T15:18:36.171+00:00,2023-11-04T15:18:36.171360+00:00,2,2,latest_published,same_epoch_revision,241110359,2023-11-04T21:26:15,4070275,241082271;241110359
NORAD25544,ISS (ZARYA),25544,25544|2023-11-05T13:09:19.468+00:00,2023-11-05T13:09:19.468800+00:00,2,2,latest_published,same_epoch_revision,241182936,2023-11-05T15:06:17,4072048,241167742;241182936
NORAD25544,ISS (ZARYA),25544,25544|2023-11-07T13:09:53.863+00:00,2023-11-07T13:09:53.863776+00:00,2,2,latest_published,same_epoch_revision,241397255,2023-11-07T18:56:15,4076425,241385028;241397255
NORAD25544,ISS (ZARYA),25544,25544|2023-11-11T20:24:09.254+00:00,2023-11-11T20:24:09.254304+00:00,2,2,latest_published,same_epoch_revision,241801839,2023-11-11T22:36:17,4084147,241795535;241801839
NORAD25544,ISS (ZARYA),25544,25544|2023-11-12T12:14:56.567+00:00,2023-11-12T12:14:56.567616+00:00,2,2,latest_published,same_epoch_revision,241862843,2023-11-12T14:56:17,4085470,241851590;241862843
NORAD25544,ISS (ZARYA),25544,25544|2023-11-13T11:26:25.088+00:00,2023-11-13T11:26:25.088928+00:00,2,2,latest_published,same_epoch_revision,241964229,2023-11-13T17:46:15,4087417,241955541;241964229
NORAD25544,ISS (ZARYA),25544,25544|2023-11-16T12:02:29.178+00:00,2023-11-16T12:02:29.178240+00:00,2,2,latest_published,same_epoch_revision,242246129,2023-11-16T16:06:16,4092247,242235285;242246129
NORAD25544,ISS (ZARYA),25544,25544|2023-11-17T09:52:19.796+00:00,2023-11-17T09:52:19.796736+00:00,2,2,latest_published,same_epoch_revision,242341596,2023-11-17T15:36:15,4093885,242327878;242341596
NORAD25544,ISS (ZARYA),25544,25544|2023-11-19T09:53:23.667+00:00,2023-11-19T09:53:23.667072+00:00,2,2,latest_published,same_epoch_revision,242522542,2023-11-19T14:46:17,4096745,242513635;242522542
NORAD25544,ISS (ZARYA),25544,25544|2023-11-20T09:06:15.012+00:00,2023-11-20T09:06:15.012288+00:00,2,2,latest_published,same_epoch_revision,242617866,2023-11-20T18:26:15,4098389,242606430;242617866
NORAD25544,ISS (ZARYA),25544,25544|2023-11-22T09:05:47.983+00:00,2023-11-22T09:05:47.983776+00:00,3,2,latest_published,same_epoch_revision,242810610,2023-11-22T15:16:16,4101785,242796514;242796516;242810610
NORAD25544,ISS (ZARYA),25544,25544|2023-11-28T05:56:01.932+00:00,2023-11-28T05:56:01.932576+00:00,3,3,latest_published,same_epoch_revision,243364860,2023-11-28T14:36:18,4111068,243359749;243359757;243364860
NORAD25544,ISS (ZARYA),25544,25544|2023-12-04T01:17:59.684+00:00,2023-12-04T01:17:59.684928+00:00,2,2,latest_published,same_epoch_revision,243793091,2023-12-04T02:36:16,4121014,243793089;243793091
NORAD25544,ISS (ZARYA),25544,25544|2023-12-13T23:24:40.456+00:00,2023-12-13T23:24:40.456800+00:00,2,2,latest_published,same_epoch_revision,244667220,2023-12-14T02:36:16,4135685,244667218;244667220
NORAD25544,ISS (ZARYA),25544,25544|2023-12-19T20:00:12.785+00:00,2023-12-19T20:00:12.785184+00:00,2,2,latest_published,same_epoch_revision,245115898,2023-12-20T03:06:17,4140467,245115895;245115898
NORAD25544,ISS (ZARYA),25544,25544|2023-12-22T19:10:09.026+00:00,2023-12-22T19:10:09.026976+00:00,2,2,latest_published,same_epoch_revision,245338820,2023-12-23T04:06:16,4142804,245304641;245338820
NORAD25544,ISS (ZARYA),25544,25544|2023-12-29T16:45:34.274+00:00,2023-12-29T16:45:34.274304+00:00,2,2,latest_published,same_epoch_revision,245843305,2023-12-30T01:06:16,4148758,245831611;245843305
NORAD25544,ISS (ZARYA),25544,25544|2024-01-02T15:08:42.858+00:00,2024-01-02T15:08:42.858240+00:00,2,2,latest_published,same_epoch_revision,246113176,2024-01-02T22:36:18,4151864,246111069;246113176
NORAD25544,ISS (ZARYA),25544,25544|2024-01-03T14:21:08.866+00:00,2024-01-03T14:21:08.866656+00:00,2,2,latest_published,same_epoch_revision,246192936,2024-01-03T23:06:17,4152807,246158785;246192936
NORAD25544,ISS (ZARYA),25544,25544|2024-01-05T17:27:08.280+00:00,2024-01-05T17:27:08.280288+00:00,2,2,latest_published,same_epoch_revision,246344792,2024-01-05T23:16:16,4154498,246310780;246344792
NORAD25544,ISS (ZARYA),25544,25544|2024-01-07T12:44:03.419+00:00,2024-01-07T12:44:03.419232+00:00,3,3,latest_published,same_epoch_revision,246496956,2024-01-07T23:46:15,4156154,246455592;246461969;246496956
NORAD25544,ISS (ZARYA),25544,25544|2024-01-08T13:32:15.260+00:00,2024-01-08T13:32:15.260928+00:00,3,3,latest_published,same_epoch_revision,246566705,2024-01-08T22:26:17,4156735,246531219;246565339;246566705
NORAD25544,ISS (ZARYA),25544,25544|2024-01-15T11:16:22.236+00:00,2024-01-15T11:16:22.236384+00:00,2,2,latest_published,same_epoch_revision,247019186,2024-01-15T18:36:15,4162719,247013236;247019186
NORAD25544,ISS (ZARYA),25544,25544|2024-01-17T09:40:29.154+00:00,2024-01-17T09:40:29.154144+00:00,2,2,latest_published,same_epoch_revision,247171405,2024-01-17T17:46:16,4164410,247166235;247171405
NORAD25544,ISS (ZARYA),25544,25544|2024-01-18T10:29:15.091+00:00,2024-01-18T10:29:15.091872+00:00,2,2,latest_published,same_epoch_revision,247276570,2024-01-18T17:36:23,4165275,247241982;247276570
NORAD25544,ISS (ZARYA),25544,25544|2024-01-21T08:05:15.205+00:00,2024-01-21T08:05:15.205920+00:00,2,2,latest_published,same_epoch_revision,247473785,2024-01-21T15:26:15,4167677,247471333;247473785
NORAD25544,ISS (ZARYA),25544,25544|2024-01-22T08:53:32.131+00:00,2024-01-22T08:53:32.131392+00:00,2,2,latest_published,same_epoch_revision,247551087,2024-01-22T14:36:22,4168583,247548346;247551087
NORAD25544,ISS (ZARYA),25544,25544|2024-01-23T08:06:03.437+00:00,2024-01-23T08:06:03.437856+00:00,2,2,latest_published,same_epoch_revision,247629094,2024-01-23T14:46:17,4169454,247624034;247629094
NORAD25544,ISS (ZARYA),25544,25544|2024-01-24T07:18:52.561+00:00,2024-01-24T07:18:52.561728+00:00,2,2,latest_published,same_epoch_revision,247704657,2024-01-24T15:36:15,4170275,247698455;247704657
NORAD25544,ISS (ZARYA),25544,25544|2024-01-27T04:44:11.715+00:00,2024-01-27T04:44:11.715648+00:00,2,2,latest_published,same_epoch_revision,247889391,2024-01-27T06:26:19,4172183,247888405;247889391
NORAD25544,ISS (ZARYA),25544,25544|2024-01-31T04:55:11.702+00:00,2024-01-31T04:55:11.702784+00:00,2,2,latest_published,same_epoch_revision,248171334,2024-01-31T10:36:18,4175739,248165658;248171334
NORAD25544,ISS (ZARYA),25544,25544|2024-02-03T05:30:16.079+00:00,2024-02-03T05:30:16.079328+00:00,2,2,latest_published,same_epoch_revision,248398072,2024-02-03T12:26:27,4178241,248398054;248398072
NORAD25544,ISS (ZARYA),25544,25544|2024-02-05T05:41:46.132+00:00,2024-02-05T05:41:46.132800+00:00,2,2,latest_published,same_epoch_revision,248551208,2024-02-05T09:46:13,4179973,248544345;248551208
NORAD25544,ISS (ZARYA),25544,25544|2024-02-06T04:56:51.823+00:00,2024-02-06T04:56:51.823104+00:00,2,2,latest_published,same_epoch_revision,248628491,2024-02-06T10:06:26,4180848,248622473;248628491
NORAD25544,ISS (ZARYA),25544,25544|2024-02-09T00:57:09.038+00:00,2024-02-09T00:57:09.038880+00:00,2,2,latest_published,same_epoch_revision,248860074,2024-02-09T08:06:15,4183535,248824728;248860074
NORAD25544,ISS (ZARYA),25544,25544|2024-02-10T00:09:12.319+00:00,2024-02-10T00:09:12.319776+00:00,2,2,latest_published,same_epoch_revision,248909637,2024-02-10T07:16:15,4184436,248901986;248909637
NORAD25544,ISS (ZARYA),25544,25544|2024-02-10T21:51:30.491+00:00,2024-02-10T21:51:30.491712+00:00,2,2,latest_published,same_epoch_revision,248951728,2024-02-10T23:16:14,4185007,248945916;248951728
NORAD25544,ISS (ZARYA),25544,25544|2024-02-11T00:57:45.548+00:00,2024-02-11T00:57:45.548064+00:00,2,2,latest_published,same_epoch_revision,248986446,2024-02-11T07:26:14,4185284,248951764;248986446
NORAD25544,ISS (ZARYA),25544,25544|2024-02-12T00:09:51.408+00:00,2024-02-12T00:09:51.408864+00:00,2,2,latest_published,same_epoch_revision,249063785,2024-02-12T08:06:14,4186177,249028602;249063785
NORAD25544,ISS (ZARYA),25544,25544|2024-02-16T05:56:50.180+00:00,2024-02-16T05:56:50.180928+00:00,2,2,latest_published,same_epoch_revision,249380893,2024-02-16T09:36:14,4190029,249380717;249380893
NORAD25544,ISS (ZARYA),25544,25544|2024-02-21T19:19:46.236+00:00,2024-02-21T19:19:46.236864+00:00,2,2,latest_published,same_epoch_revision,249813529,2024-02-22T01:36:14,4195141,249812128;249813529
NORAD25544,ISS (ZARYA),25544,25544|2024-02-26T18:32:07.448+00:00,2024-02-26T18:32:07.448352+00:00,2,2,latest_published,same_epoch_revision,250201337,2024-02-26T23:06:15,4199522,250166018;250201337
NORAD25544,ISS (ZARYA),25544,25544|2024-02-29T22:30:08.593+00:00,2024-02-29T22:30:08.593344+00:00,2,2,latest_published,same_epoch_revision,250463030,2024-03-01T03:56:20,4202277,250434983;250463030
NORAD25544,ISS (ZARYA),25544,25544|2024-03-01T16:57:34.903+00:00,2024-03-01T16:57:34.903008+00:00,2,2,latest_published,same_epoch_revision,250507813,2024-03-01T22:46:15,4203075,250503523;250507813
NORAD25544,ISS (ZARYA),25544,25544|2024-03-02T16:10:11.511+00:00,2024-03-02T16:10:11.511840+00:00,2,2,latest_published,same_epoch_revision,250608948,2024-03-02T23:06:14,4204897,250567115;250608948
NORAD25544,ISS (ZARYA),25544,25544|2024-03-04T16:10:12.789+00:00,2024-03-04T16:10:12.789696+00:00,2,2,latest_published,same_epoch_revision,250811859,2024-03-04T23:16:14,4208621,250768982;250811859
NORAD25544,ISS (ZARYA),25544,25544|2024-03-07T09:04:10.816+00:00,2024-03-07T09:04:10.816608+00:00,2,2,latest_published,same_epoch_revision,250993126,2024-03-07T10:36:26,4212693,250993125;250993126
NORAD25544,ISS (ZARYA),25544,25544|2024-03-10T12:59:38.385+00:00,2024-03-10T12:59:38.385600+00:00,2,2,latest_published,same_epoch_revision,251324101,2024-03-10T18:26:27,4218258,251279614;251324101
NORAD25544,ISS (ZARYA),25544,25544|2024-03-15T11:57:16.252+00:00,2024-03-15T11:57:16.252992+00:00,2,2,latest_published,same_epoch_revision,251727940,2024-03-15T17:56:22,4226842,251714564;251727940
NORAD25544,ISS (ZARYA),25544,25544|2024-03-16T11:23:51.889+00:00,2024-03-16T11:23:51.889632+00:00,2,2,latest_published,same_epoch_revision,251824569,2024-03-16T17:56:15,4228483,251781821;251824569
NORAD25544,ISS (ZARYA),25544,25544|2024-03-17T10:36:39.376+00:00,2024-03-17T10:36:39.376224+00:00,2,2,latest_published,same_epoch_revision,251920911,2024-03-17T17:56:27,4230126,251878441;251920911
NORAD25544,ISS (ZARYA),25544,25544|2024-03-18T09:48:59.624+00:00,2024-03-18T09:48:59.624352+00:00,2,2,latest_published,same_epoch_revision,252071528,2024-03-18T21:26:15,4231691,252031406;252071528
NORAD25544,ISS (ZARYA),25544,25544|2024-03-21T09:03:15.548+00:00,2024-03-21T09:03:15.548256+00:00,2,2,latest_published,same_epoch_revision,252289545,2024-03-21T13:56:23,4236118,252289495;252289545
NORAD25544,ISS (ZARYA),25544,25544|2024-03-21T21:03:29.794+00:00,2024-03-21T21:03:29.794752+00:00,2,2,latest_published,same_epoch_revision,252332689,2024-03-21T21:46:17,4236771,252332689;252332690
NORAD25544,ISS (ZARYA),25544,25544|2024-03-22T09:38:06.370+00:00,2024-03-22T09:38:06.370368+00:00,2,2,latest_published,same_epoch_revision,252389189,2024-03-22T13:26:16,4237975,252389174;252389189
NORAD25544,ISS (ZARYA),25544,25544|2024-03-24T09:38:32.153+00:00,2024-03-24T09:38:32.153856+00:00,2,2,latest_published,same_epoch_revision,252563727,2024-03-24T13:16:15,4241671,252563725;252563727
NORAD25544,ISS (ZARYA),25544,25544|2024-03-29T05:53:54.864+00:00,2024-03-29T05:53:54.864960+00:00,2,2,latest_published,same_epoch_revision,253011396,2024-03-29T13:36:28,4249887,253010904;253011396
NORAD25544,ISS (ZARYA),25544,25544|2024-04-02T09:02:22.266+00:00,2024-04-02T09:02:22.266240+00:00,2,2,latest_published,same_epoch_revision,253424982,2024-04-02T13:56:15,4258833,253424971;253424982
NORAD25544,ISS (ZARYA),25544,25544|2024-04-12T01:03:20.369+00:00,2024-04-12T01:03:20.369664+00:00,2,2,latest_published,same_epoch_revision,254391405,2024-04-12T05:36:15,4275625,254391401;254391405
NORAD25544,ISS (ZARYA),25544,25544|2024-04-13T23:28:23.939+00:00,2024-04-13T23:28:23.939040+00:00,2,2,latest_published,same_epoch_revision,254612393,2024-04-14T05:46:16,4278998,254555914;254612393
NORAD25544,ISS (ZARYA),25544,25544|2024-04-18T21:00:59.982+00:00,2024-04-18T21:00:59.982336+00:00,2,2,latest_published,same_epoch_revision,255056340,2024-04-19T01:46:16,4288145,255043542;255056340
NORAD25544,ISS (ZARYA),25544,25544|2024-04-20T21:00:13.404+00:00,2024-04-20T21:00:13.404096+00:00,2,2,latest_published,same_epoch_revision,255293832,2024-04-21T06:06:15,4292128,255293822;255293832
NORAD25544,ISS (ZARYA),25544,25544|2024-04-27T16:44:53.509+00:00,2024-04-27T16:44:53.509056+00:00,2,2,latest_published,same_epoch_revision,255895845,2024-04-28T01:46:14,4300752,255887757;255895845
NORAD25544,ISS (ZARYA),25544,25544|2024-04-30T17:38:41.385+00:00,2024-04-30T17:38:41.385408+00:00,2,2,latest_published,same_epoch_revision,256155302,2024-04-30T21:36:16,4303303,256155298;256155302
NORAD25544,ISS (ZARYA),25544,25544|2024-05-10T12:40:32.630+00:00,2024-05-10T12:40:32.630880+00:00,2,2,latest_published,same_epoch_revision,256882363,2024-05-10T17:46:37,4312739,256853585;256882363
NORAD25544,ISS (ZARYA),25544,25544|2024-05-18T09:17:06.775+00:00,2024-05-18T09:17:06.775872+00:00,2,2,latest_published,same_epoch_revision,257506029,2024-05-18T13:26:16,4320740,257506022;257506029
NORAD25544,ISS (ZARYA),25544,25544|2024-05-20T09:14:15.062+00:00,2024-05-20T09:14:15.062784+00:00,2,2,latest_published,same_epoch_revision,257631242,2024-05-20T13:26:17,4322384,257631236;257631242
NORAD25544,ISS (ZARYA),25544,25544|2024-05-21T08:24:02.699+00:00,2024-05-21T08:24:02.699136+00:00,2,2,latest_published,same_epoch_revision,257681211,2024-05-21T14:16:17,4323317,257681203;257681211
NORAD25544,ISS (ZARYA),25544,25544|2024-05-23T08:20:49.756+00:00,2024-05-23T08:20:49.756704+00:00,2,2,latest_published,same_epoch_revision,257835767,2024-05-23T13:46:16,4325052,257835765;257835767
NORAD25544,ISS (ZARYA),25544,25544|2024-05-26T07:28:58.079+00:00,2024-05-26T07:28:58.079712+00:00,2,2,latest_published,same_epoch_revision,258074960,2024-05-26T14:26:17,4327901,258073156;258074960
NORAD25544,ISS (ZARYA),25544,25544|2024-05-27T05:12:14.992+00:00,2024-05-27T05:12:14.992416+00:00,2,2,latest_published,same_epoch_revision,258152031,2024-05-27T09:56:15,4328708,258144810;258152031
NORAD25544,ISS (ZARYA),25544,25544|2024-05-31T05:01:27.949+00:00,2024-05-31T05:01:27.949728+00:00,2,2,latest_published,same_epoch_revision,258459326,2024-05-31T06:56:17,4332152,258454645;258459326
NORAD25544,ISS (ZARYA),25544,25544|2024-06-05T02:32:19.221+00:00,2024-06-05T02:32:19.221792+00:00,3,3,latest_published,same_epoch_revision,258830482,2024-06-05T09:56:17,4336901,258821897;258821898;258830482
NORAD25544,ISS (ZARYA),25544,25544|2024-06-17T23:47:33.078+00:00,2024-06-17T23:47:33.078912+00:00,2,2,latest_published,same_epoch_revision,259726610,2024-06-18T05:36:14,4344473,259698031;259726610
NORAD25544,ISS (ZARYA),25544,25544|2024-06-18T19:52:29.447+00:00,2024-06-18T19:52:29.447040+00:00,3,2,latest_published,same_epoch_revision,259806437,2024-06-19T05:26:15,4345427,259771668;259777854;259806437
NORAD25544,ISS (ZARYA),25544,25544|2024-06-21T19:05:03.531+00:00,2024-06-21T19:05:03.531264+00:00,2,2,latest_published,same_epoch_revision,260038559,2024-06-22T03:26:14,4347994,260005198;260038559
NORAD25544,ISS (ZARYA),25544,25544|2024-06-25T17:29:41.730+00:00,2024-06-25T17:29:41.730144+00:00,2,2,latest_published,same_epoch_revision,260346046,2024-06-26T02:16:31,4351373,260340253;260346046
NORAD25544,ISS (ZARYA),25544,25544|2024-06-26T18:27:03.501+00:00,2024-06-26T18:27:03.501792+00:00,2,2,latest_published,same_epoch_revision,260419183,2024-06-26T23:36:14,4352042,260415554;260419183
NORAD25544,ISS (ZARYA),25544,25544|2024-06-29T19:00:43.153+00:00,2024-06-29T19:00:43.153632+00:00,2,2,latest_published,same_epoch_revision,260622876,2024-06-29T22:06:14,4354606,260622872;260622876
NORAD25544,ISS (ZARYA),25544,25544|2024-07-13T11:16:43.362+00:00,2024-07-13T11:16:43.362048+00:00,2,2,latest_published,same_epoch_revision,261889550,2024-07-13T18:06:18,4376494,261875244;261889550
NORAD25544,ISS (ZARYA),25544,25544|2024-07-14T10:29:06.567+00:00,2024-07-14T10:29:06.567648+00:00,3,3,latest_published,same_epoch_revision,261993240,2024-07-14T18:06:15,4378412,261977006;261977012;261993240
NORAD25544,ISS (ZARYA),25544,25544|2024-07-16T10:29:14.239+00:00,2024-07-16T10:29:14.239104+00:00,2,2,latest_published,same_epoch_revision,262196126,2024-07-16T17:36:15,4382081,262183709;262196126
NORAD25544,ISS (ZARYA),25544,25544|2024-07-20T08:53:26.100+00:00,2024-07-20T08:53:26.100672+00:00,2,2,latest_published,same_epoch_revision,262609407,2024-07-20T13:16:17,4388579,262609380;262609407
NORAD25544,ISS (ZARYA),25544,25544|2024-07-21T08:04:29.151+00:00,2024-07-21T08:04:29.151264+00:00,2,2,latest_published,same_epoch_revision,262712122,2024-07-21T13:16:14,4390488,262712116;262712122
NORAD25544,ISS (ZARYA),25544,25544|2024-07-23T08:04:00.239+00:00,2024-07-23T08:04:00.239232+00:00,2,2,latest_published,same_epoch_revision,262907125,2024-07-23T13:26:15,4393900,262907121;262907125
NORAD25544,ISS (ZARYA),25544,25544|2024-07-25T12:50:37.136+00:00,2024-07-25T12:50:37.136256+00:00,2,2,latest_published,same_epoch_revision,263152141,2024-07-25T18:36:15,4398180,263109091;263152141
NORAD25544,ISS (ZARYA),25544,25544|2024-07-26T07:14:22.955+00:00,2024-07-26T07:14:22.955712+00:00,2,2,latest_published,same_epoch_revision,263209465,2024-07-26T13:36:15,4399408,263209447;263209465
NORAD25544,ISS (ZARYA),25544,25544|2024-07-30T05:35:54.424+00:00,2024-07-30T05:35:54.424320+00:00,2,2,latest_published,same_epoch_revision,263581635,2024-07-30T13:26:15,4406527,263581631;263581635
NORAD25544,ISS (ZARYA),25544,25544|2024-08-03T03:59:52.689+00:00,2024-08-03T03:59:52.689984+00:00,2,2,latest_published,same_epoch_revision,263977537,2024-08-03T11:26:16,4413479,263961295;263977537
NORAD25544,ISS (ZARYA),25544,25544|2024-08-12T11:55:13.558+00:00,2024-08-12T11:55:13.558944+00:00,2,2,latest_published,same_epoch_revision,264901396,2024-08-12T13:46:25,4430739,264901394;264901396
NORAD25544,ISS (ZARYA),25544,25544|2024-08-13T00:34:15.102+00:00,2024-08-13T00:34:15.102624+00:00,2,2,latest_published,same_epoch_revision,265000482,2024-08-13T06:56:17,4432540,264966600;265000482
NORAD25544,ISS (ZARYA),25544,25544|2024-08-27T17:30:05.142+00:00,2024-08-27T17:30:05.142816+00:00,2,2,latest_published,same_epoch_revision,266388295,2024-08-27T22:06:16,4459526,266388290;266388295
NORAD25544,ISS (ZARYA),25544,25544|2024-08-30T16:46:26.674+00:00,2024-08-30T16:46:26.674176+00:00,2,2,latest_published,same_epoch_revision,266625631,2024-08-31T00:46:14,4463801,266587818;266625631
NORAD25544,ISS (ZARYA),25544,25544|2024-08-31T15:47:23.021+00:00,2024-08-31T15:47:23.021376+00:00,2,2,latest_published,same_epoch_revision,266742814,2024-08-31T22:56:16,4465077,266735863;266742814
NORAD25544,ISS (ZARYA),25544,25544|2024-09-01T15:08:41.704+00:00,2024-09-01T15:08:41.704800+00:00,2,2,latest_published,same_epoch_revision,266854869,2024-09-02T00:26:15,4467260,266840527;266854869
NORAD25544,ISS (ZARYA),25544,25544|2024-09-02T15:57:43.306+00:00,2024-09-02T15:57:43.306848+00:00,2,2,latest_published,same_epoch_revision,266958082,2024-09-02T23:16:23,4469118,266914623;266958082
NORAD25544,ISS (ZARYA),25544,25544|2024-09-05T13:25:26.112+00:00,2024-09-05T13:25:26.112864+00:00,2,2,latest_published,same_epoch_revision,267233146,2024-09-06T00:46:26,4473407,267190831;267233146
NORAD25544,ISS (ZARYA),25544,25544|2024-09-07T12:09:52.905+00:00,2024-09-07T12:09:52.905312+00:00,2,2,latest_published,same_epoch_revision,267367492,2024-09-07T17:46:14,4476647,267351632;267367492
NORAD25544,ISS (ZARYA),25544,25544|2024-09-09T12:02:29.230+00:00,2024-09-09T12:02:29.230944+00:00,2,2,latest_published,same_epoch_revision,267580026,2024-09-09T17:46:15,4480635,267564351;267580026
NORAD25544,ISS (ZARYA),25544,25544|2024-09-10T12:51:57.028+00:00,2024-09-10T12:51:57.028608+00:00,2,2,latest_published,same_epoch_revision,267685329,2024-09-10T21:36:15,4482632,267685165;267685329
NORAD25544,ISS (ZARYA),25544,25544|2024-09-12T11:03:37.152+00:00,2024-09-12T11:03:37.152288+00:00,2,2,latest_published,same_epoch_revision,267848641,2024-09-12T11:16:15,4485746,267848641;267848642
NORAD25544,ISS (ZARYA),25544,25544|2024-09-12T12:39:42.078+00:00,2024-09-12T12:39:42.078240+00:00,2,2,latest_published,same_epoch_revision,267866621,2024-09-12T17:46:19,4486507,267848645;267866621
NORAD25544,ISS (ZARYA),25544,25544|2024-09-14T11:18:59.840+00:00,2024-09-14T11:18:59.840352+00:00,2,2,latest_published,same_epoch_revision,268028882,2024-09-14T17:46:36,4490770,268008919;268028882
NORAD25544,ISS (ZARYA),25544,25544|2024-09-15T10:31:44.690+00:00,2024-09-15T10:31:44.690016+00:00,2,2,latest_published,same_epoch_revision,268139419,2024-09-15T17:36:14,4493003,268122628;268139419
NORAD25544,ISS (ZARYA),25544,25544|2024-09-21T08:44:54.252+00:00,2024-09-21T08:44:54.252384+00:00,2,2,latest_published,same_epoch_revision,268642860,2024-09-21T13:16:16,4500795,268642839;268642860
NORAD25544,ISS (ZARYA),25544,25544|2024-09-28T04:59:28.353+00:00,2024-09-28T04:59:28.353120+00:00,2,2,latest_published,same_epoch_revision,269156011,2024-09-28T12:56:15,4507772,269156008;269156011
NORAD25544,ISS (ZARYA),25544,25544|2024-10-01T02:43:20.294+00:00,2024-10-01T02:43:20.294976+00:00,2,2,latest_published,same_epoch_revision,269405159,2024-10-01T10:46:17,4510853,269396948;269405159
NORAD25544,ISS (ZARYA),25544,25544|2024-10-03T02:35:10.407+00:00,2024-10-03T02:35:10.407840+00:00,2,2,latest_published,same_epoch_revision,269570971,2024-10-03T10:46:32,4512884,269560783;269570971
NORAD25544,ISS (ZARYA),25544,25544|2024-10-04T20:09:23.893+00:00,2024-10-04T20:09:23.893632+00:00,2,2,latest_published,same_epoch_revision,269720058,2024-10-04T22:16:17,4514152,269719822;269720058
NORAD25544,ISS (ZARYA),25544,25544|2024-10-07T01:03:39.381+00:00,2024-10-07T01:03:39.381984+00:00,2,2,latest_published,same_epoch_revision,269924186,2024-10-07T05:56:16,4516528,269894803;269924186
NORAD25544,ISS (ZARYA),25544,25544|2024-10-07T22:42:26.420+00:00,2024-10-07T22:42:26.420832+00:00,2,2,latest_published,same_epoch_revision,270007660,2024-10-08T05:56:16,4517545,269978279;270007660
NORAD25544,ISS (ZARYA),25544,25544|2024-10-16T21:49:49.585+00:00,2024-10-16T21:49:49.585152+00:00,2,2,latest_published,same_epoch_revision,270815021,2024-10-17T05:46:29,4526602,270785734;270815021
NORAD25544,ISS (ZARYA),25544,25544|2024-11-06T14:21:47.459+00:00,2024-11-06T14:21:47.459808+00:00,2,2,latest_published,same_epoch_revision,272454377,2024-11-06T17:46:33,4545804,272454373;272454377
NORAD25544,ISS (ZARYA),25544,25544|2024-11-12T08:52:56.822+00:00,2024-11-12T08:52:56.822304+00:00,2,2,latest_published,same_epoch_revision,272958163,2024-11-12T21:11:43,4551714,272949849;272958163
NORAD25544,ISS (ZARYA),25544,25544|2024-11-19T07:58:48.729+00:00,2024-11-19T07:58:48.729216+00:00,2,2,latest_published,same_epoch_revision,273463802,2024-11-19T19:23:15,4558021,273455169;273463802
NORAD25544,ISS (ZARYA),25544,25544|2024-11-21T08:34:27.950+00:00,2024-11-21T08:34:27.950016+00:00,2,2,latest_published,same_epoch_revision,273615774,2024-11-21T22:17:21,4559469,273608561;273615774
NORAD25544,ISS (ZARYA),25544,25544|2024-11-22T01:42:46.999+00:00,2024-11-22T01:42:46.999584+00:00,2,2,latest_published,same_epoch_revision,273647820,2024-11-22T02:18:29,4559851,273647818;273647820
NORAD25544,ISS (ZARYA),25544,25544|2024-11-23T11:01:22.657+00:00,2024-11-23T11:01:22.657728+00:00,2,2,latest_published,same_epoch_revision,273777711,2024-11-23T18:41:55,4561338,273770178;273777711
NORAD25544,ISS (ZARYA),25544,25544|2024-11-27T09:25:00.587+00:00,2024-11-27T09:25:00.587424+00:00,2,2,latest_published,same_epoch_revision,274096777,2024-11-27T20:08:01,4564962,274088205;274096777
NORAD25544,ISS (ZARYA),25544,25544|2024-12-02T02:48:04.455+00:00,2024-12-02T02:48:04.455936+00:00,2,2,latest_published,same_epoch_revision,274539684,2024-12-02T10:26:17,4569224,274534819;274539684
NORAD25544,ISS (ZARYA),25544,25544|2024-12-03T08:30:05.580+00:00,2024-12-03T08:30:05.580000+00:00,2,2,latest_published,same_epoch_revision,274625446,2024-12-03T14:46:37,4570336,274621269;274625446
NORAD25544,ISS (ZARYA),25544,25544|2024-12-16T21:12:42.120+00:00,2024-12-16T21:12:42.120576+00:00,2,2,latest_published,same_epoch_revision,275822635,2024-12-17T07:17:00,4583543,275788779;275822635
NORAD25544,ISS (ZARYA),25544,25544|2024-12-29T17:05:22.288+00:00,2024-12-29T17:05:22.288128+00:00,2,2,latest_published,same_epoch_revision,276827561,2024-12-29T22:18:31,4595438,276797113;276827561
NORAD25544,ISS (ZARYA),25544,25544|2025-01-21T07:25:31.162+00:00,2025-01-21T07:25:31.162080+00:00,2,2,latest_published,same_epoch_revision,278745873,2025-01-21T17:35:04,4617403,278737309;278745873
NORAD25544,ISS (ZARYA),25544,25544|2025-01-24T07:12:41.549+00:00,2025-01-24T07:12:41.549760+00:00,2,2,latest_published,same_epoch_revision,278972847,2025-01-24T14:36:18,4619847,278971173;278972847
NORAD25544,ISS (ZARYA),25544,25544|2025-01-25T04:55:56.509+00:00,2025-01-25T04:55:56.509824+00:00,2,2,latest_published,same_epoch_revision,279083315,2025-01-25T19:06:24,4620924,279075856;279083315
NORAD25544,ISS (ZARYA),25544,25544|2025-01-26T05:36:41.341+00:00,2025-01-26T05:36:41.341248+00:00,2,2,latest_published,same_epoch_revision,279136906,2025-01-26T14:16:17,4621759,279129660;279136906
NORAD25544,ISS (ZARYA),25544,25544|2025-03-11T10:57:43.125+00:00,2025-03-11T10:57:43.125696+00:00,2,2,latest_published,same_epoch_revision,282819059,2025-03-11T14:56:33,4666103,282813017;282819059
NORAD25544,ISS (ZARYA),25544,25544|2025-03-29T04:05:17.306+00:00,2025-03-29T04:05:17.306016+00:00,2,2,latest_published,same_epoch_revision,284325290,2025-03-29T17:28:10,4684192,284311509;284325290
NORAD25544,ISS (ZARYA),25544,25544|2025-04-05T12:52:26.205+00:00,2025-04-05T12:52:26.205888+00:00,2,2,latest_published,same_epoch_revision,284900907,2025-04-05T14:06:31,4691241,284900905;284900907
NORAD25544,ISS (ZARYA),25544,25544|2025-05-20T08:54:19.971+00:00,2025-05-20T08:54:19.971072+00:00,2,2,latest_published,same_epoch_revision,287984360,2025-05-20T13:36:29,4733875,287984356;287984360
NORAD25544,ISS (ZARYA),25544,25544|2025-05-23T08:06:26.528+00:00,2025-05-23T08:06:26.528256+00:00,2,2,latest_published,same_epoch_revision,288172365,2025-05-23T14:26:18,4736917,288171761;288172365
NORAD25544,ISS (ZARYA),25544,25544|2025-05-29T04:46:03.314+00:00,2025-05-29T04:46:03.314208+00:00,2,2,latest_published,same_epoch_revision,288646866,2025-05-29T10:26:24,4741686,288637179;288646866
NORAD25544,ISS (ZARYA),25544,25544|2025-06-04T03:18:23.944+00:00,2025-06-04T03:18:23.944032+00:00,2,2,latest_published,same_epoch_revision,289066977,2025-06-04T11:26:31,4748028,289057375;289066977
NORAD25544,ISS (ZARYA),25544,25544|2025-06-17T11:16:37.968+00:00,2025-06-17T11:16:37.968960+00:00,2,2,latest_published,same_epoch_revision,290143102,2025-06-17T13:56:15,4759067,290143099;290143102
NORAD25544,ISS (ZARYA),25544,25544|2025-06-17T20:49:43.345+00:00,2025-06-17T20:49:43.345920+00:00,2,2,latest_published,same_epoch_revision,290187511,2025-06-18T04:16:16,4759715,290151238;290187511
NORAD25544,ISS (ZARYA),25544,25544|2025-06-18T20:01:16.129+00:00,2025-06-18T20:01:16.129344+00:00,2,2,latest_published,same_epoch_revision,290270713,2025-06-19T05:26:17,4760675,290234325;290270713
NORAD25544,ISS (ZARYA),25544,25544|2025-07-08T13:28:36.763+00:00,2025-07-08T13:28:36.763104+00:00,3,3,latest_published,same_epoch_revision,292012715,2025-07-08T21:16:28,4779218,291982064;292012669;292012715
NORAD25544,ISS (ZARYA),25544,25544|2025-07-22T06:23:04.197+00:00,2025-07-22T06:23:04.197984+00:00,2,2,latest_published,same_epoch_revision,293225760,2025-07-22T17:58:09,4792757,293211184;293225760
NORAD25544,ISS (ZARYA),25544,25544|2025-07-25T01:46:04.999+00:00,2025-07-25T01:46:04.999872+00:00,2,2,latest_published,same_epoch_revision,293422733,2025-07-25T02:46:15,4794956,293422732;293422733
NORAD25544,ISS (ZARYA),25544,25544|2025-07-30T12:44:35.261+00:00,2025-07-30T12:44:35.261952+00:00,2,2,latest_published,same_epoch_revision,293856902,2025-07-30T14:36:18,4800421,293854939;293856902
NORAD25544,ISS (ZARYA),25544,25544|2025-10-02T11:12:37.521+00:00,2025-10-02T11:12:37.521216+00:00,2,2,latest_published,same_epoch_revision,299027629,2025-10-02T21:16:34,4831227,298990025;299027629
NORAD25544,ISS (ZARYA),25544,25544|2025-10-09T19:38:33.082+00:00,2025-10-09T19:38:33.082944+00:00,2,2,latest_published,same_epoch_revision,299649270,2025-10-10T04:19:40,4840951,299639040;299649270
NORAD25544,ISS (ZARYA),25544,25544|2025-10-21T19:32:52.647+00:00,2025-10-21T19:32:52.647072+00:00,2,2,latest_published,same_epoch_revision,300711260,2025-10-22T04:10:39,4851525,300698388;300711260
NORAD25544,ISS (ZARYA),25544,25544|2025-10-27T04:01:38.498+00:00,2025-10-27T04:01:38.498016+00:00,2,2,latest_published,same_epoch_revision,301308239,2025-10-27T10:32:28,4862303,301293155;301308239
NORAD25544,ISS (ZARYA),25544,25544|2025-11-12T22:26:21.947+00:00,2025-11-12T22:26:21.947136+00:00,2,2,latest_published,same_epoch_revision,302398585,2025-11-13T06:46:20,4878917,302363210;302398585
NORAD25544,ISS (ZARYA),25544,25544|2025-11-22T06:52:52.156+00:00,2025-11-22T06:52:52.156128+00:00,2,2,latest_published,same_epoch_revision,303244110,2025-11-22T18:56:57,4894246,303231354;303244110
NORAD25544,ISS (ZARYA),25544,25544|2025-11-30T13:03:31.260+00:00,2025-11-30T13:03:31.260384+00:00,2,2,latest_published,same_epoch_revision,304012954,2025-11-30T22:56:32,4909718,303974085;304012954
NORAD25544,ISS (ZARYA),25544,25544|2025-12-10T03:42:55.481+00:00,2025-12-10T03:42:55.481184+00:00,2,2,latest_published,same_epoch_revision,305043570,2025-12-10T15:16:32,4923012,305005673;305043570
NORAD25544,ISS (ZARYA),25544,25544|2025-12-24T17:30:08.449+00:00,2025-12-24T17:30:08.449344+00:00,2,2,latest_published,same_epoch_revision,306513669,2025-12-25T08:16:32,4936242,306475876;306513669
NORAD25544,ISS (ZARYA),25544,25544|2025-12-30T12:47:17.579+00:00,2025-12-30T12:47:17.579040+00:00,2,2,latest_published,same_epoch_revision,307237877,2025-12-30T23:46:41,4946525,307199793;307237877
NORAD25544,ISS (ZARYA),25544,25544|2025-12-31T18:12:28.222+00:00,2025-12-31T18:12:28.222272+00:00,2,2,latest_published,same_epoch_revision,307421404,2026-01-01T07:26:28,4948945,307384131;307421404
NORAD25544,ISS (ZARYA),25544,25544|2026-01-26T04:12:04.882+00:00,2026-01-26T04:12:04.882464+00:00,2,2,latest_published,same_epoch_revision,310132702,2026-01-26T15:27:13,4983780,310087384;310132702
NORAD25544,ISS (ZARYA),25544,25544|2026-02-15T13:40:14.415+00:00,2026-02-15T13:40:14.415456+00:00,2,2,latest_published,same_epoch_revision,312617396,2026-02-15T23:56:28,5029381,312581665;312617396
NORAD25544,ISS (ZARYA),25544,25544|2026-02-27T21:31:51.403+00:00,2026-02-27T21:31:51.403008+00:00,2,2,latest_published,same_epoch_revision,314291005,2026-02-28T07:36:42,5059394,314249986;314291005
NORAD25544,ISS (ZARYA),25544,25544|2026-02-28T20:45:57.648+00:00,2026-02-28T20:45:57.648384+00:00,2,2,latest_published,same_epoch_revision,314418249,2026-03-01T07:06:51,5062161,314379356;314418249
NORAD25544,ISS (ZARYA),25544,25544|2026-03-07T18:30:03.892+00:00,2026-03-07T18:30:03.892896+00:00,2,2,latest_published,same_epoch_revision,315210174,2026-03-08T05:12:34,5076414,315197155;315210174
NORAD25544,ISS (ZARYA),25544,25544|2026-03-10T11:33:06.281+00:00,2026-03-10T11:33:06.281280+00:00,2,2,latest_published,same_epoch_revision,315532040,2026-03-11T02:43:10,5081747,315500864;315532040
NORAD25544,ISS (ZARYA),25544,25544|2026-03-20T06:59:30.191+00:00,2026-03-20T06:59:30.191424+00:00,2,2,latest_published,same_epoch_revision,316590981,2026-03-20T19:57:07,5094010,316576354;316590981
NORAD25544,ISS (ZARYA),25544,25544|2026-04-08T00:07:29.534+00:00,2026-04-08T00:07:29.534880+00:00,2,2,latest_published,same_epoch_revision,318725382,2026-04-08T10:27:10,5121331,318712485;318725382
NORAD25544,ISS (ZARYA),25544,25544|2026-04-11T04:00:07.797+00:00,2026-04-11T04:00:07.797024+00:00,2,2,latest_published,same_epoch_revision,319088528,2026-04-11T10:06:42,5125838,319075276;319088528
NORAD25544,ISS (ZARYA),25544,25544|2026-04-20T12:32:07.793+00:00,2026-04-20T12:32:07.793952+00:00,2,2,latest_published,same_epoch_revision,320240490,2026-04-20T18:24:45,5142903,320227400;320240490
NORAD25544,ISS (ZARYA),25544,25544|2026-04-21T11:45:46.937+00:00,2026-04-21T11:45:46.937376+00:00,2,2,latest_published,same_epoch_revision,320358817,2026-04-21T18:43:01,5143808,320345455;320358817
NORAD25544,ISS (ZARYA),25544,25544|2026-04-27T04:01:32.075+00:00,2026-04-27T04:01:32.075040+00:00,2,2,latest_published,same_epoch_revision,321068971,2026-04-27T10:24:28,5154452,321055616;321068971
NORAD25544,ISS (ZARYA),25544,25544|2026-04-30T04:47:54.123+00:00,2026-04-30T04:47:54.123936+00:00,2,2,latest_published,same_epoch_revision,321487467,2026-04-30T12:04:26,5162332,321474179;321487467
NORAD25544,ISS (ZARYA),25544,25544|2026-05-18T20:13:53.038+00:00,2026-05-18T20:13:53.038272+00:00,2,2,latest_published,same_epoch_revision,323751240,2026-05-19T02:42:52,5203002,323739968;323751240
NORAD25544,ISS (ZARYA),25544,25544|2026-05-22T12:28:18.496+00:00,2026-05-22T12:28:18.496128+00:00,2,2,latest_published,same_epoch_revision,324373411,2026-05-22T22:16:27,5209092,324316996;324373411
NORAD25544,ISS (ZARYA),25544,25544|2026-05-30T20:09:31.965+00:00,2026-05-30T20:09:31.965984+00:00,2,2,latest_published,same_epoch_revision,326195406,2026-05-31T06:06:41,5223946,326164012;326195406
NORAD25544,ISS (ZARYA),25544,25544|2026-06-03T12:23:04.096+00:00,2026-06-03T12:23:04.096896+00:00,2,2,latest_published,same_epoch_revision,326918607,2026-06-03T21:59:02,5228922,326894547;326918607
NORAD25544,ISS (ZARYA),25544,25544|2026-06-04T17:47:31.539+00:00,2026-06-04T17:47:31.539264+00:00,2,2,latest_published,same_epoch_revision,327150322,2026-06-05T02:58:45,5230353,327136741;327150322
NORAD25544,ISS (ZARYA),25544,25544|2026-06-06T08:29:08.600+00:00,2026-06-06T08:29:08.600064+00:00,2,2,latest_published,same_epoch_revision,327580130,2026-06-06T17:50:36,5233480,327544279;327580130
NORAD25544,ISS (ZARYA),25544,25544|2026-06-10T03:47:59.654+00:00,2026-06-10T03:47:59.654112+00:00,2,2,latest_published,same_epoch_revision,328547086,2026-06-10T11:00:42,5240916,328512368;328547086
NORAD25544,ISS (ZARYA),25544,25544|2026-06-26T03:43:15.671+00:00,2026-06-26T03:43:15.671136+00:00,2,2,latest_published,same_epoch_revision,331436509,2026-06-26T10:50:41,5260828,331412517;331436509
NORAD25544,ISS (ZARYA),25544,25544|2026-06-26T11:27:38.362+00:00,2026-06-26T11:27:38.362176+00:00,2,2,latest_published,same_epoch_revision,331533469,2026-06-26T20:16:33,5261198,331471663;331533469
NORAD25544,ISS (ZARYA),25544,25544|2026-07-07T04:27:30.183+00:00,2026-07-07T04:27:30.183264+00:00,2,2,latest_published,same_epoch_revision,333868446,2026-07-07T16:56:46,5278467,333775072;333868446
NORAD25544,ISS (ZARYA),25544,25544|2026-07-18T20:42:49.520+00:00,2026-07-18T20:42:49.520160+00:00,2,2,latest_published,same_epoch_revision,336422740,2026-07-19T06:47:38,5297243,336392069;336422740
NORAD56726,IRIDIUM 181,56726,56726|2025-09-29T18:35:25.096+00:00,2025-09-29T18:35:25.096128+00:00,2,2,latest_published,same_epoch_revision,298739241,2025-09-30T03:31:26,4825701,298705245;298739241
NORAD56726,IRIDIUM 181,56726,56726|2025-10-18T03:31:41.492+00:00,2025-10-18T03:31:41.492064+00:00,2,2,latest_published,same_epoch_revision,300441338,2025-10-18T10:30:26,4849367,300410208;300441338
NORAD56726,IRIDIUM 181,56726,56726|2025-10-21T16:23:14.498+00:00,2025-10-21T16:23:14.498880+00:00,2,2,latest_published,same_epoch_revision,300727216,2025-10-22T04:10:39,4851525,300697399;300727216
NORAD56726,IRIDIUM 181,56726,56726|2025-12-04T11:58:21.802+00:00,2025-12-04T11:58:21.802080+00:00,2,2,latest_published,same_epoch_revision,304464151,2025-12-04T21:16:21,4916959,304445207;304464151
NORAD56726,IRIDIUM 181,56726,56726|2025-12-24T02:51:27.469+00:00,2025-12-24T02:51:27.469152+00:00,2,2,latest_published,same_epoch_revision,306442025,2025-12-24T10:32:40,4934857,306409275;306442025
NORAD56726,IRIDIUM 181,56726,56726|2026-01-04T10:04:26.336+00:00,2026-01-04T10:04:26.336064+00:00,2,2,latest_published,same_epoch_revision,307924277,2026-01-04T21:10:41,4955850,307893610;307924277
NORAD56726,IRIDIUM 181,56726,56726|2026-01-04T20:03:26.620+00:00,2026-01-04T20:03:26.620128+00:00,2,2,latest_published,same_epoch_revision,307972969,2026-01-05T03:04:41,4956529,307943736;307972969
NORAD56726,IRIDIUM 181,56726,56726|2026-02-02T06:15:32.282+00:00,2026-02-02T06:15:32.282784+00:00,2,2,latest_published,same_epoch_revision,310932930,2026-02-02T14:36:25,5001973,310900525;310932930
NORAD56726,IRIDIUM 181,56726,56726|2026-02-05T17:27:15.046+00:00,2026-02-05T17:27:15.046272+00:00,2,2,latest_published,same_epoch_revision,311383079,2026-02-06T03:32:41,5012283,311352430;311383079
NORAD56726,IRIDIUM 181,56726,56726|2026-02-06T05:06:05.501+00:00,2026-02-06T05:06:05.501952+00:00,2,2,latest_published,same_epoch_revision,311451202,2026-02-06T14:46:20,5013423,311432948;311451202
NORAD56726,IRIDIUM 181,56726,56726|2026-02-08T05:21:17.186+00:00,2026-02-08T05:21:17.186112+00:00,2,2,latest_published,same_epoch_revision,311743186,2026-02-08T15:16:43,5017755,311722392;311743186
NORAD56726,IRIDIUM 181,56726,56726|2026-02-08T17:00:07.572+00:00,2026-02-08T17:00:07.572672+00:00,2,2,latest_published,same_epoch_revision,311820273,2026-02-09T03:14:51,5018754,311792033;311820273
NORAD56726,IRIDIUM 181,56726,56726|2026-02-09T16:17:48.297+00:00,2026-02-09T16:17:48.297408+00:00,2,2,latest_published,same_epoch_revision,311949379,2026-02-10T04:14:25,5020222,311921872;311949379
NORAD56726,IRIDIUM 181,56726,56726|2026-02-10T05:36:28.694+00:00,2026-02-10T05:36:28.694016+00:00,2,2,latest_published,same_epoch_revision,312020093,2026-02-10T15:06:32,5021420,311999762;312020093
NORAD56726,IRIDIUM 181,56726,56726|2026-02-16T04:42:13.872+00:00,2026-02-16T04:42:13.872096+00:00,2,2,latest_published,same_epoch_revision,312718715,2026-02-16T14:56:32,5030889,312697444;312718715
NORAD56726,IRIDIUM 181,56726,56726|2026-02-26T12:37:33.584+00:00,2026-02-26T12:37:33.584160+00:00,2,2,latest_published,same_epoch_revision,314113650,2026-02-26T22:06:20,5055896,314089088;314113650
NORAD56726,IRIDIUM 181,56726,56726|2026-03-03T14:05:27.320+00:00,2026-03-03T14:05:27.320064+00:00,2,2,latest_published,same_epoch_revision,314732913,2026-03-03T23:16:32,5068710,314713711;314732913
NORAD56726,IRIDIUM 181,56726,56726|2026-03-17T19:11:29.467+00:00,2026-03-17T19:11:29.467968+00:00,2,2,latest_published,same_epoch_revision,316277204,2026-03-18T04:49:44,5089495,316250510;316277204
NORAD56726,IRIDIUM 181,56726,56726|2026-04-08T05:20:17.742+00:00,2026-04-08T05:20:17.742048+00:00,2,2,latest_published,same_epoch_revision,318742112,2026-04-08T10:27:10,5121331,318711915;318742112
NORAD56726,IRIDIUM 181,56726,56726|2026-05-02T15:01:58.816+00:00,2026-05-02T15:01:58.816416+00:00,2,2,latest_published,same_epoch_revision,321817971,2026-05-02T22:36:22,5168148,321794510;321817971
NORAD56726,IRIDIUM 181,56726,56726|2026-05-03T20:58:59.798+00:00,2026-05-03T20:58:59.798208+00:00,2,2,latest_published,same_epoch_revision,322012781,2026-05-04T05:14:50,5171175,321983535;322012781
NORAD56726,IRIDIUM 181,56726,56726|2026-07-15T12:45:21.585+00:00,2026-07-15T12:45:21.585312+00:00,2,2,latest_published,same_epoch_revision,335640279,2026-07-15T17:36:51,5291894,335591354;335640279
NORAD56727,IRIDIUM 177,56727,56727|2025-10-02T13:23:00.915+00:00,2025-10-02T13:23:00.915072+00:00,2,2,latest_published,same_epoch_revision,299026965,2025-10-02T21:16:34,4831181,299006509;299026965
NORAD56727,IRIDIUM 177,56727,56727|2025-11-06T18:40:26.415+00:00,2025-11-06T18:40:26.415264+00:00,2,2,latest_published,same_epoch_revision,302085908,2025-11-07T02:17:17,4873258,302029044;302085908
NORAD56727,IRIDIUM 177,56727,56727|2025-11-22T19:11:41.449+00:00,2025-11-22T19:11:41.449920+00:00,2,2,latest_published,same_epoch_revision,303340609,2025-11-23T21:08:43,4896238,303294764;303340609
NORAD56727,IRIDIUM 177,56727,56727|2025-12-23T13:24:08.432+00:00,2025-12-23T13:24:08.432352+00:00,2,2,latest_published,same_epoch_revision,306392157,2025-12-24T02:10:40,4934052,306363082;306392157
NORAD56727,IRIDIUM 177,56727,56727|2025-12-24T04:00:15.202+00:00,2025-12-24T04:00:15.202368+00:00,2,2,latest_published,same_epoch_revision,306442526,2025-12-24T10:32:40,4934857,306409654;306442526
NORAD56727,IRIDIUM 177,56727,56727|2025-12-25T14:04:30.792+00:00,2025-12-25T14:04:30.792000+00:00,2,2,latest_published,same_epoch_revision,306594493,2025-12-25T21:26:22,4936958,306574220;306594493
NORAD56727,IRIDIUM 177,56727,56727|2026-01-06T03:30:42.340+00:00,2026-01-06T03:30:42.340896+00:00,2,2,latest_published,same_epoch_revision,308126942,2026-01-06T10:30:26,4959107,308095203;308126942
NORAD56727,IRIDIUM 177,56727,56727|2026-03-04T08:05:40.426+00:00,2026-03-04T08:05:40.426080+00:00,2,2,latest_published,same_epoch_revision,314833339,2026-03-04T17:33:12,5070655,314805307;314833339
NORAD56727,IRIDIUM 177,56727,56727|2026-03-12T22:08:42.207+00:00,2026-03-12T22:08:42.207936+00:00,2,2,latest_published,same_epoch_revision,315833173,2026-03-13T03:38:44,5086888,315804780;315833173
NORAD56727,IRIDIUM 177,56727,56727|2026-03-31T04:12:14.890+00:00,2026-03-31T04:12:14.890176+00:00,2,2,latest_published,same_epoch_revision,317733292,2026-03-31T11:32:42,5108833,317702018;317733292
NORAD56727,IRIDIUM 177,56727,56727|2026-04-09T03:59:16.001+00:00,2026-04-09T03:59:16.001952+00:00,2,2,latest_published,same_epoch_revision,318862345,2026-04-09T10:24:28,5122331,318830915;318862345
NORAD56727,IRIDIUM 177,56727,56727|2026-04-10T04:19:28.725+00:00,2026-04-10T04:19:28.725312+00:00,2,2,latest_published,same_epoch_revision,318995778,2026-04-10T11:58:28,5123975,318966129;318995778
NORAD56727,IRIDIUM 177,56727,56727|2026-04-14T10:32:21.255+00:00,2026-04-14T10:32:21.255360+00:00,2,2,latest_published,same_epoch_revision,319504439,2026-04-14T17:52:48,5133100,319473250;319504439
NORAD56727,IRIDIUM 177,56727,56727|2026-05-03T02:19:53.186+00:00,2026-05-03T02:19:53.186304+00:00,2,2,latest_published,same_epoch_revision,321904710,2026-05-03T10:10:27,5169471,321873872;321904710
NORAD56727,IRIDIUM 177,56727,56727|2026-06-04T00:07:13.499+00:00,2026-06-04T00:07:13.499904+00:00,2,2,latest_published,same_epoch_revision,327093024,2026-06-04T12:20:25,5229914,327045816;327093024
NORAD56727,IRIDIUM 177,56727,56727|2026-06-08T11:12:05.966+00:00,2026-06-08T11:12:05.966208+00:00,2,2,latest_published,same_epoch_revision,328198347,2026-06-09T02:58:40,5238447,328089759;328198347
NORAD56727,IRIDIUM 177,56727,56727|2026-06-14T22:57:23.270+00:00,2026-06-14T22:57:23.270976+00:00,3,2,latest_published,same_epoch_revision,329647893,2026-06-15T10:58:44,5248342,329538158;329596815;329647893
NORAD56727,IRIDIUM 177,56727,56727|2026-06-17T12:36:33.238+00:00,2026-06-17T12:36:33.238080+00:00,2,2,latest_published,same_epoch_revision,330236814,2026-06-17T17:43:15,5252865,330194797;330236814
NORAD56727,IRIDIUM 177,56727,56727|2026-07-01T02:44:04.797+00:00,2026-07-01T02:44:04.797888+00:00,2,2,latest_published,same_epoch_revision,332465553,2026-07-01T10:22:27,5268034,332416967;332465553
NORAD56727,IRIDIUM 177,56727,56727|2026-07-05T20:19:16.601+00:00,2026-07-05T20:19:16.601088+00:00,2,2,latest_published,same_epoch_revision,333660685,2026-07-06T19:16:34,5276343,333559921;333660685
NORAD56727,IRIDIUM 177,56727,56727|2026-07-06T22:17:02.247+00:00,2026-07-06T22:17:02.247936+00:00,2,2,latest_published,same_epoch_revision,333884640,2026-07-07T16:56:46,5278467,333769618;333884640
NORAD56727,IRIDIUM 177,56727,56727|2026-07-07T08:01:11.830+00:00,2026-07-07T08:01:11.830944+00:00,2,2,latest_published,same_epoch_revision,333919261,2026-07-07T17:27:53,5278478,333839199;333919261
NORAD56727,IRIDIUM 177,56727,56727|2026-07-15T09:06:59.634+00:00,2026-07-15T09:06:59.634432+00:00,2,2,latest_published,same_epoch_revision,335639780,2026-07-15T17:36:51,5291894,335591356;335639780
NORAD56727,IRIDIUM 177,56727,56727|2026-07-17T14:39:51.772+00:00,2026-07-17T14:39:51.772032+00:00,2,2,latest_published,same_epoch_revision,336208992,2026-07-17T22:06:42,5296039,336126015;336208992
NORAD61594,ONEWEB-0015,61594,61594|2025-03-03T16:00:01.999+00:00,2025-03-03T16:00:01.999584+00:00,2,2,latest_published,same_epoch_revision,282219353,2025-03-04T02:27:07,4658456,282190852;282219353
NORAD61594,ONEWEB-0015,61594,61594|2025-03-06T18:00:02.999+00:00,2025-03-06T18:00:02.999808+00:00,2,2,latest_published,same_epoch_revision,282468034,2025-03-07T02:42:48,4661439,282439503;282468034
NORAD61594,ONEWEB-0015,61594,61594|2025-03-07T22:00:01.999+00:00,2025-03-07T22:00:01.999584+00:00,2,2,latest_published,same_epoch_revision,282549850,2025-03-08T04:59:39,4662408,282521658;282549850
NORAD61594,ONEWEB-0015,61594,61594|2025-03-08T18:00:02.000+00:00,2025-03-08T18:00:02.000160+00:00,2,2,latest_published,same_epoch_revision,282631919,2025-03-09T04:03:08,4663307,282603404;282631919
NORAD61594,ONEWEB-0015,61594,61594|2025-03-10T14:00:01.999+00:00,2025-03-10T14:00:01.999872+00:00,2,2,latest_published,same_epoch_revision,282763303,2025-03-10T17:12:15,4665056,282734747;282763303
NORAD61594,ONEWEB-0015,61594,61594|2025-03-17T12:00:02.000+00:00,2025-03-17T12:00:02.000160+00:00,2,2,latest_published,same_epoch_revision,283346704,2025-03-17T19:07:54,4672105,283317928;283346704
NORAD61594,ONEWEB-0015,61594,61594|2025-03-28T12:00:02.000+00:00,2025-03-28T12:00:02.000160+00:00,2,2,latest_published,same_epoch_revision,284265083,2025-03-28T20:36:09,4683285,284236034;284265083
NORAD61594,ONEWEB-0015,61594,61594|2025-10-08T20:02:49.861+00:00,2025-10-08T20:02:49.861248+00:00,2,2,latest_published,same_epoch_revision,299531389,2025-10-09T02:29:47,4839045,299503319;299531389
NORAD61594,ONEWEB-0015,61594,61594|2025-10-09T23:30:50.424+00:00,2025-10-09T23:30:50.424192+00:00,2,2,latest_published,same_epoch_revision,299716550,2025-10-10T11:05:40,4841636,299685566;299716550
NORAD61594,ONEWEB-0015,61594,61594|2025-10-10T15:59:38.840+00:00,2025-10-10T15:59:38.840928+00:00,2,2,latest_published,same_epoch_revision,299782047,2025-10-11T02:58:56,4843180,299751626;299782047
NORAD61594,ONEWEB-0015,61594,61594|2025-10-22T09:59:13.370+00:00,2025-10-22T09:59:13.370208+00:00,2,2,latest_published,same_epoch_revision,300841522,2025-10-23T02:46:54,4853664,300766650;300841522
NORAD61594,ONEWEB-0015,61594,61594|2025-10-23T15:17:05.751+00:00,2025-10-23T15:17:05.751168+00:00,2,2,latest_published,same_epoch_revision,300910140,2025-10-23T22:16:24,4855049,300888736;300910140
NORAD61594,ONEWEB-0015,61594,61594|2025-11-03T18:37:45.152+00:00,2025-11-03T18:37:45.152256+00:00,2,2,latest_published,same_epoch_revision,301771451,2025-11-04T04:40:24,4868542,301741255;301771451
NORAD61594,ONEWEB-0015,61594,61594|2025-12-20T03:57:05.918+00:00,2025-12-20T03:57:05.918112+00:00,2,2,latest_published,same_epoch_revision,305972414,2025-12-20T11:53:06,4928347,305942073;305972414
NORAD61594,ONEWEB-0015,61594,61594|2026-01-09T03:42:18.642+00:00,2026-01-09T03:42:18.642816+00:00,2,2,latest_published,same_epoch_revision,308498208,2026-01-09T10:42:42,4965402,308468739;308498208
NORAD61594,ONEWEB-0015,61594,61594|2026-01-15T15:21:03.218+00:00,2026-01-15T15:21:03.218112+00:00,2,2,latest_published,same_epoch_revision,309161783,2026-01-16T03:56:43,4972387,309131874;309161783
NORAD61594,ONEWEB-0015,61594,61594|2026-01-31T01:14:15.844+00:00,2026-01-31T01:14:15.844992+00:00,2,2,latest_published,same_epoch_revision,310659245,2026-01-31T11:38:29,4995700,310625333;310659245
NORAD61594,ONEWEB-0015,61594,61594|2026-02-12T11:42:38.186+00:00,2026-02-12T11:42:38.186208+00:00,2,2,latest_published,same_epoch_revision,312284419,2026-02-12T19:23:22,5023493,312252599;312284419
NORAD61594,ONEWEB-0015,61594,61594|2026-02-19T21:19:47.686+00:00,2026-02-19T21:19:47.686368+00:00,2,2,latest_published,same_epoch_revision,313288013,2026-02-20T08:06:38,5042786,313266868;313288013
NORAD61594,ONEWEB-0015,61594,61594|2026-02-24T22:11:01.482+00:00,2026-02-24T22:11:01.482144+00:00,2,2,latest_published,same_epoch_revision,313918165,2026-02-25T07:06:34,5053028,313897090;313918165
NORAD61594,ONEWEB-0015,61594,61594|2026-03-18T21:32:51.239+00:00,2026-03-18T21:32:51.239328+00:00,2,2,latest_published,same_epoch_revision,316420585,2026-03-19T03:50:45,5091345,316373653;316420585
NORAD61594,ONEWEB-0015,61594,61594|2026-03-30T21:01:58.613+00:00,2026-03-30T21:01:58.613376+00:00,2,2,latest_published,same_epoch_revision,317706034,2026-03-31T09:06:21,5108775,317682474;317706034
NORAD61594,ONEWEB-0015,61594,61594|2026-06-06T07:44:43.840+00:00,2026-06-06T07:44:43.840032+00:00,2,2,latest_published,same_epoch_revision,327599802,2026-06-06T17:50:36,5233480,327554167;327599802
NORAD61594,ONEWEB-0015,61594,61594|2026-06-19T01:32:33.677+00:00,2026-06-19T01:32:33.677952+00:00,2,2,latest_published,same_epoch_revision,330698503,2026-06-19T11:14:33,5255912,330657169;330698503
NORAD61594,ONEWEB-0015,61594,61594|2026-06-25T02:12:06.265+00:00,2026-06-25T02:12:06.265152+00:00,2,2,latest_published,same_epoch_revision,331176093,2026-06-25T12:14:30,5258598,331137875;331176093
NORAD61594,ONEWEB-0015,61594,61594|2026-07-11T13:43:27.413+00:00,2026-07-11T13:43:27.413184+00:00,3,2,latest_published,same_epoch_revision,334682148,2026-07-12T04:44:38,5284127,334582342;334645601;334682148
NORAD66514,SENTINEL-6B,66514,66514|2025-12-05T07:31:22.416+00:00,2025-12-05T07:31:22.416096+00:00,2,2,latest_published,same_epoch_revision,304687044,2025-12-07T05:42:25,4918577,304591885;304687044
NORAD66514,SENTINEL-6B,66514,66514|2025-12-08T23:22:28.384+00:00,2025-12-08T23:22:28.384896+00:00,3,2,latest_published,same_epoch_revision,305081914,2025-12-10T19:58:43,4923342,304872237;304916194;305081914
NORAD66514,SENTINEL-6B,66514,66514|2025-12-12T06:01:21.428+00:00,2025-12-12T06:01:21.428544+00:00,2,2,latest_published,same_epoch_revision,306071391,2025-12-21T03:42:25,4929614,305740650;306071391
NORAD66514,SENTINEL-6B,66514,66514|2025-12-12T06:01:21.430+00:00,2025-12-12T06:01:21.430272+00:00,2,2,latest_published,same_epoch_revision,305517328,2025-12-15T20:47:01,4925932,305294163;305517328
NORAD66514,SENTINEL-6B,66514,66514|2025-12-27T02:01:46.344+00:00,2025-12-27T02:01:46.344288+00:00,2,2,latest_published,same_epoch_revision,306830861,2025-12-27T10:34:44,4940227,306782024;306830861
NORAD66514,SENTINEL-6B,66514,66514|2025-12-29T12:07:04.971+00:00,2025-12-29T12:07:04.971360+00:00,2,2,latest_published,same_epoch_revision,307123109,2025-12-29T21:30:56,4944351,307078832;307123109
NORAD66514,SENTINEL-6B,66514,66514|2026-01-04T18:01:25.975+00:00,2026-01-04T18:01:25.975776+00:00,3,2,latest_published,same_epoch_revision,307983218,2026-01-05T07:06:30,4956610,307933889;307981265;307983218
NORAD66514,SENTINEL-6B,66514,66514|2026-02-25T02:59:56.091+00:00,2026-02-25T02:59:56.091264+00:00,2,2,latest_published,same_epoch_revision,313952133,2026-02-25T12:34:31,5053194,313902950;313952133
NORAD66514,SENTINEL-6B,66514,66514|2026-02-28T05:57:06.761+00:00,2026-02-28T05:57:06.761088+00:00,2,2,latest_published,same_epoch_revision,314332640,2026-02-28T14:46:22,5059860,314329309;314332640
NORAD66514,SENTINEL-6B,66514,66514|2026-03-02T12:17:33.947+00:00,2026-03-02T12:17:33.947808+00:00,2,2,latest_published,same_epoch_revision,314603572,2026-03-02T23:06:43,5065886,314600824;314603572
NORAD66514,SENTINEL-6B,66514,66514|2026-03-08T10:42:12.093+00:00,2026-03-08T10:42:12.093120+00:00,2,2,latest_published,same_epoch_revision,315302567,2026-03-08T18:14:50,5077865,315250726;315302567
NORAD66514,SENTINEL-6B,66514,66514|2026-03-11T02:24:48.071+00:00,2026-03-11T02:24:48.071232+00:00,2,2,latest_published,same_epoch_revision,315609428,2026-03-11T10:24:30,5082615,315559435;315609428
NORAD66514,SENTINEL-6B,66514,66514|2026-03-17T00:49:26.098+00:00,2026-03-17T00:49:26.098176+00:00,2,2,latest_published,same_epoch_revision,316371623,2026-03-18T22:26:21,5090354,316203128;316371623
NORAD66514,SENTINEL-6B,66514,66514|2026-03-26T02:11:14.438+00:00,2026-03-26T02:11:14.438976+00:00,2,2,latest_published,same_epoch_revision,317134764,2026-03-26T10:28:28,5098523,317084400;317134764
NORAD66514,SENTINEL-6B,66514,66514|2026-04-11T04:11:40.654+00:00,2026-04-11T04:11:40.654176+00:00,2,2,latest_published,same_epoch_revision,319112986,2026-04-11T10:06:42,5125838,319063243;319112986
NORAD66514,SENTINEL-6B,66514,66514|2026-04-12T04:33:15.485+00:00,2026-04-12T04:33:15.485184+00:00,2,2,latest_published,same_epoch_revision,319241238,2026-04-12T10:04:28,5128447,319189989;319241238
NORAD66514,SENTINEL-6B,66514,66514|2026-04-15T20:37:26.016+00:00,2026-04-15T20:37:26.016960+00:00,2,2,latest_published,same_epoch_revision,319718767,2026-04-16T02:27:18,5136400,319671164;319718767
NORAD66514,SENTINEL-6B,66514,66514|2026-04-22T02:31:46.553+00:00,2026-04-22T02:31:46.553088+00:00,2,2,latest_published,same_epoch_revision,320487102,2026-04-22T12:02:26,5145432,320436456;320487102
NORAD66514,SENTINEL-6B,66514,66514|2026-05-06T13:11:11.486+00:00,2026-05-06T13:11:11.486400+00:00,2,2,latest_published,same_epoch_revision,322344777,2026-05-06T17:51:07,5177858,322293792;322344777
NORAD66514,SENTINEL-6B,66514,66514|2026-05-25T08:46:39.089+00:00,2026-05-25T08:46:39.089280+00:00,2,2,latest_published,same_epoch_revision,324982314,2026-05-25T17:37:17,5214505,324869673;324982314
NORAD66514,SENTINEL-6B,66514,66514|2026-05-29T10:12:58.845+00:00,2026-05-29T10:12:58.845312+00:00,2,2,latest_published,same_epoch_revision,325886547,2026-05-29T17:54:44,5221432,325783068;325886547
NORAD66514,SENTINEL-6B,66514,66514|2026-06-30T17:58:44.003+00:00,2026-06-30T17:58:44.003424+00:00,2,2,latest_published,same_epoch_revision,332363370,2026-07-01T03:38:51,5267210,332275983;332363370
NORAD66514,SENTINEL-6B,66514,66514|2026-07-02T20:34:19.557+00:00,2026-07-02T20:34:19.557120+00:00,2,2,latest_published,same_epoch_revision,332854643,2026-07-04T03:24:28,5270443,332788901;332854643
NORAD66514,SENTINEL-6B,66514,66514|2026-07-05T02:54:46.615+00:00,2026-07-05T02:54:46.615104+00:00,2,2,latest_published,same_epoch_revision,333380766,2026-07-06T05:46:25,5274185,333218089;333380766
NORAD66704,FLOCK 4H 1,66704,66704|2025-12-20T04:21:45.859+00:00,2025-12-20T04:21:45.859392+00:00,2,2,latest_published,same_epoch_revision,305977031,2025-12-20T11:53:06,4928347,305928580;305977031
NORAD66704,FLOCK 4H 1,66704,66704|2026-01-25T03:57:32.989+00:00,2026-01-25T03:57:32.989824+00:00,3,2,latest_published,same_epoch_revision,310016638,2026-01-25T23:46:21,4981831,309948657;309950981;310016638
NORAD66704,FLOCK 4H 1,66704,66704|2026-02-07T17:41:25.509+00:00,2026-02-07T17:41:25.509984+00:00,2,2,latest_published,same_epoch_revision,311681149,2026-02-08T02:37:17,5016494,311636088;311681149
NORAD66704,FLOCK 4H 1,66704,66704|2026-02-27T15:08:12.797+00:00,2026-02-27T15:08:12.797088+00:00,2,2,latest_published,same_epoch_revision,314274672,2026-02-28T02:22:40,5058680,314210931;314274672
NORAD66704,FLOCK 4H 1,66704,66704|2026-03-04T10:31:57.089+00:00,2026-03-04T10:31:57.089280+00:00,2,2,latest_published,same_epoch_revision,314841685,2026-03-04T17:33:12,5070655,314793420;314841685
NORAD66704,FLOCK 4H 1,66704,66704|2026-03-07T04:55:17.990+00:00,2026-03-07T04:55:17.990112+00:00,2,2,latest_published,same_epoch_revision,315130580,2026-03-07T16:06:19,5074995,315128668;315130580
NORAD66704,FLOCK 4H 1,66704,66704|2026-03-26T02:31:55.002+00:00,2026-03-26T02:31:55.002144+00:00,2,2,latest_published,same_epoch_revision,317135355,2026-03-26T10:28:28,5098523,317085502;317135355
NORAD66704,FLOCK 4H 1,66704,66704|2026-04-14T11:07:16.830+00:00,2026-04-14T11:07:16.830336+00:00,2,2,latest_published,same_epoch_revision,319512261,2026-04-14T17:52:48,5133100,319461338;319512261
NORAD66704,FLOCK 4H 1,66704,66704|2026-04-28T03:46:24.468+00:00,2026-04-28T03:46:24.468960+00:00,2,2,latest_published,same_epoch_revision,321221942,2026-04-28T10:22:26,5157056,321169311;321221942
NORAD66704,FLOCK 4H 1,66704,66704|2026-04-29T03:28:22.757+00:00,2026-04-29T03:28:22.757376+00:00,2,2,latest_published,same_epoch_revision,321351100,2026-04-29T10:10:44,5159757,321299091;321351100
NORAD66704,FLOCK 4H 1,66704,66704|2026-05-02T16:47:22.288+00:00,2026-05-02T16:47:22.288992+00:00,2,2,latest_published,same_epoch_revision,321858066,2026-05-03T02:38:42,5168531,321808561;321858066
NORAD66704,FLOCK 4H 1,66704,66704|2026-05-05T00:05:08.638+00:00,2026-05-05T00:05:08.638944+00:00,2,2,latest_published,same_epoch_revision,322169205,2026-05-05T10:20:49,5174649,322121423;322169205
NORAD66704,FLOCK 4H 1,66704,66704|2026-05-25T03:29:55.841+00:00,2026-05-25T03:29:55.841280+00:00,2,2,latest_published,same_epoch_revision,324981905,2026-05-25T17:37:17,5214505,324783114;324981905
NORAD66704,FLOCK 4H 1,66704,66704|2026-06-17T12:13:42.801+00:00,2026-06-17T12:13:42.801024+00:00,2,2,latest_published,same_epoch_revision,330245128,2026-06-17T17:43:15,5252865,330165922;330245128
NORAD66704,FLOCK 4H 1,66704,66704|2026-07-07T04:25:53.175+00:00,2026-07-07T04:25:53.175936+00:00,2,2,latest_published,same_epoch_revision,333893426,2026-07-07T16:56:46,5278467,333731383;333893426
NORAD66704,FLOCK 4H 1,66704,66704|2026-07-16T03:11:21.283+00:00,2026-07-16T03:11:21.283008+00:00,2,2,latest_published,same_epoch_revision,335854936,2026-07-16T10:58:49,5293390,335747510;335854936
NORAD66705,FLOCK 4H 2,66705,66705|2026-01-27T15:59:57.035+00:00,2026-01-27T15:59:57.035040+00:00,2,2,latest_published,same_epoch_revision,310372636,2026-01-28T19:29:03,4988578,310307658;310372636
NORAD66705,FLOCK 4H 2,66705,66705|2026-01-28T22:02:29.999+00:00,2026-01-28T22:02:29.999328+00:00,2,2,latest_published,same_epoch_revision,310422875,2026-01-29T03:27:04,4989375,310373900;310422875
NORAD66705,FLOCK 4H 2,66705,66705|2026-02-05T21:21:11.989+00:00,2026-02-05T21:21:11.989440+00:00,2,2,latest_published,same_epoch_revision,311392804,2026-02-06T06:26:18,5012435,311391446;311392804
NORAD66705,FLOCK 4H 2,66705,66705|2026-02-07T03:23:32.043+00:00,2026-02-07T03:23:32.043840+00:00,2,2,latest_published,same_epoch_revision,311583987,2026-02-07T10:28:24,5015116,311536560;311583987
NORAD66705,FLOCK 4H 2,66705,66705|2026-02-14T04:33:03.218+00:00,2026-02-14T04:33:03.218976+00:00,2,2,latest_published,same_epoch_revision,312475245,2026-02-14T15:26:50,5026005,312472175;312475245
NORAD66705,FLOCK 4H 2,66705,66705|2026-02-17T05:16:10.179+00:00,2026-02-17T05:16:10.179264+00:00,2,2,latest_published,same_epoch_revision,312828320,2026-02-17T14:36:20,5033007,312825846;312828320
NORAD66705,FLOCK 4H 2,66705,66705|2026-03-01T03:22:48.492+00:00,2026-03-01T03:22:48.492192+00:00,2,2,latest_published,same_epoch_revision,314455565,2026-03-01T13:32:50,5062466,314406786;314455565
NORAD66705,FLOCK 4H 2,66705,66705|2026-03-03T18:36:14.381+00:00,2026-03-03T18:36:14.381280+00:00,2,2,latest_published,same_epoch_revision,314771673,2026-03-04T02:28:53,5069030,314735269;314771673
NORAD66705,FLOCK 4H 2,66705,66705|2026-03-04T04:05:14.606+00:00,2026-03-04T04:05:14.606880+00:00,2,2,latest_published,same_epoch_revision,314842185,2026-03-04T17:33:12,5070655,314774721;314842185
NORAD66705,FLOCK 4H 2,66705,66705|2026-03-05T03:47:44.388+00:00,2026-03-05T03:47:44.388096+00:00,2,2,latest_published,same_epoch_revision,314905818,2026-03-05T11:34:52,5072151,314857769;314905818
NORAD66705,FLOCK 4H 2,66705,66705|2026-03-07T04:47:30.572+00:00,2026-03-07T04:47:30.572160+00:00,2,2,latest_published,same_epoch_revision,315128168,2026-03-07T12:10:27,5074745,315079325;315128168
NORAD66705,FLOCK 4H 2,66705,66705|2026-03-07T19:00:58.560+00:00,2026-03-07T19:00:58.560480+00:00,2,2,latest_published,same_epoch_revision,315234298,2026-03-08T05:12:34,5076414,315183542;315234298
NORAD66705,FLOCK 4H 2,66705,66705|2026-03-11T03:37:09.333+00:00,2026-03-11T03:37:09.333408+00:00,2,2,latest_published,same_epoch_revision,315609519,2026-03-11T10:24:30,5082615,315560047;315609519
NORAD66705,FLOCK 4H 2,66705,66705|2026-04-25T04:22:25.415+00:00,2026-04-25T04:22:25.415904+00:00,2,2,latest_published,same_epoch_revision,320856948,2026-04-25T10:18:27,5150121,320814013;320856948
NORAD66705,FLOCK 4H 2,66705,66705|2026-04-28T05:02:28.604+00:00,2026-04-28T05:02:28.604256+00:00,2,2,latest_published,same_epoch_revision,321221443,2026-04-28T10:22:26,5157056,321169811;321221443
NORAD66705,FLOCK 4H 2,66705,66705|2026-05-03T03:31:00.369+00:00,2026-05-03T03:31:00.369984+00:00,2,2,latest_published,same_epoch_revision,321914023,2026-05-03T10:10:27,5169471,321861632;321914023
NORAD66705,FLOCK 4H 2,66705,66705|2026-05-29T06:34:56.418+00:00,2026-05-29T06:34:56.418240+00:00,2,2,latest_published,same_epoch_revision,325886638,2026-05-29T17:54:44,5221432,325783911;325886638
NORAD66705,FLOCK 4H 2,66705,66705|2026-05-29T23:57:19.080+00:00,2026-05-29T23:57:19.080864+00:00,2,2,latest_published,same_epoch_revision,326111257,2026-05-30T21:02:43,5223167,325893885;326111257
NORAD66705,FLOCK 4H 2,66705,66705|2026-06-19T17:24:15.277+00:00,2026-06-19T17:24:15.277248+00:00,2,2,latest_published,same_epoch_revision,330817261,2026-06-20T02:24:28,5256419,330749267;330817261
NORAD66705,FLOCK 4H 2,66705,66705|2026-06-26T13:37:31.304+00:00,2026-06-26T13:37:31.304352+00:00,2,2,latest_published,same_epoch_revision,331503343,2026-06-26T20:06:42,5261003,331495695;331503343
NORAD66705,FLOCK 4H 2,66705,66705|2026-07-05T04:28:05.335+00:00,2026-07-05T04:28:05.335104+00:00,2,2,latest_published,same_epoch_revision,333381645,2026-07-06T05:46:25,5274267,333092471;333381645
NORAD66705,FLOCK 4H 2,66705,66705|2026-07-16T15:11:03.270+00:00,2026-07-16T15:11:03.270336+00:00,2,2,latest_published,same_epoch_revision,336099931,2026-07-17T11:44:54,5295272,335897846;336099931
NORAD66741,BLACK KITE-1,66741,66741|2025-12-20T15:34:45.270+00:00,2025-12-20T15:34:45.270048+00:00,2,2,latest_published,same_epoch_revision,306121156,2025-12-21T13:38:25,4930336,306073475;306121156
NORAD66741,BLACK KITE-1,66741,66741|2025-12-21T20:03:53.371+00:00,2025-12-21T20:03:53.371296+00:00,2,2,latest_published,same_epoch_revision,306234547,2025-12-22T10:45:50,4932384,306189299;306234547
NORAD66741,BLACK KITE-1,66741,66741|2025-12-23T03:42:42.094+00:00,2025-12-23T03:42:42.094368+00:00,2,2,latest_published,same_epoch_revision,306354542,2025-12-23T10:48:59,4933425,306307893;306354542
NORAD66741,BLACK KITE-1,66741,66741|2026-02-14T06:57:34.576+00:00,2026-02-14T06:57:34.576128+00:00,2,2,latest_published,same_epoch_revision,312555273,2026-02-15T10:18:42,5028108,312492386;312555273
NORAD66741,BLACK KITE-1,66741,66741|2026-04-22T03:50:50.714+00:00,2026-04-22T03:50:50.714016+00:00,2,2,latest_published,same_epoch_revision,320487211,2026-04-22T12:02:26,5145432,320436183;320487211
NORAD66741,BLACK KITE-1,66741,66741|2026-04-25T06:07:08.109+00:00,2026-04-25T06:07:08.109408+00:00,2,2,latest_published,same_epoch_revision,320860340,2026-04-25T14:26:43,5150178,320856966;320860340
NORAD66741,BLACK KITE-1,66741,66741|2026-04-30T04:37:55.401+00:00,2026-04-30T04:37:55.401312+00:00,2,2,latest_published,same_epoch_revision,321511583,2026-04-30T12:04:26,5162332,321461256;321511583
NORAD66741,BLACK KITE-1,66741,66741|2026-05-01T15:23:40.562+00:00,2026-05-01T15:23:40.562016+00:00,2,2,latest_published,same_epoch_revision,321728898,2026-05-02T02:22:59,5165909,321678262;321728898
NORAD66741,BLACK KITE-1,66741,66741|2026-05-06T15:28:42.167+00:00,2026-05-06T15:28:42.167136+00:00,2,2,latest_published,same_epoch_revision,322393743,2026-05-07T02:34:41,5178532,322348408;322393743
NORAD66741,BLACK KITE-1,66741,66741|2026-07-07T04:21:01.365+00:00,2026-07-07T04:21:01.365120+00:00,2,2,latest_published,same_epoch_revision,333892944,2026-07-07T16:56:46,5278467,333731449;333892944
NORAD68474,BLACK KITE-2,68474,68474|2026-05-05T02:31:31.222+00:00,2026-05-05T02:31:31.222272+00:00,2,2,latest_published,same_epoch_revision,322171063,2026-05-05T10:20:49,5174649,322124379;322171063
NORAD68474,BLACK KITE-2,68474,68474|2026-05-29T10:37:53.209+00:00,2026-05-29T10:37:53.209344+00:00,2,2,latest_published,same_epoch_revision,325888908,2026-05-29T17:54:44,5221432,325789132;325888908
NORAD68474,BLACK KITE-2,68474,68474|2026-06-15T03:16:19.005+00:00,2026-06-15T03:16:19.005312+00:00,2,2,latest_published,same_epoch_revision,329658540,2026-06-15T10:58:44,5248342,329559527;329658540
NORAD68474,BLACK KITE-2,68474,68474|2026-06-15T09:42:27.980+00:00,2026-06-15T09:42:27.980064+00:00,2,2,latest_published,same_epoch_revision,329764939,2026-06-15T18:47:25,5249107,329667538;329764939
NORAD68474,BLACK KITE-2,68474,68474|2026-06-17T09:58:34.739+00:00,2026-06-17T09:58:34.739904+00:00,2,2,latest_published,same_epoch_revision,330247482,2026-06-17T17:43:15,5252865,330168751;330247482
NORAD68474,BLACK KITE-2,68474,68474|2026-06-27T03:16:13.473+00:00,2026-06-27T03:16:13.473984+00:00,2,2,latest_published,same_epoch_revision,331746265,2026-06-27T10:44:46,5262791,331640084;331746265
NORAD68474,BLACK KITE-2,68474,68474|2026-07-14T20:00:30.275+00:00,2026-07-14T20:00:30.275136+00:00,2,2,latest_published,same_epoch_revision,335461642,2026-07-15T03:11:00,5290237,335371344;335461642
