satellite,satellite_name,norad_id,element_id,epoch_utc,same_epoch_rows,distinct_physical_solutions,policy,resolution,chosen_gp_id,chosen_creation_date,chosen_file,competing_gp_ids
NORAD25544,ISS (ZARYA),25544,25544|1999-09-17T00:25:19.235+00:00,1999-09-17T00:25:19.235136+00:00,2,2,earliest_published,same_epoch_revision,31459852,2004-08-17T15:26:00,35569,31459852;31459853
NORAD25544,ISS (ZARYA),25544,25544|2001-05-04T20:06:09.000+00:00,2001-05-04T20:06:09.000288+00:00,2,2,earliest_published,same_epoch_revision,106221,2004-05-27T14:23:33,5827,106221;36627529
NORAD25544,ISS (ZARYA),25544,25544|2002-02-15T21:58:47.585+00:00,2002-02-15T21:58:47.585855+00:00,2,2,earliest_published,same_epoch_revision,2150570,2004-05-28T18:55:02,6545,2150570;37264532
NORAD25544,ISS (ZARYA),25544,25544|2002-03-12T18:09:51.622+00:00,2002-03-12T18:09:51.622272+00:00,2,2,earliest_published,same_epoch_revision,2321651,2004-05-28T18:56:26,6573,2321651;37320637
NORAD25544,ISS (ZARYA),25544,25544|2002-11-11T19:08:50.000+00:00,2002-11-11T19:08:50.000351+00:00,2,2,earliest_published,same_epoch_revision,4038583,2004-05-28T19:17:53,7002,37828820;4038583
NORAD25544,ISS (ZARYA),25544,25544|2003-01-17T20:24:27.000+00:00,2003-01-17T20:24:27+00:00,2,2,earliest_published,same_epoch_revision,4518723,2004-05-29T18:11:48,7158,37965641;4518723
NORAD25544,ISS (ZARYA),25544,25544|2004-06-02T10:05:59.999+00:00,2004-06-02T10:05:59.999711+00:00,2,2,earliest_published,same_epoch_revision,7924050,2004-06-02T09:42:40,8719,38957382;7924050
NORAD25544,ISS (ZARYA),25544,25544|2004-06-22T22:59:19.999+00:00,2004-06-22T22:59:19.999967+00:00,2,2,earliest_published,same_epoch_revision,8004933,2004-06-22T17:10:59,15443,8004933;8004935
NORAD25544,ISS (ZARYA),25544,25544|2004-06-27T22:16:49.999+00:00,2004-06-27T22:16:49.999871+00:00,2,2,earliest_published,same_epoch_revision,8185059,2004-06-27T17:43:05,17194,8185059;8209884
NORAD25544,ISS (ZARYA),25544,25544|2004-06-30T20:30:59.999+00:00,2004-06-30T20:30:59.999904+00:00,2,2,earliest_published,same_epoch_revision,8230919,2004-06-30T16:26:15,18244,8230919;8231929
NORAD25544,ISS (ZARYA),25544,25544|2004-07-05T18:14:09.999+00:00,2004-07-05T18:14:09.999743+00:00,2,2,earliest_published,same_epoch_revision,8280349,2004-07-05T12:30:16,19937,8280349;8280354
NORAD25544,ISS (ZARYA),25544,25544|2004-07-07T17:34:20.000+00:00,2004-07-07T17:34:20.000352+00:00,2,2,earliest_published,same_epoch_revision,8297454,2004-07-07T13:14:42,20285,8297454;8297467
NORAD25544,ISS (ZARYA),25544,25544|2004-07-15T17:27:09.000+00:00,2004-07-15T17:27:09+00:00,2,2,earliest_published,same_epoch_revision,8377232,2004-07-15T13:31:20,23276,8377232;8377234
NORAD25544,ISS (ZARYA),25544,25544|2004-07-27T09:39:19.999+00:00,2004-07-27T09:39:19.999584+00:00,2,2,earliest_published,same_epoch_revision,8489155,2004-07-27T04:53:41,27272,8489155;8489161
NORAD25544,ISS (ZARYA),25544,25544|2004-08-03T18:41:49.318+00:00,2004-08-03T18:41:49.318656+00:00,2,2,earliest_published,same_epoch_revision,8566714,2004-08-03T16:26:32,29927,8566714;8566720
NORAD25544,ISS (ZARYA),25544,25544|2004-08-05T05:56:45.000+00:00,2004-08-05T05:56:45.000384+00:00,2,2,earliest_published,same_epoch_revision,8579055,2004-08-05T00:49:25,30395,8579055;8579082
NORAD25544,ISS (ZARYA),25544,25544|2004-08-06T18:21:21.425+00:00,2004-08-06T18:21:21.425184+00:00,2,2,earliest_published,same_epoch_revision,8638575,2004-08-12T16:29:35,30963,8638575;8638598
NORAD25544,ISS (ZARYA),25544,25544|2004-08-08T22:31:26.723+00:00,2004-08-08T22:31:26.723999+00:00,2,2,earliest_published,same_epoch_revision,8611243,2004-08-12T14:26:35,30484,8611243;8645659
NORAD25544,ISS (ZARYA),25544,25544|2004-08-09T04:38:00.000+00:00,2004-08-09T04:38:00.000384+00:00,2,2,earliest_published,same_epoch_revision,8646632,2004-08-12T17:51:36,31960,8646632;8646658
NORAD25544,ISS (ZARYA),25544,25544|2004-08-18T05:03:46.876+00:00,2004-08-18T05:03:46.876608+00:00,2,2,earliest_published,same_epoch_revision,25575428,2004-08-18T00:39:19,35285,25575428;25584469
NORAD25544,ISS (ZARYA),25544,25544|2004-08-19T22:36:49.999+00:00,2004-08-19T22:36:49.999967+00:00,2,2,earliest_published,same_epoch_revision,38077302,2004-08-20T09:36:36,36159,38077302;38163809
NORAD25544,ISS (ZARYA),25544,25544|2004-08-24T21:47:29.999+00:00,2004-08-24T21:47:29.999903+00:00,2,2,earliest_published,same_epoch_revision,39007196,2004-08-24T16:57:54,37933,39007196;39007200
NORAD25544,ISS (ZARYA),25544,25544|2004-08-29T02:19:16.011+00:00,2004-08-29T02:19:16.011839+00:00,2,2,earliest_published,same_epoch_revision,39042307,2004-08-28T20:50:33,39266,39042307;39042308
NORAD25544,ISS (ZARYA),25544,25544|2004-08-30T18:18:39.999+00:00,2004-08-30T18:18:39.999744+00:00,2,2,earliest_published,same_epoch_revision,39066633,2004-08-30T13:14:23,39785,39066633;39066635
NORAD25544,ISS (ZARYA),25544,25544|2004-09-05T10:22:58.653+00:00,2004-09-05T10:22:58.653119+00:00,2,2,earliest_published,same_epoch_revision,39112624,2004-09-05T13:19:32,41662,39112624;39112641
NORAD25544,ISS (ZARYA),25544,25544|2004-09-05T22:17:46.141+00:00,2004-09-05T22:17:46.141728+00:00,2,2,earliest_published,same_epoch_revision,39131752,2004-09-06T06:10:26,41814,39131752;39132929
NORAD25544,ISS (ZARYA),25544,25544|2004-09-09T10:41:13.540+00:00,2004-09-09T10:41:13.540703+00:00,2,2,earliest_published,same_epoch_revision,39162479,2004-09-09T04:45:53,43245,39162479;39162480
NORAD25544,ISS (ZARYA),25544,25544|2004-09-09T20:59:04.183+00:00,2004-09-09T20:59:04.183871+00:00,2,2,earliest_published,same_epoch_revision,39169656,2004-09-09T16:44:49,43410,39169656;39170348
NORAD25544,ISS (ZARYA),25544,25544|2004-09-16T14:40:43.000+00:00,2004-09-16T14:40:43.000319+00:00,2,2,earliest_published,same_epoch_revision,39238368,2004-09-16T10:25:18,45776,39238368;39238751
NORAD25544,ISS (ZARYA),25544,25544|2004-09-27T18:39:44.353+00:00,2004-09-27T18:39:44.353151+00:00,2,2,earliest_published,same_epoch_revision,39340620,2004-09-27T13:05:15,49119,39340620;39340640
NORAD25544,ISS (ZARYA),25544,25544|2004-10-01T22:24:38.999+00:00,2004-10-01T22:24:38.999808+00:00,2,2,earliest_published,same_epoch_revision,39377970,2004-10-02T10:35:12,50764,39377970;39394163
NORAD25544,ISS (ZARYA),25544,25544|2004-10-12T05:10:12.000+00:00,2004-10-12T05:10:12.000288+00:00,2,2,earliest_published,same_epoch_revision,39482433,2004-10-12T00:46:58,54450,39482433;39482478
NORAD25544,ISS (ZARYA),25544,25544|2004-10-13T21:32:04.984+00:00,2004-10-13T21:32:04.984224+00:00,2,2,earliest_published,same_epoch_revision,39500567,2004-10-13T16:18:01,55043,39500567;39501867
NORAD25544,ISS (ZARYA),25544,25544|2004-10-23T21:35:00.000+00:00,2004-10-23T21:35:00.000384+00:00,2,2,earliest_published,same_epoch_revision,39598831,2004-10-23T16:49:47,58658,39598831;39598874
NORAD25544,ISS (ZARYA),25544,25544|2004-11-04T11:36:52.091+00:00,2004-11-04T11:36:52.091135+00:00,3,2,earliest_published,same_epoch_revision,39717351,2004-11-04T05:10:06,62514,39717351;39717355;39717512
NORAD25544,ISS (ZARYA),25544,25544|2004-11-10T12:37:20.000+00:00,2004-11-10T12:37:20.000352+00:00,2,2,earliest_published,same_epoch_revision,39785510,2004-11-10T09:10:08,64628,39785510;39785514
NORAD25544,ISS (ZARYA),25544,25544|2004-11-23T09:09:19.999+00:00,2004-11-23T09:09:19.999871+00:00,3,2,earliest_published,same_epoch_revision,39907361,2004-11-23T03:38:49,68709,39907361;39907369;39915173
NORAD25544,ISS (ZARYA),25544,25544|2004-12-02T11:11:58.414+00:00,2004-12-02T11:11:58.414847+00:00,3,2,earliest_published,same_epoch_revision,39998399,2004-12-02T04:55:41,72118,39998399;39998491;39998685
NORAD25544,ISS (ZARYA),25544,25544|2004-12-15T23:04:49.999+00:00,2004-12-15T23:04:49.999583+00:00,2,2,earliest_published,same_epoch_revision,40141088,2004-12-15T16:41:02,77269,40141088;40141093
NORAD25544,ISS (ZARYA),25544,25544|2004-12-16T21:47:09.136+00:00,2004-12-16T21:47:09.136032+00:00,2,2,earliest_published,same_epoch_revision,40151750,2004-12-16T16:14:14,77673,40151750;40151759
NORAD25544,ISS (ZARYA),25544,25544|2004-12-20T20:25:00.103+00:00,2004-12-20T20:25:00.103296+00:00,2,2,earliest_published,same_epoch_revision,40193158,2004-12-20T15:48:07,79187,40193158;40193597
NORAD25544,ISS (ZARYA),25544,25544|2004-12-21T20:51:23.104+00:00,2004-12-21T20:51:23.104224+00:00,2,2,earliest_published,same_epoch_revision,40202591,2004-12-21T14:29:25,79506,40202591;40204244
NORAD25544,ISS (ZARYA),25544,25544|2004-12-24T19:02:09.170+00:00,2004-12-24T19:02:09.170015+00:00,2,2,earliest_published,same_epoch_revision,40233859,2004-12-24T14:19:16,80666,40233859;40235310
NORAD25544,ISS (ZARYA),25544,25544|2004-12-28T08:29:40.231+00:00,2004-12-28T08:29:40.231967+00:00,2,2,earliest_published,same_epoch_revision,40268200,2004-12-28T02:04:53,81946,40268200;40268201
NORAD25544,ISS (ZARYA),25544,25544|2005-01-17T10:45:35.000+00:00,2005-01-17T10:45:35.000063+00:00,3,2,earliest_published,same_epoch_revision,40470738,2005-01-17T05:33:13,89230,40470738;40478427;40478455
NORAD25544,ISS (ZARYA),25544,25544|2005-01-23T11:12:49.999+00:00,2005-01-23T11:12:49.999968+00:00,3,2,earliest_published,same_epoch_revision,40533489,2005-01-23T04:48:56,91589,40533489;40533493;40535582
NORAD25544,ISS (ZARYA),25544,25544|2005-01-31T08:38:02.999+00:00,2005-01-31T08:38:02.999616+00:00,2,2,earliest_published,same_epoch_revision,40616696,2005-01-31T02:00:59,94905,40616696;40616705
NORAD25544,ISS (ZARYA),25544,25544|2005-02-02T11:21:52.984+00:00,2005-02-02T11:21:52.984224+00:00,3,2,earliest_published,same_epoch_revision,40637271,2005-02-02T05:06:43,95640,40637271;40637278;40644741
NORAD25544,ISS (ZARYA),25544,25544|2005-02-08T10:58:28.775+00:00,2005-02-08T10:58:28.775999+00:00,4,2,earliest_published,same_epoch_revision,40699495,2005-02-08T05:27:17,98111,40699495;40699519;40700788;40706639
NORAD25544,ISS (ZARYA),25544,25544|2005-02-08T21:50:14.146+00:00,2005-02-08T21:50:14.146080+00:00,2,2,earliest_published,same_epoch_revision,40708496,2005-02-08T15:07:41,98360,40708496;40708553
NORAD25544,ISS (ZARYA),25544,25544|2005-03-22T01:53:03.556+00:00,2005-03-22T01:53:03.556895+00:00,2,2,earliest_published,same_epoch_revision,41128137,2005-03-21T20:15:00,115132,41128137;41128140
NORAD25544,ISS (ZARYA),25544,25544|2005-04-15T19:50:04.218+00:00,2005-04-15T19:50:04.218143+00:00,2,2,earliest_published,same_epoch_revision,41385292,2005-04-15T14:31:05,125432,41385292;41386882
NORAD25544,ISS (ZARYA),25544,25544|2005-04-19T18:28:39.097+00:00,2005-04-19T18:28:39.097343+00:00,2,2,earliest_published,same_epoch_revision,41427440,2005-04-19T13:53:06,127046,41427440;41429019
NORAD25544,ISS (ZARYA),25544,25544|2005-04-28T17:44:39.999+00:00,2005-04-28T17:44:39.999840+00:00,2,2,earliest_published,same_epoch_revision,42037101,2005-04-28T13:17:58,130833,42037101;42037148
NORAD25544,ISS (ZARYA),25544,25544|2005-04-30T19:24:50.000+00:00,2005-04-30T19:24:50.000255+00:00,2,2,earliest_published,same_epoch_revision,48092418,2005-04-30T14:00:35,131582,48092418;48092478
NORAD25544,ISS (ZARYA),25544,25544|2005-05-09T13:08:19.999+00:00,2005-05-09T13:08:19.999680+00:00,2,2,earliest_published,same_epoch_revision,48187858,2005-05-09T09:32:21,134741,48187858;48187894
NORAD25544,ISS (ZARYA),25544,25544|2005-05-10T15:58:02.000+00:00,2005-05-10T15:58:02.000352+00:00,2,2,earliest_published,same_epoch_revision,48198401,2005-05-10T10:10:14,135079,48198401;48198415
NORAD25544,ISS (ZARYA),25544,25544|2005-05-11T10:40:39.136+00:00,2005-05-11T10:40:39.136224+00:00,2,2,earliest_published,same_epoch_revision,48201399,2005-05-11T05:03:12,135297,48201399;48201402
NORAD25544,ISS (ZARYA),25544,25544|2005-05-24T19:12:20.203+00:00,2005-05-24T19:12:20.203776+00:00,2,2,earliest_published,same_epoch_revision,48346525,2005-05-24T14:57:19,140120,48346525;48354188
NORAD25544,ISS (ZARYA),25544,25544|2005-06-02T23:02:35.672+00:00,2005-06-02T23:02:35.672640+00:00,2,2,earliest_published,same_epoch_revision,48444657,2005-06-02T18:31:37,143576,48444657;48444664
NORAD25544,ISS (ZARYA),25544,25544|2005-06-22T22:46:43.999+00:00,2005-06-22T22:46:43.999968+00:00,2,2,earliest_published,same_epoch_revision,53803839,2005-06-22T17:11:34,150694,53803839;53803842
NORAD25544,ISS (ZARYA),25544,25544|2005-06-25T18:26:20.000+00:00,2005-06-25T18:26:20.000255+00:00,2,2,earliest_published,same_epoch_revision,53817902,2005-06-25T12:46:54,151784,53817902;53817941
NORAD25544,ISS (ZARYA),25544,25544|2005-06-30T19:48:34.999+00:00,2005-06-30T19:48:34.999776+00:00,3,3,earliest_published,same_epoch_revision,53843945,2005-06-30T14:39:20,153817,53843945;53844324;53844555
NORAD25544,ISS (ZARYA),25544,25544|2005-07-01T18:40:34.000+00:00,2005-07-01T18:40:34.000319+00:00,2,2,earliest_published,same_epoch_revision,53847881,2005-07-01T13:13:52,154124,53847881;53847901
NORAD25544,ISS (ZARYA),25544,25544|2005-07-05T17:13:24.999+00:00,2005-07-05T17:13:24.999743+00:00,2,2,earliest_published,same_epoch_revision,53867528,2005-07-05T12:29:15,155569,53867528;53867532
NORAD25544,ISS (ZARYA),25544,25544|2005-07-10T10:35:20.169+00:00,2005-07-10T10:35:20.169887+00:00,3,2,earliest_published,same_epoch_revision,54090443,2005-07-10T06:36:25,157230,54090443;54097870;54097878
NORAD25544,ISS (ZARYA),25544,25544|2005-07-20T07:08:04.237+00:00,2005-07-20T07:08:04.237728+00:00,4,3,earliest_published,same_epoch_revision,54195614,2005-07-20T03:01:14,161146,54195614;54195620;54195828;54197537
NORAD25544,ISS (ZARYA),25544,25544|2005-07-31T22:35:31.830+00:00,2005-07-31T22:35:31.830432+00:00,2,2,earliest_published,same_epoch_revision,54321123,2005-07-31T17:11:12,165776,54321123;54321127
NORAD25544,ISS (ZARYA),25544,25544|2005-08-02T09:23:54.657+00:00,2005-08-02T09:23:54.657312+00:00,2,2,earliest_published,same_epoch_revision,54333342,2005-08-02T03:54:38,166306,54333342;54333343
NORAD25544,ISS (ZARYA),25544,25544|2005-08-07T22:11:03.135+00:00,2005-08-07T22:11:03.135839+00:00,2,2,earliest_published,same_epoch_revision,54394386,2005-08-07T20:53:43,168143,54394386;54394387
NORAD25544,ISS (ZARYA),25544,25544|2005-08-08T22:37:37.170+00:00,2005-08-08T22:37:37.170047+00:00,3,3,earliest_published,same_epoch_revision,54405708,2005-08-08T18:09:43,168576,54405708;54405724;54406878
NORAD25544,ISS (ZARYA),25544,25544|2005-08-25T20:05:08.999+00:00,2005-08-25T20:05:08.999807+00:00,2,2,earliest_published,same_epoch_revision,54588002,2005-08-25T15:50:36,175168,54588002;54588601
NORAD25544,ISS (ZARYA),25544,25544|2005-12-17T20:31:56.999+00:00,2005-12-17T20:31:56.999711+00:00,2,2,earliest_published,same_epoch_revision,55802462,2005-12-17T13:51:02,216113,55802462;55804020
NORAD25544,ISS (ZARYA),25544,25544|2006-01-09T20:30:54.978+00:00,2006-01-09T20:30:54.978335+00:00,2,2,earliest_published,same_epoch_revision,56054625,2006-01-09T13:41:19,224405,56054625;56062612
NORAD25544,ISS (ZARYA),25544,25544|2006-02-16T12:19:03.884+00:00,2006-02-16T12:19:03.884160+00:00,3,2,earliest_published,same_epoch_revision,56449438,2006-02-16T06:20:35,237235,56449438;56449439;56451199
NORAD25544,ISS (ZARYA),25544,25544|2006-03-05T11:13:14.999+00:00,2006-03-05T11:13:14.999808+00:00,3,2,earliest_published,same_epoch_revision,56631572,2006-03-05T05:13:03,242820,56631572;56631573;56631750
NORAD25544,ISS (ZARYA),25544,25544|2006-03-30T20:27:30.511+00:00,2006-03-30T20:27:30.511008+00:00,2,2,earliest_published,same_epoch_revision,56907433,2006-03-30T14:10:10,251570,56907433;56917534
NORAD25544,ISS (ZARYA),25544,25544|2006-05-17T06:36:02.000+00:00,2006-05-17T06:36:02.000160+00:00,2,2,earliest_published,same_epoch_revision,57426307,2006-05-17T02:06:39,268264,57426307;57426493
NORAD25544,ISS (ZARYA),25544,25544|2006-06-03T19:11:54.136+00:00,2006-06-03T19:11:54.136032+00:00,2,2,earliest_published,same_epoch_revision,57615096,2006-06-03T14:38:53,273834,57615096;57615098
NORAD25544,ISS (ZARYA),25544,25544|2006-09-15T03:57:19.999+00:00,2006-09-15T03:57:19.999583+00:00,2,2,earliest_published,same_epoch_revision,58761557,2006-09-14T22:39:31,309086,58761557;58763526
NORAD25544,ISS (ZARYA),25544,25544|2006-09-20T14:37:19.422+00:00,2006-09-20T14:37:19.422048+00:00,2,2,earliest_published,same_epoch_revision,58820842,2006-09-20T09:38:11,310725,58820842;58820843
NORAD25544,ISS (ZARYA),25544,25544|2006-10-11T19:52:27.999+00:00,2006-10-11T19:52:27.999839+00:00,2,2,earliest_published,same_epoch_revision,59060228,2006-10-11T16:53:30,317563,59060228;59060860
NORAD25544,ISS (ZARYA),25544,25544|2006-12-08T16:19:46.103+00:00,2006-12-08T16:19:46.103807+00:00,2,2,earliest_published,same_epoch_revision,59717576,2006-12-08T11:16:06,338749,59717576;59717577
NORAD25544,ISS (ZARYA),25544,25544|2006-12-13T15:16:19.999+00:00,2006-12-13T15:16:19.999776+00:00,2,2,earliest_published,same_epoch_revision,59774809,2006-12-13T09:01:33,340550,59774809;59774848
NORAD25544,ISS (ZARYA),25544,25544|2006-12-28T08:04:31.103+00:00,2006-12-28T08:04:31.103903+00:00,2,2,earliest_published,same_epoch_revision,59937104,2006-12-28T01:54:40,345612,59937104;59938731
NORAD25544,ISS (ZARYA),25544,25544|2007-02-23T00:53:52.959+00:00,2007-02-23T00:53:52.959264+00:00,2,2,earliest_published,same_epoch_revision,60587581,2007-02-22T18:04:42,367843,60587581;60587586
NORAD25544,ISS (ZARYA),25544,25544|2007-02-23T20:18:54.635+00:00,2007-02-23T20:18:54.635616+00:00,2,2,earliest_published,same_epoch_revision,60597495,2007-02-23T14:02:21,368155,60597495;60607932
NORAD25544,ISS (ZARYA),25544,25544|2007-04-05T14:37:19.873+00:00,2007-04-05T14:37:19.873056+00:00,2,2,earliest_published,same_epoch_revision,61111008,2007-04-05T15:03:45,385295,61111008;61111059
NORAD25544,ISS (ZARYA),25544,25544|2007-04-25T16:36:15.077+00:00,2007-04-25T16:36:15.077088+00:00,2,2,earliest_published,same_epoch_revision,61347955,2007-04-25T10:59:41,393093,61347955;61347956
NORAD25544,ISS (ZARYA),25544,25544|2007-08-15T12:31:15.999+00:00,2007-08-15T12:31:15.999744+00:00,3,2,earliest_published,same_epoch_revision,62780434,2007-08-15T07:15:55,438194,62780434;62780437;62780660
NORAD25544,ISS (ZARYA),25544,25544|2007-10-18T13:50:08.632+00:00,2007-10-18T13:50:08.632319+00:00,2,2,earliest_published,same_epoch_revision,63590838,2007-10-18T08:34:22,464277,63590838;63590864
NORAD25544,ISS (ZARYA),25544,25544|2007-12-13T08:49:30.238+00:00,2007-12-13T08:49:30.238176+00:00,4,2,earliest_published,same_epoch_revision,64290152,2007-12-13T14:22:18,486820,64290152;64290269;64290644;64291366
NORAD25544,ISS (ZARYA),25544,25544|2008-01-27T03:27:19.255+00:00,2008-01-27T03:27:19.255967+00:00,2,2,earliest_published,same_epoch_revision,64859248,2008-01-26T23:31:12,504778,64859248;64867073
NORAD25544,ISS (ZARYA),25544,25544|2008-03-22T15:42:59.103+00:00,2008-03-22T15:42:59.103936+00:00,2,2,earliest_published,same_epoch_revision,65576639,2008-03-22T10:53:49,528895,65576639;65576645
NORAD25544,ISS (ZARYA),25544,25544|2008-05-13T18:04:48.203+00:00,2008-05-13T18:04:48.203616+00:00,2,2,earliest_published,same_epoch_revision,66234502,2008-05-13T16:35:45,552161,66234502;66252269
NORAD25544,ISS (ZARYA),25544,25544|2008-11-07T20:46:17.999+00:00,2008-11-07T20:46:17.999904+00:00,2,2,earliest_published,same_epoch_revision,68656388,2008-11-07T15:43:36,629845,68656388;68664334
NORAD25544,ISS (ZARYA),25544,25544|2009-02-17T13:31:47.573+00:00,2009-02-17T13:31:47.573184+00:00,2,2,earliest_published,same_epoch_revision,69961704,2009-02-17T07:01:56,673735,69961704;69962164
NORAD25544,ISS (ZARYA),25544,25544|2009-12-19T19:18:14.338+00:00,2009-12-19T19:18:14.338368+00:00,2,2,earliest_published,same_epoch_revision,74525549,2009-12-19T15:48:08,816009,74525549;74526572
NORAD25544,ISS (ZARYA),25544,25544|2010-02-08T14:04:24.999+00:00,2010-02-08T14:04:24.999744+00:00,3,2,earliest_published,same_epoch_revision,76366355,2010-02-08T07:41:57,841759,76366355;76374482;76375691
NORAD25544,ISS (ZARYA),25544,25544|2010-03-11T22:01:03.747+00:00,2010-03-11T22:01:03.747935+00:00,2,2,earliest_published,same_epoch_revision,76804813,2010-03-12T03:09:09,863066,76804813;76815314
NORAD25544,ISS (ZARYA),25544,25544|2010-03-28T19:38:07.412+00:00,2010-03-28T19:38:07.412640+00:00,2,2,earliest_published,same_epoch_revision,77061845,2010-03-28T16:26:37,871838,77061845;77062516
NORAD25544,ISS (ZARYA),25544,25544|2010-04-14T18:29:02.014+00:00,2010-04-14T18:29:02.014943+00:00,2,2,earliest_published,same_epoch_revision,77318384,2010-04-14T12:47:26,880676,77318384;77329531
NORAD25544,ISS (ZARYA),25544,25544|2010-05-09T05:08:42.623+00:00,2010-05-09T05:08:42.623808+00:00,2,2,earliest_published,same_epoch_revision,77675934,2010-05-09T00:28:30,893768,77675934;77676408
NORAD25544,ISS (ZARYA),25544,25544|2010-07-04T04:27:18.999+00:00,2010-07-04T04:27:18.999648+00:00,2,2,earliest_published,same_epoch_revision,78486791,2010-07-03T23:11:24,922864,78486791;78486793
NORAD25544,ISS (ZARYA),25544,25544|2010-08-21T14:51:51.103+00:00,2010-08-21T14:51:51.103872+00:00,2,2,earliest_published,same_epoch_revision,79183758,2010-08-21T11:09:09,948645,79183758;79183782
NORAD25544,ISS (ZARYA),25544,25544|2010-08-31T11:27:16.638+00:00,2010-08-31T11:27:16.638624+00:00,2,2,earliest_published,same_epoch_revision,79321158,2010-08-31T07:26:27,954115,79321158;79321159
NORAD25544,ISS (ZARYA),25544,25544|2010-09-16T05:58:49.304+00:00,2010-09-16T05:58:49.304928+00:00,3,2,earliest_published,same_epoch_revision,79558492,2010-09-16T03:01:07,962952,79558492;79558763;79558769
NORAD25544,ISS (ZARYA),25544,25544|2010-09-29T04:58:15.000+00:00,2010-09-29T04:58:15.000384+00:00,2,2,earliest_published,same_epoch_revision,79743612,2010-09-28T23:14:08,969538,79743612;79747749
NORAD25544,ISS (ZARYA),25544,25544|2010-12-12T12:40:32.630+00:00,2010-12-12T12:40:32.630879+00:00,2,2,earliest_published,same_epoch_revision,80791692,2010-12-12T07:20:41,1008647,80791692;80791732
NORAD25544,ISS (ZARYA),25544,25544|2010-12-17T05:14:11.297+00:00,2010-12-17T05:14:11.297184+00:00,2,2,earliest_published,same_epoch_revision,80864926,2010-12-16T23:31:03,1011147,80864926;80865569
NORAD25544,ISS (ZARYA),25544,25544|2010-12-23T01:34:28.932+00:00,2010-12-23T01:34:28.932095+00:00,2,2,earliest_published,same_epoch_revision,80952101,2010-12-22T19:44:00,1013903,80952101;80952105
NORAD25544,ISS (ZARYA),25544,25544|2011-01-24T20:54:30.394+00:00,2011-01-24T20:54:30.394367+00:00,2,2,earliest_published,same_epoch_revision,81441506,2011-01-24T14:27:26,1029864,81441506;81441510
NORAD25544,ISS (ZARYA),25544,25544|2011-01-31T21:59:48.105+00:00,2011-01-31T21:59:48.105600+00:00,2,2,earliest_published,same_epoch_revision,81544024,2011-01-31T21:45:17,1033051,81544024;81551971
NORAD25544,ISS (ZARYA),25544,25544|2011-02-03T20:08:49.237+00:00,2011-02-03T20:08:49.237728+00:00,2,2,earliest_published,same_epoch_revision,81586545,2011-02-03T15:02:55,1034434,81586545;81589365
NORAD25544,ISS (ZARYA),25544,25544|2011-03-25T20:43:35.636+00:00,2011-03-25T20:43:35.636159+00:00,2,2,earliest_published,same_epoch_revision,82333018,2011-03-25T15:21:03,1060695,82333018;82333032
NORAD25544,ISS (ZARYA),25544,25544|2011-04-22T10:28:21.962+00:00,2011-04-22T10:28:21.962783+00:00,3,2,earliest_published,same_epoch_revision,82754020,2011-04-22T07:17:01,1076275,82754020;82761182;82763609
NORAD25544,ISS (ZARYA),25544,25544|2011-05-19T10:56:30.306+00:00,2011-05-19T10:56:30.306912+00:00,2,2,earliest_published,same_epoch_revision,83163475,2011-05-19T06:00:29,1091495,83163475;83163942
NORAD25544,ISS (ZARYA),25544,25544|2011-06-03T16:41:22.994+00:00,2011-06-03T16:41:22.994591+00:00,2,2,earliest_published,same_epoch_revision,83401677,2011-06-03T11:25:47,1099580,83401677;83401711
NORAD25544,ISS (ZARYA),25544,25544|2011-06-16T10:42:43.655+00:00,2011-06-16T10:42:43.655039+00:00,3,2,earliest_published,same_epoch_revision,83598004,2011-06-16T17:16:50,1106723,83598004;83598048;83598280
NORAD25544,ISS (ZARYA),25544,25544|2011-07-05T03:44:53.175+00:00,2011-07-05T03:44:53.175264+00:00,3,2,earliest_published,same_epoch_revision,83882288,2011-07-04T23:39:13,1116341,83882288;83884550;83894972
NORAD25544,ISS (ZARYA),25544,25544|2011-08-15T05:03:36.474+00:00,2011-08-15T05:03:36.474912+00:00,2,2,earliest_published,same_epoch_revision,84509043,2011-08-14T23:25:26,1138129,84509043;84509044
NORAD25544,ISS (ZARYA),25544,25544|2011-09-11T21:06:39.659+00:00,2011-09-11T21:06:39.659616+00:00,2,2,earliest_published,same_epoch_revision,84932240,2011-09-11T15:35:49,1152238,84932240;84933282
NORAD25544,ISS (ZARYA),25544,25544|2011-09-22T21:07:13.036+00:00,2011-09-22T21:07:13.036800+00:00,2,2,earliest_published,same_epoch_revision,85099293,2011-09-22T15:44:00,1159669,85099293;85100298
NORAD25544,ISS (ZARYA),25544,25544|2011-12-18T12:17:20.104+00:00,2011-12-18T12:17:20.104799+00:00,3,2,earliest_published,same_epoch_revision,86400118,2011-12-18T07:16:51,1208498,86400118;86402912;86409828
NORAD25544,ISS (ZARYA),25544,25544|2011-12-20T09:05:32.881+00:00,2011-12-20T09:05:32.881055+00:00,3,2,earliest_published,same_epoch_revision,86429811,2011-12-20T06:16:59,1209616,86429811;86431667;86439431
NORAD25544,ISS (ZARYA),25544,25544|2011-12-21T13:40:52.000+00:00,2011-12-21T13:40:52.000320+00:00,3,2,earliest_published,same_epoch_revision,86445446,2011-12-21T07:55:02,1210213,86445446;86445485;86453858
NORAD25544,ISS (ZARYA),25544,25544|2012-01-13T19:16:10.902+00:00,2012-01-13T19:16:10.902144+00:00,2,2,earliest_published,same_epoch_revision,86810783,2012-01-13T12:51:51,1223250,86810783;86810788
NORAD25544,ISS (ZARYA),25544,25544|2012-03-07T13:43:54.897+00:00,2012-03-07T13:43:54.897887+00:00,3,2,earliest_published,same_epoch_revision,87606597,2012-03-07T07:05:13,1249764,87606597;87608350;87609471
NORAD25544,ISS (ZARYA),25544,25544|2012-04-11T06:30:38.000+00:00,2012-04-11T06:30:38.000159+00:00,2,2,earliest_published,same_epoch_revision,88142559,2012-04-11T00:41:43,1268717,88142559;88143748
NORAD25544,ISS (ZARYA),25544,25544|2012-07-17T20:23:53.469+00:00,2012-07-17T20:23:53.469023+00:00,2,2,earliest_published,same_epoch_revision,89641402,2012-07-17T18:58:36,1319665,89641402;89652562
NORAD25544,ISS (ZARYA),25544,25544|2012-07-19T14:59:54.522+00:00,2012-07-19T14:59:54.522240+00:00,2,2,earliest_published,same_epoch_revision,89671256,2012-07-19T10:33:08,1320534,89671256;89671317
NORAD25544,ISS (ZARYA),25544,25544|2012-08-02T19:48:51.000+00:00,2012-08-02T19:48:51.000192+00:00,2,2,earliest_published,same_epoch_revision,89896303,2012-08-02T14:57:15,1328429,89896303;89897347
NORAD25544,ISS (ZARYA),25544,25544|2012-10-21T13:50:12.000+00:00,2012-10-21T13:50:12.000191+00:00,3,2,earliest_published,same_epoch_revision,91138183,2012-10-21T08:04:07,1371006,91138183;91141233;91149088
NORAD25544,ISS (ZARYA),25544,25544|2012-11-07T11:08:28.506+00:00,2012-11-07T11:08:28.506911+00:00,2,2,earliest_published,same_epoch_revision,91330923,2012-11-07T05:13:34,1381786,91330923;91330926
NORAD25544,ISS (ZARYA),25544,25544|2012-11-08T05:25:25.000+00:00,2012-11-08T05:25:25.000319+00:00,3,2,earliest_published,same_epoch_revision,91332257,2012-11-08T17:27:37,1382047,91332257;91332276;91338284
NORAD25544,ISS (ZARYA),25544,25544|2012-11-23T18:30:33.077+00:00,2012-11-23T18:30:33.077952+00:00,2,2,earliest_published,same_epoch_revision,91469344,2012-11-23T12:17:15,1391755,91469344;91469350
NORAD25544,ISS (ZARYA),25544,25544|2013-03-07T05:15:51.000+00:00,2013-03-07T05:15:51.000191+00:00,2,2,earliest_published,same_epoch_revision,92347791,2013-03-06T22:21:01,1450270,92347791;92348745
NORAD25544,ISS (ZARYA),25544,25544|2013-03-19T20:28:13.152+00:00,2013-03-19T20:28:13.152863+00:00,2,2,earliest_published,same_epoch_revision,92452644,2013-03-19T16:31:47,1457063,92452644;92453551
NORAD25544,ISS (ZARYA),25544,25544|2013-05-25T05:46:02.732+00:00,2013-05-25T05:46:02.732160+00:00,2,2,earliest_published,same_epoch_revision,92942683,2013-05-25T00:23:55,1490664,92942683;92943231
NORAD25544,ISS (ZARYA),25544,25544|2013-06-11T12:30:22.104+00:00,2013-06-11T12:30:22.104288+00:00,2,2,earliest_published,same_epoch_revision,93079667,2013-06-11T08:38:51,1498872,93079667;93079768
NORAD25544,ISS (ZARYA),25544,25544|2013-07-02T20:37:47.286+00:00,2013-07-02T20:37:47.286048+00:00,2,2,earliest_published,same_epoch_revision,93234276,2013-07-02T15:20:16,1509949,93234276;93234295
NORAD25544,ISS (ZARYA),25544,25544|2013-07-03T21:45:41.000+00:00,2013-07-03T21:45:41.000255+00:00,2,2,earliest_published,same_epoch_revision,93242691,2013-07-03T16:37:21,1510470,93242691;93243315
NORAD25544,ISS (ZARYA),25544,25544|2013-07-16T02:41:16.999+00:00,2013-07-16T02:41:16.999584+00:00,2,2,earliest_published,same_epoch_revision,93336834,2013-07-15T21:36:47,1516648,93336834;93336889
NORAD25544,ISS (ZARYA),25544,25544|2013-09-04T03:48:40.172+00:00,2013-09-04T03:48:40.172255+00:00,2,2,earliest_published,same_epoch_revision,93746114,2013-09-03T22:31:40,1541892,93746114;93746131
NORAD25544,ISS (ZARYA),25544,25544|2013-09-22T14:07:07.315+00:00,2013-09-22T14:07:07.315967+00:00,3,2,earliest_published,same_epoch_revision,93896469,2013-09-22T14:57:43,1551083,93896469;93896514;93897342
NORAD25544,ISS (ZARYA),25544,25544|2013-09-30T04:45:41.039+00:00,2013-09-30T04:45:41.039424+00:00,2,2,earliest_published,same_epoch_revision,93960003,2013-09-30T06:16:08,1555379,93960003;93960179
NORAD25544,ISS (ZARYA),25544,25544|2013-10-05T20:46:47.697+00:00,2013-10-05T20:46:47.697311+00:00,2,2,earliest_published,same_epoch_revision,94008476,2013-10-05T22:26:49,1558529,94008476;94008854
NORAD25544,ISS (ZARYA),25544,25544|2013-11-05T05:20:28.000+00:00,2013-11-05T05:20:28.000319+00:00,2,2,earliest_published,same_epoch_revision,94264941,2013-11-05T06:52:00,1576120,94264941;94265051
NORAD25544,ISS (ZARYA),25544,25544|2013-11-11T05:36:48.344+00:00,2013-11-11T05:36:48.344831+00:00,2,2,earliest_published,same_epoch_revision,94315786,2013-11-11T06:43:29,1579408,94315786;94315900
NORAD25544,ISS (ZARYA),25544,25544|2013-11-11T14:54:35.944+00:00,2013-11-11T14:54:35.944703+00:00,2,2,earliest_published,same_epoch_revision,94319439,2013-11-11T15:26:37,1579568,94319439;94320895
NORAD25544,ISS (ZARYA),25544,25544|2014-02-03T13:25:21.103+00:00,2014-02-03T13:25:21.103392+00:00,3,2,earliest_published,same_epoch_revision,95060373,2014-02-03T14:47:15,1625832,95060373;95060519;95062317
NORAD25544,ISS (ZARYA),25544,25544|2014-02-24T13:42:23.019+00:00,2014-02-24T13:42:23.019264+00:00,2,2,earliest_published,same_epoch_revision,95247569,2014-02-24T14:42:42,1637717,95247569;95247669
NORAD25544,ISS (ZARYA),25544,25544|2014-03-18T03:39:30.786+00:00,2014-03-18T03:39:30.786623+00:00,2,2,earliest_published,same_epoch_revision,95439920,2014-03-18T04:43:21,1650730,95439920;95439937
NORAD25544,ISS (ZARYA),25544,25544|2014-04-30T05:09:04.254+00:00,2014-04-30T05:09:04.254911+00:00,3,2,earliest_published,same_epoch_revision,95814183,2014-04-30T05:46:36,1674751,95814183;95816925;95817569
NORAD25544,ISS (ZARYA),25544,25544|2014-05-05T02:45:08.779+00:00,2014-05-05T02:45:08.779679+00:00,2,2,earliest_published,same_epoch_revision,95858619,2014-05-05T03:44:32,1677636,95858619;95859553
NORAD25544,ISS (ZARYA),25544,25544|2014-07-04T02:55:41.104+00:00,2014-07-04T02:55:41.104127+00:00,2,2,earliest_published,same_epoch_revision,96357724,2014-07-04T04:53:55,1708195,96357724;96358119
NORAD25544,ISS (ZARYA),25544,25544|2014-07-05T02:07:19.104+00:00,2014-07-05T02:07:19.104383+00:00,2,2,earliest_published,same_epoch_revision,96366215,2014-07-05T02:34:54,1708686,96366215;96369140
NORAD25544,ISS (ZARYA),25544,25544|2014-07-07T12:56:07.732+00:00,2014-07-07T12:56:07.732032+00:00,3,2,earliest_published,same_epoch_revision,96387559,2014-07-07T14:23:57,1709878,96387559;96388542;96389025
NORAD25544,ISS (ZARYA),25544,25544|2014-08-11T05:23:15.275+00:00,2014-08-11T05:23:15.275903+00:00,2,2,earliest_published,same_epoch_revision,96687705,2014-08-11T06:47:06,1728011,96687705;96688243
NORAD25544,ISS (ZARYA),25544,25544|2014-11-02T04:03:59.108+00:00,2014-11-02T04:03:59.108832+00:00,2,2,earliest_published,same_epoch_revision,97415018,2014-11-02T05:44:44,1772044,97415018;97415019
NORAD25544,ISS (ZARYA),25544,25544|2014-12-06T19:42:21.940+00:00,2014-12-06T19:42:21.940991+00:00,2,2,earliest_published,same_epoch_revision,97712164,2014-12-06T20:22:01,1789303,97712164;97712165
NORAD25544,ISS (ZARYA),25544,25544|2015-03-11T21:23:47.821+00:00,2015-03-11T21:23:47.821343+00:00,2,2,earliest_published,same_epoch_revision,98565262,2015-03-11T22:34:07,1839113,98565262;98566708
NORAD25544,ISS (ZARYA),25544,25544|2015-04-02T05:22:00.125+00:00,2015-04-02T05:22:00.125184+00:00,2,2,earliest_published,same_epoch_revision,98759907,2015-04-02T06:24:17,1849817,98759907;98760330
NORAD25544,ISS (ZARYA),25544,25544|2015-04-29T13:50:31.098+00:00,2015-04-29T13:50:31.098911+00:00,2,2,earliest_published,same_epoch_revision,99011867,2015-04-29T14:19:22,1863363,99011867;99012811
NORAD25544,ISS (ZARYA),25544,25544|2015-06-24T12:58:13.857+00:00,2015-06-24T12:58:13.857887+00:00,2,2,earliest_published,same_epoch_revision,99593172,2015-06-24T14:11:33,1889509,99593172;99594397
NORAD25544,ISS (ZARYA),25544,25544|2015-08-15T06:42:14.829+00:00,2015-08-15T06:42:14.829984+00:00,3,2,earliest_published,same_epoch_revision,100051139,2015-08-15T14:29:21,1913195,100051139;100051736;100053851
NORAD25544,ISS (ZARYA),25544,25544|2015-10-12T04:39:45.798+00:00,2015-10-12T04:39:45.798048+00:00,3,2,earliest_published,same_epoch_revision,101012085,2015-10-12T04:55:53,1938564,101012085;101012092;101015081
NORAD25544,ISS (ZARYA),25544,25544|2015-10-28T09:09:43.537+00:00,2015-10-28T09:09:43.537824+00:00,3,2,earliest_published,same_epoch_revision,101307083,2015-10-28T10:42:22,1945927,101307083;101307084;101308010
NORAD25544,ISS (ZARYA),25544,25544|2015-11-07T19:24:46.495+00:00,2015-11-07T19:24:46.495008+00:00,2,2,earliest_published,same_epoch_revision,101504973,2015-11-07T21:42:04,1950575,101504973;101506811
NORAD25544,ISS (ZARYA),25544,25544|2015-11-11T12:29:47.405+00:00,2015-11-11T12:29:47.405184+00:00,3,2,earliest_published,same_epoch_revision,101565094,2015-11-11T13:26:57,1952074,101565094;101565794;101568496
NORAD25544,ISS (ZARYA),25544,25544|2015-12-18T03:54:03.625+00:00,2015-12-18T03:54:03.625344+00:00,2,2,earliest_published,same_epoch_revision,102231440,2015-12-18T05:40:00,1967843,102231440;102232644
NORAD25544,ISS (ZARYA),25544,25544|2015-12-23T02:55:23.769+00:00,2015-12-23T02:55:23.769696+00:00,3,3,earliest_published,same_epoch_revision,102323191,2015-12-23T05:51:26,1970231,102323191;102324244;102326347
NORAD25544,ISS (ZARYA),25544,25544|2015-12-29T00:45:45.535+00:00,2015-12-29T00:45:45.535392+00:00,2,2,earliest_published,same_epoch_revision,102431663,2015-12-29T04:56:16,1972934,102431663;102433214
NORAD25544,ISS (ZARYA),25544,25544|2016-01-06T22:57:36.277+00:00,2016-01-06T22:57:36.277632+00:00,2,2,earliest_published,same_epoch_revision,102594584,2016-01-06T23:10:59,1976946,102594584;102595245
NORAD25544,ISS (ZARYA),25544,25544|2016-01-13T18:38:49.555+00:00,2016-01-13T18:38:49.555680+00:00,2,2,earliest_published,same_epoch_revision,102718410,2016-01-13T20:00:05,1979859,102718410;102720959
NORAD25544,ISS (ZARYA),25544,25544|2016-01-17T13:39:18.447+00:00,2016-01-17T13:39:18.447264+00:00,3,2,earliest_published,same_epoch_revision,102776883,2016-01-17T14:03:27,1981405,102776883;102778087;102780173
NORAD25544,ISS (ZARYA),25544,25544|2016-02-05T12:40:39.080+00:00,2016-02-05T12:40:39.080640+00:00,3,2,earliest_published,same_epoch_revision,103130833,2016-02-05T14:16:23,1990012,103130833;103133212;103134400
NORAD25544,ISS (ZARYA),25544,25544|2016-02-26T00:51:29.189+00:00,2016-02-26T00:51:29.189664+00:00,2,2,earliest_published,same_epoch_revision,103516799,2016-02-26T01:05:42,1999115,103516799;103520649
NORAD25544,ISS (ZARYA),25544,25544|2016-02-27T01:43:10.281+00:00,2016-02-27T01:43:10.281792+00:00,2,2,earliest_published,same_epoch_revision,103536166,2016-02-27T03:49:56,1999648,103536166;103537986
NORAD25544,ISS (ZARYA),25544,25544|2016-03-21T12:58:55.621+00:00,2016-03-21T12:58:55.621056+00:00,3,2,earliest_published,same_epoch_revision,103951413,2016-03-21T13:08:03,2010027,103951413;103951415;103951644
NORAD25544,ISS (ZARYA),25544,25544|2016-03-21T20:02:53.999+00:00,2016-03-21T20:02:53.999808+00:00,2,2,earliest_published,same_epoch_revision,103963133,2016-03-21T21:14:01,2010214,103963133;103973125
NORAD25544,ISS (ZARYA),25544,25544|2016-04-01T11:19:42.239+00:00,2016-04-01T11:19:42.239424+00:00,3,2,earliest_published,same_epoch_revision,104140449,2016-04-01T12:43:31,2014683,104140449;104140451;104143473
NORAD25544,ISS (ZARYA),25544,25544|2016-04-12T06:27:19.848+00:00,2016-04-12T06:27:19.848672+00:00,3,2,earliest_published,same_epoch_revision,104334401,2016-04-12T12:44:35,2019559,104334401;104334405;104337776
NORAD25544,ISS (ZARYA),25544,25544|2016-05-03T22:18:50.252+00:00,2016-05-03T22:18:50.252256+00:00,2,2,earliest_published,same_epoch_revision,104728103,2016-05-04T01:06:21,2029414,104728103;104728109
NORAD25544,ISS (ZARYA),25544,25544|2016-05-14T17:43:28.553+00:00,2016-05-14T17:43:28.553088+00:00,2,2,earliest_published,same_epoch_revision,104914311,2016-05-14T18:44:43,2033923,104914311;104916769
NORAD25544,ISS (ZARYA),25544,25544|2016-05-19T13:17:41.565+00:00,2016-05-19T13:17:41.565120+00:00,3,2,earliest_published,same_epoch_revision,104991686,2016-05-19T14:17:12,2035891,104991686;104992077;104992168
NORAD25544,ISS (ZARYA),25544,25544|2016-05-31T12:11:51.251+00:00,2016-05-31T12:11:51.251712+00:00,3,2,earliest_published,same_epoch_revision,105206060,2016-05-31T13:05:42,2040963,105206060;105206061;105207889
NORAD25544,ISS (ZARYA),25544,25544|2016-06-11T12:19:08.490+00:00,2016-06-11T12:19:08.490144+00:00,3,2,earliest_published,same_epoch_revision,105407127,2016-06-11T12:58:37,2045589,105407127;105407128;105407654
NORAD25544,ISS (ZARYA),25544,25544|2016-06-21T02:09:01.884+00:00,2016-06-21T02:09:01.884960+00:00,4,3,earliest_published,same_epoch_revision,105584276,2016-06-21T04:09:25,2049600,105584276;105584277;105584278;105584283
NORAD25544,ISS (ZARYA),25544,25544|2016-06-23T00:23:07.869+00:00,2016-06-23T00:23:07.869120+00:00,3,2,earliest_published,same_epoch_revision,105620277,2016-06-23T04:45:36,2050488,105620277;105620289;105626229
NORAD25544,ISS (ZARYA),25544,25544|2016-06-24T01:07:16.177+00:00,2016-06-24T01:07:16.177728+00:00,2,2,earliest_published,same_epoch_revision,105640032,2016-06-24T04:53:47,2051027,105640032;105640336
NORAD25544,ISS (ZARYA),25544,25544|2016-06-25T01:44:02.889+00:00,2016-06-25T01:44:02.889888+00:00,2,2,earliest_published,same_epoch_revision,105658663,2016-06-25T03:52:37,2051456,105658663;105658670
NORAD25544,ISS (ZARYA),25544,25544|2016-07-05T20:43:23.382+00:00,2016-07-05T20:43:23.382912+00:00,2,2,earliest_published,same_epoch_revision,105861637,2016-07-06T00:46:19,2056467,105861637;105861643
NORAD25544,ISS (ZARYA),25544,25544|2016-07-11T12:31:20.013+00:00,2016-07-11T12:31:20.013888+00:00,3,2,earliest_published,same_epoch_revision,105957045,2016-07-11T13:08:53,2058711,105957045;105957046;105957923
NORAD25544,ISS (ZARYA),25544,25544|2016-07-11T18:39:00.259+00:00,2016-07-11T18:39:00.259776+00:00,2,2,earliest_published,same_epoch_revision,105969356,2016-07-11T19:56:45,2058886,105969356;105970194
NORAD25544,ISS (ZARYA),25544,25544|2016-07-29T04:43:22.122+00:00,2016-07-29T04:43:22.122912+00:00,2,2,earliest_published,same_epoch_revision,106273836,2016-07-29T05:04:35,2066132,106273836;106273840
NORAD25544,ISS (ZARYA),25544,25544|2016-08-15T05:36:04.756+00:00,2016-08-15T05:36:04.756032+00:00,2,2,earliest_published,same_epoch_revision,106553048,2016-08-15T15:36:37,2072064,106553048;106553120
NORAD25544,ISS (ZARYA),25544,25544|2016-09-09T18:08:51.340+00:00,2016-09-09T18:08:51.340128+00:00,2,2,earliest_published,same_epoch_revision,107043318,2016-09-09T19:09:25,2084327,107043318;107043330
NORAD25544,ISS (ZARYA),25544,25544|2016-10-12T04:02:36.468+00:00,2016-10-12T04:02:36.468096+00:00,2,2,earliest_published,same_epoch_revision,107629008,2016-10-12T04:20:18,2098747,107629008;107629009
NORAD25544,ISS (ZARYA),25544,25544|2016-12-24T00:39:19.312+00:00,2016-12-24T00:39:19.312704+00:00,2,2,earliest_published,same_epoch_revision,108965898,2016-12-24T03:19:19,2130549,108965898;108965907
NORAD25544,ISS (ZARYA),25544,25544|2017-01-24T12:57:47.270+00:00,2017-01-24T12:57:47.270880+00:00,2,2,earliest_published,same_epoch_revision,109563935,2017-01-25T16:52:32,2144308,109563935;109580933
NORAD25544,ISS (ZARYA),25544,25544|2017-02-10T13:16:44.000+00:00,2017-02-10T13:16:44.000256+00:00,3,2,earliest_published,same_epoch_revision,109822341,2017-02-10T15:17:26,2149890,109822341;109822884;109832481
NORAD25544,ISS (ZARYA),25544,25544|2017-02-17T03:17:18.635+00:00,2017-02-17T03:17:18.635136+00:00,3,2,earliest_published,same_epoch_revision,109946760,2017-02-17T05:12:15,2152883,109946760;109947513;109953417
NORAD25544,ISS (ZARYA),25544,25544|2017-02-21T13:18:22.599+00:00,2017-02-21T13:18:22.599072+00:00,3,2,earliest_published,same_epoch_revision,110018136,2017-02-21T14:10:17,2154895,110018136;110019067;110021396
NORAD25544,ISS (ZARYA),25544,25544|2017-02-23T21:17:40.727+00:00,2017-02-23T21:17:40.727616+00:00,2,2,earliest_published,same_epoch_revision,110069967,2017-02-23T21:52:29,2156207,110069967;110070967
NORAD25544,ISS (ZARYA),25544,25544|2017-03-03T17:49:09.999+00:00,2017-03-03T17:49:09.999840+00:00,2,2,earliest_published,same_epoch_revision,110211335,2017-03-03T17:52:16,2160287,110211335;110212409
NORAD25544,ISS (ZARYA),25544,25544|2017-03-08T20:47:09.328+00:00,2017-03-08T20:47:09.328416+00:00,2,2,earliest_published,same_epoch_revision,110303642,2017-03-08T22:07:14,2162505,110303642;110306621
NORAD25544,ISS (ZARYA),25544,25544|2017-03-11T18:26:18.045+00:00,2017-03-11T18:26:18.045024+00:00,2,2,earliest_published,same_epoch_revision,110358516,2017-03-11T22:30:43,2163933,110358516;110360601
NORAD25544,ISS (ZARYA),25544,25544|2017-08-18T02:39:20.260+00:00,2017-08-18T02:39:20.260224+00:00,2,2,earliest_published,same_epoch_revision,113365334,2017-08-18T04:11:42,2168909,113365334;113365335
NORAD25544,ISS (ZARYA),25544,25544|2017-08-18T13:10:17.050+00:00,2017-08-18T13:10:17.050944+00:00,3,2,earliest_published,same_epoch_revision,113375522,2017-08-18T13:53:30,2169017,113375522;113375523;113376215
NORAD25544,ISS (ZARYA),25544,25544|2017-08-22T23:45:53.015+00:00,2017-08-22T23:45:53.015616+00:00,2,2,earliest_published,same_epoch_revision,113498533,2017-08-23T04:25:29,2171076,113498533;113498534
NORAD25544,ISS (ZARYA),25544,25544|2017-08-27T13:14:02.476+00:00,2017-08-27T13:14:02.476320+00:00,3,2,earliest_published,same_epoch_revision,113607668,2017-08-27T22:00:03,2172783,113607668;113621998;113624373
NORAD25544,ISS (ZARYA),25544,25544|2017-08-30T13:39:16.657+00:00,2017-08-30T13:39:16.657056+00:00,3,2,earliest_published,same_epoch_revision,113681651,2017-08-30T13:48:44,2174314,113681651;113681652;113682485
NORAD25544,ISS (ZARYA),25544,25544|2017-09-04T13:03:22.999+00:00,2017-09-04T13:03:22.999680+00:00,2,2,earliest_published,same_epoch_revision,113812520,2017-09-04T21:47:08,2176548,113812520;113829092
NORAD25544,ISS (ZARYA),25544,25544|2017-09-23T12:07:48.061+00:00,2017-09-23T12:07:48.061632+00:00,3,2,earliest_published,same_epoch_revision,114291494,2017-09-23T13:33:07,2183213,114291494;114291741;114292056
NORAD25544,ISS (ZARYA),25544,25544|2017-09-24T11:19:21.480+00:00,2017-09-24T11:19:21.480096+00:00,2,2,earliest_published,same_epoch_revision,114317163,2017-09-24T13:53:53,2183690,114317163;114320161
NORAD25544,ISS (ZARYA),25544,25544|2017-09-26T11:07:01.446+00:00,2017-09-26T11:07:01.446816+00:00,3,2,earliest_published,same_epoch_revision,114370229,2017-09-26T12:09:10,2184512,114370229;114370230;114370477
NORAD25544,ISS (ZARYA),25544,25544|2017-10-04T07:26:42.492+00:00,2017-10-04T07:26:42.492192+00:00,3,2,earliest_published,same_epoch_revision,114579031,2017-10-04T07:34:56,2187709,114579031;114579033;114579283
NORAD25544,ISS (ZARYA),25544,25544|2017-10-08T12:38:46.999+00:00,2017-10-08T12:38:46.999968+00:00,3,2,earliest_published,same_epoch_revision,114666317,2017-10-08T12:48:43,2189363,114666317;114666321;114670555
NORAD25544,ISS (ZARYA),25544,25544|2017-10-12T05:14:37.679+00:00,2017-10-12T05:14:37.679424+00:00,2,2,earliest_published,same_epoch_revision,114753631,2017-10-12T05:49:09,2191180,114753631;114764016
NORAD25544,ISS (ZARYA),25544,25544|2017-10-16T03:22:42.622+00:00,2017-10-16T03:22:42.622176+00:00,2,2,earliest_published,same_epoch_revision,114846623,2017-10-16T04:59:02,2192904,114846623;114856037
NORAD25544,ISS (ZARYA),25544,25544|2017-10-17T22:51:46.999+00:00,2017-10-17T22:51:46.999584+00:00,2,2,earliest_published,same_epoch_revision,114895647,2017-10-17T23:00:47,2193724,114895647;114896569
NORAD25544,ISS (ZARYA),25544,25544|2017-10-25T00:21:58.508+00:00,2017-10-25T00:21:58.508928+00:00,3,2,earliest_published,same_epoch_revision,115074047,2017-10-25T02:10:48,2197042,115074047;115078275;115082399
NORAD25544,ISS (ZARYA),25544,25544|2017-11-01T04:48:35.506+00:00,2017-11-01T04:48:35.506080+00:00,2,2,earliest_published,same_epoch_revision,115243859,2017-11-01T05:50:57,2200360,115243859;115258531
NORAD25544,ISS (ZARYA),25544,25544|2017-11-03T12:26:15.542+00:00,2017-11-03T12:26:15.542880+00:00,2,2,earliest_published,same_epoch_revision,115296318,2017-11-03T14:46:53,2200588,115296318;115312309
NORAD25544,ISS (ZARYA),25544,25544|2017-11-08T17:42:03.519+00:00,2017-11-08T17:42:03.519936+00:00,2,2,earliest_published,same_epoch_revision,115437625,2017-11-08T21:08:06,2203862,115437625;115438715
NORAD25544,ISS (ZARYA),25544,25544|2017-11-21T21:47:53.772+00:00,2017-11-21T21:47:53.772000+00:00,2,2,earliest_published,same_epoch_revision,115770418,2017-11-21T22:15:24,2209886,115770418;115772950
NORAD25544,ISS (ZARYA),25544,25544|2017-11-28T09:55:24.655+00:00,2017-11-28T09:55:24.655584+00:00,3,2,earliest_published,same_epoch_revision,115937236,2017-11-28T13:05:22,2212885,115937236;115939839;115940607
NORAD25544,ISS (ZARYA),25544,25544|2017-11-29T09:01:17.182+00:00,2017-11-29T09:01:17.182848+00:00,3,2,earliest_published,same_epoch_revision,115956094,2017-11-29T13:30:40,2213418,115956094;115958790;115959675
NORAD25544,ISS (ZARYA),25544,25544|2017-12-07T06:55:17.870+00:00,2017-12-07T06:55:17.870592+00:00,3,2,earliest_published,same_epoch_revision,116160151,2017-12-07T08:45:52,2217425,116160151;116172764;116172778
NORAD25544,ISS (ZARYA),25544,25544|2017-12-13T12:16:48.144+00:00,2017-12-13T12:16:48.144576+00:00,3,2,earliest_published,same_epoch_revision,116341577,2017-12-13T13:54:41,2219962,116341577;116341882;116345475
NORAD25544,ISS (ZARYA),25544,25544|2017-12-19T21:38:27.999+00:00,2017-12-19T21:38:27.999744+00:00,2,2,earliest_published,same_epoch_revision,116504021,2017-12-19T22:32:30,2222952,116504021;116504503
NORAD25544,ISS (ZARYA),25544,25544|2018-01-02T20:15:30.397+00:00,2018-01-02T20:15:30.397248+00:00,2,2,earliest_published,same_epoch_revision,116869583,2018-01-02T20:57:44,2229729,116869583;116872069
NORAD25544,ISS (ZARYA),25544,25544|2018-03-12T17:02:16.721+00:00,2018-03-12T17:02:16.721664+00:00,2,2,earliest_published,same_epoch_revision,118546994,2018-03-12T19:19:00,2257056,118546994;118556250
NORAD25544,ISS (ZARYA),25544,25544|2018-03-18T22:26:41.388+00:00,2018-03-18T22:26:41.388864+00:00,2,2,earliest_published,same_epoch_revision,118693999,2018-03-18T23:04:08,2259815,118693999;118694848
NORAD25544,ISS (ZARYA),25544,25544|2018-03-26T11:17:12.884+00:00,2018-03-26T11:17:12.884064+00:00,2,2,earliest_published,same_epoch_revision,118885340,2018-03-26T21:50:46,2262768,118885340;118904736
NORAD25544,ISS (ZARYA),25544,25544|2018-03-27T11:46:53.152+00:00,2018-03-27T11:46:53.152608+00:00,3,2,earliest_published,same_epoch_revision,118909662,2018-03-27T17:04:30,2262771,118909662;118909677;118918179
NORAD25544,ISS (ZARYA),25544,25544|2018-03-29T00:57:54.663+00:00,2018-03-29T00:57:54.663264+00:00,2,2,earliest_published,same_epoch_revision,118950577,2018-03-29T01:36:55,2263416,118950577;118950578
NORAD25544,ISS (ZARYA),25544,25544|2018-03-29T10:16:51.899+00:00,2018-03-29T10:16:51.899808+00:00,3,2,earliest_published,same_epoch_revision,118961951,2018-03-29T11:31:54,2263568,118961951;118962188;118964153
NORAD25544,ISS (ZARYA),25544,25544|2018-03-30T09:26:02.910+00:00,2018-03-30T09:26:02.910336+00:00,3,2,earliest_published,same_epoch_revision,118986918,2018-03-30T11:53:42,2264066,118986918;118987199;118987264
NORAD25544,ISS (ZARYA),25544,25544|2018-04-12T06:03:58.541+00:00,2018-04-12T06:03:58.541760+00:00,3,3,earliest_published,same_epoch_revision,119311077,2018-04-12T06:16:24,2269834,119311077;119311376;119311477
NORAD25544,ISS (ZARYA),25544,25544|2018-04-13T12:34:18.499+00:00,2018-04-13T12:34:18.499008+00:00,2,2,earliest_published,same_epoch_revision,119342950,2018-04-13T13:05:00,2270412,119342950;119342951
NORAD25544,ISS (ZARYA),25544,25544|2018-04-18T14:25:17.438+00:00,2018-04-18T14:25:17.438592+00:00,3,3,earliest_published,same_epoch_revision,119483192,2018-04-18T14:52:14,2272998,119483192;119483294;119483776
NORAD25544,ISS (ZARYA),25544,25544|2018-04-18T14:40:23.539+00:00,2018-04-18T14:40:23.539584+00:00,2,2,earliest_published,same_epoch_revision,119483877,2018-04-18T15:13:28,2273029,119483877;119483994
NORAD25544,ISS (ZARYA),25544,25544|2018-04-22T00:37:50.195+00:00,2018-04-22T00:37:50.195424+00:00,2,2,earliest_published,same_epoch_revision,119580494,2018-04-22T02:22:21,2274589,119580494;119589657
NORAD25544,ISS (ZARYA),25544,25544|2018-04-22T23:48:08.860+00:00,2018-04-22T23:48:08.860608+00:00,2,2,earliest_published,same_epoch_revision,119609231,2018-04-23T02:33:27,2275034,119609231;119617948
NORAD25544,ISS (ZARYA),25544,25544|2018-04-24T00:27:02.517+00:00,2018-04-24T00:27:02.517696+00:00,3,2,earliest_published,same_epoch_revision,119645889,2018-04-24T05:56:13,2275514,119645889;119646221;119649505
NORAD25544,ISS (ZARYA),25544,25544|2018-04-25T02:33:28.080+00:00,2018-04-25T02:33:28.080864+00:00,2,2,earliest_published,same_epoch_revision,119666112,2018-04-25T03:16:05,2275973,119666112;119673929
NORAD25544,ISS (ZARYA),25544,25544|2018-04-26T01:41:31.155+00:00,2018-04-26T01:41:31.155072+00:00,2,2,earliest_published,same_epoch_revision,119683276,2018-04-26T02:12:37,2276530,119683276;119692570
NORAD25544,ISS (ZARYA),25544,25544|2018-04-26T21:36:55.278+00:00,2018-04-26T21:36:55.278720+00:00,2,2,earliest_published,same_epoch_revision,119702031,2018-04-26T22:06:57,2277031,119702031;119721951
NORAD25544,ISS (ZARYA),25544,25544|2018-05-03T18:50:05.591+00:00,2018-05-03T18:50:05.591616+00:00,2,2,earliest_published,same_epoch_revision,119890862,2018-05-03T19:14:00,2280102,119890862;119894395
NORAD25544,ISS (ZARYA),25544,25544|2018-05-04T18:14:22.330+00:00,2018-05-04T18:14:22.330752+00:00,2,2,earliest_published,same_epoch_revision,119920895,2018-05-04T18:22:08,2280659,119920895;119931200
NORAD25544,ISS (ZARYA),25544,25544|2018-05-09T16:49:09.403+00:00,2018-05-09T16:49:09.403392+00:00,2,2,earliest_published,same_epoch_revision,120059605,2018-05-09T20:00:06,2282848,120059605;120069037
NORAD25544,ISS (ZARYA),25544,25544|2018-05-10T17:42:08.950+00:00,2018-05-10T17:42:08.950176+00:00,3,3,earliest_published,same_epoch_revision,120088457,2018-05-10T20:46:27,2283402,120088457;120098963;120099913
NORAD25544,ISS (ZARYA),25544,25544|2018-07-09T13:09:42.000+00:00,2018-07-09T13:09:42.000192+00:00,3,2,earliest_published,same_epoch_revision,121665611,2018-07-09T13:30:29,2306144,121665611;121665710;121665928
NORAD25544,ISS (ZARYA),25544,25544|2018-07-20T14:23:13.668+00:00,2018-07-20T14:23:13.668864+00:00,2,2,earliest_published,same_epoch_revision,121941331,2018-07-20T15:01:43,2311299,121941331;121942031
NORAD25544,ISS (ZARYA),25544,25544|2018-07-21T11:55:30.105+00:00,2018-07-21T11:55:30.105408+00:00,3,2,earliest_published,same_epoch_revision,121967034,2018-07-21T13:26:02,2311685,121967034;121967245;121967892
NORAD25544,ISS (ZARYA),25544,25544|2018-07-21T19:07:54.999+00:00,2018-07-21T19:07:54.999840+00:00,2,2,earliest_published,same_epoch_revision,121979212,2018-07-21T19:45:17,2311861,121979212;121979213
NORAD25544,ISS (ZARYA),25544,25544|2018-07-28T12:05:34.228+00:00,2018-07-28T12:05:34.228896+00:00,3,2,earliest_published,same_epoch_revision,122123048,2018-07-30T14:56:32,2312357,122123048;122123053;122142719
NORAD25544,ISS (ZARYA),25544,25544|2018-07-29T15:24:57.000+00:00,2018-07-29T15:24:57.000096+00:00,4,2,earliest_published,same_epoch_revision,122123156,2018-07-30T15:06:00,2312389,122123156;122123159;122148587;122148588
NORAD25544,ISS (ZARYA),25544,25544|2018-07-30T09:01:28.229+00:00,2018-07-30T09:01:28.229952+00:00,3,2,earliest_published,same_epoch_revision,122123216,2018-07-30T15:10:42,2312408,122123216;122123272;122156112
NORAD25544,ISS (ZARYA),25544,25544|2018-07-31T21:47:20.630+00:00,2018-07-31T21:47:20.630688+00:00,2,2,earliest_published,same_epoch_revision,122176924,2018-07-31T22:18:33,2313896,122176924;122177246
NORAD25544,ISS (ZARYA),25544,25544|2018-08-04T07:53:07.238+00:00,2018-08-04T07:53:07.238400+00:00,3,2,earliest_published,same_epoch_revision,122254464,2018-08-04T12:27:10,2315556,122254464;122256220;122258064
NORAD25544,ISS (ZARYA),25544,25544|2018-08-07T10:47:08.000+00:00,2018-08-07T10:47:08.000160+00:00,3,2,earliest_published,same_epoch_revision,122325867,2018-08-07T11:26:38,2316880,122325867;122326023;122329327
NORAD25544,ISS (ZARYA),25544,25544|2018-08-09T20:12:09.495+00:00,2018-08-09T20:12:09.495648+00:00,2,2,earliest_published,same_epoch_revision,122367100,2018-08-09T21:16:54,2317904,122367100;122367284
NORAD25544,ISS (ZARYA),25544,25544|2018-08-30T19:37:14.300+00:00,2018-08-30T19:37:14.300832+00:00,2,2,earliest_published,same_epoch_revision,122819774,2018-08-30T21:43:14,2326252,122819774;122819928
NORAD25544,ISS (ZARYA),25544,25544|2018-09-06T22:29:13.000+00:00,2018-09-06T22:29:13.000128+00:00,2,2,earliest_published,same_epoch_revision,122958156,2018-09-06T22:49:45,2329305,122958156;122982853
NORAD25544,ISS (ZARYA),25544,25544|2018-09-07T12:52:17.897+00:00,2018-09-07T12:52:17.897664+00:00,3,2,earliest_published,same_epoch_revision,122976510,2018-09-07T13:05:46,2329594,122976510;122987278;122987576
NORAD25544,ISS (ZARYA),25544,25544|2018-09-07T15:53:14.599+00:00,2018-09-07T15:53:14.599392+00:00,2,2,earliest_published,same_epoch_revision,122987605,2018-09-07T19:40:58,2329771,122987605;122987621
NORAD25544,ISS (ZARYA),25544,25544|2018-09-08T16:47:12.230+00:00,2018-09-08T16:47:12.230304+00:00,2,2,earliest_published,same_epoch_revision,123014882,2018-09-08T21:13:44,2330211,123014882;123024582
NORAD25544,ISS (ZARYA),25544,25544|2018-09-16T13:04:48.078+00:00,2018-09-16T13:04:48.078624+00:00,3,2,earliest_published,same_epoch_revision,123204056,2018-09-16T14:23:41,2333773,123204056;123207629;123214410
NORAD25544,ISS (ZARYA),25544,25544|2018-09-17T13:49:17.252+00:00,2018-09-17T13:49:17.252832+00:00,3,2,earliest_published,same_epoch_revision,123230774,2018-09-17T14:12:54,2334261,123230774;123234966;123242827
NORAD25544,ISS (ZARYA),25544,25544|2018-09-18T20:18:51.003+00:00,2018-09-18T20:18:51.003360+00:00,2,2,earliest_published,same_epoch_revision,123273980,2018-09-18T21:48:44,2334951,123273980;123274332
NORAD25544,ISS (ZARYA),25544,25544|2018-09-26T09:15:35.021+00:00,2018-09-26T09:15:35.021664+00:00,4,3,earliest_published,same_epoch_revision,123436127,2018-09-27T04:30:52,2335779,123436127;123443340;123443347;123443397
NORAD25544,ISS (ZARYA),25544,25544|2018-09-27T10:01:04.461+00:00,2018-09-27T10:01:04.461600+00:00,3,2,earliest_published,same_epoch_revision,123443550,2018-09-27T16:55:34,2335982,123443550;123443598;123443631
NORAD25544,ISS (ZARYA),25544,25544|2018-09-28T14:37:49.999+00:00,2018-09-28T14:37:49.999872+00:00,2,2,earliest_published,same_epoch_revision,123485004,2018-09-28T14:52:14,2337258,123485004;123485010
NORAD25544,ISS (ZARYA),25544,25544|2018-10-06T08:24:02.229+00:00,2018-10-06T08:24:02.229120+00:00,3,2,earliest_published,same_epoch_revision,123664801,2018-10-06T09:00:16,2341212,123664801;123664802;123668428
NORAD25544,ISS (ZARYA),25544,25544|2018-10-09T04:26:23.771+00:00,2018-10-09T04:26:23.771904+00:00,3,2,earliest_published,same_epoch_revision,123720523,2018-10-09T06:04:14,2342321,123720523;123727501;123727946
NORAD25544,ISS (ZARYA),25544,25544|2018-10-21T12:28:11.729+00:00,2018-10-21T12:28:11.729280+00:00,3,2,earliest_published,same_epoch_revision,124002151,2018-10-21T13:34:15,2348465,124002151;124002152;124006249
NORAD25544,ISS (ZARYA),25544,25544|2018-11-01T18:55:29.734+00:00,2018-11-01T18:55:29.734176+00:00,3,2,earliest_published,same_epoch_revision,124275115,2018-11-01T20:50:22,2353387,124275115;124275431;124276238
NORAD25544,ISS (ZARYA),25544,25544|2018-11-17T12:55:38.017+00:00,2018-11-17T12:55:38.017344+00:00,4,3,earliest_published,same_epoch_revision,124642497,2018-11-17T14:40:15,2363337,124642497;124642498;124642700;124642772
NORAD25544,ISS (ZARYA),25544,25544|2018-11-25T07:10:10.966+00:00,2018-11-25T07:10:10.966656+00:00,2,2,earliest_published,same_epoch_revision,124826707,2018-11-25T07:30:15,2366988,124826707;124826708
NORAD25544,ISS (ZARYA),25544,25544|2018-12-03T05:44:02.389+00:00,2018-12-03T05:44:02.389920+00:00,2,2,earliest_published,same_epoch_revision,125011508,2018-12-03T06:52:17,2371008,125011508;125011518
NORAD25544,ISS (ZARYA),25544,25544|2018-12-06T06:12:51.252+00:00,2018-12-06T06:12:51.252192+00:00,3,2,earliest_published,same_epoch_revision,125074823,2018-12-06T07:42:16,2372700,125074823;125077410;125077756
NORAD25544,ISS (ZARYA),25544,25544|2018-12-08T04:28:26.638+00:00,2018-12-08T04:28:26.638752+00:00,2,2,earliest_published,same_epoch_revision,125103564,2018-12-08T05:02:16,2373504,125103564;125115995
NORAD25544,ISS (ZARYA),25544,25544|2018-12-10T04:20:48.844+00:00,2018-12-10T04:20:48.844896+00:00,2,2,earliest_published,same_epoch_revision,125159175,2018-12-10T06:50:18,2374709,125159175;125159182
NORAD25544,ISS (ZARYA),25544,25544|2018-12-11T03:28:19.551+00:00,2018-12-11T03:28:19.551072+00:00,3,2,earliest_published,same_epoch_revision,125179565,2018-12-11T06:48:16,2375196,125179565;125179568;125182964
NORAD25544,ISS (ZARYA),25544,25544|2018-12-14T03:44:57.155+00:00,2018-12-14T03:44:57.155712+00:00,2,2,earliest_published,same_epoch_revision,125229560,2018-12-14T04:26:15,2376704,125229560;125242085
NORAD25544,ISS (ZARYA),25544,25544|2018-12-27T14:26:45.758+00:00,2018-12-27T14:26:45.758400+00:00,2,2,earliest_published,same_epoch_revision,125537791,2018-12-27T15:50:16,2384788,125537791;125547913
NORAD25544,ISS (ZARYA),25544,25544|2018-12-27T20:34:46.304+00:00,2018-12-27T20:34:46.304832+00:00,2,2,earliest_published,same_epoch_revision,125542533,2018-12-27T22:36:16,2384988,125542533;125554195
NORAD25544,ISS (ZARYA),25544,25544|2018-12-28T05:41:07.842+00:00,2018-12-28T05:41:07.842048+00:00,2,2,earliest_published,same_epoch_revision,125556013,2018-12-28T06:40:16,2385083,125556013;125557752
NORAD25544,ISS (ZARYA),25544,25544|2018-12-30T13:43:27.999+00:00,2018-12-30T13:43:27.999840+00:00,2,2,earliest_published,same_epoch_revision,125633061,2018-12-30T22:38:55,2386255,125633061;125641936
NORAD25544,ISS (ZARYA),25544,25544|2018-12-31T18:53:44.843+00:00,2018-12-31T18:53:44.843712+00:00,2,2,earliest_published,same_epoch_revision,125663841,2018-12-31T22:34:19,2387122,125663841;125674647
NORAD25544,ISS (ZARYA),25544,25544|2019-01-01T19:37:45.482+00:00,2019-01-01T19:37:45.482592+00:00,2,2,earliest_published,same_epoch_revision,125690319,2019-01-01T21:06:16,2387554,125690319;125703832
NORAD25544,ISS (ZARYA),25544,25544|2019-01-03T17:54:16.206+00:00,2019-01-03T17:54:16.206624+00:00,2,2,earliest_published,same_epoch_revision,125740693,2019-01-03T20:18:16,2388569,125740693;125744634
NORAD25544,ISS (ZARYA),25544,25544|2019-01-05T14:43:31.704+00:00,2019-01-05T14:43:31.704096+00:00,3,2,earliest_published,same_epoch_revision,125783796,2019-01-05T15:12:15,2389660,125783796;125783797;125784057
NORAD25544,ISS (ZARYA),25544,25544|2019-01-19T10:37:52.041+00:00,2019-01-19T10:37:52.041216+00:00,3,2,earliest_published,same_epoch_revision,126098246,2019-01-19T12:56:15,2397251,126098246;126101901;126102171
NORAD25544,ISS (ZARYA),25544,25544|2019-01-26T10:42:56.253+00:00,2019-01-26T10:42:56.253024+00:00,3,2,earliest_published,same_epoch_revision,126261344,2019-01-26T11:38:16,2400309,126261344;126263698;126263965
NORAD25544,ISS (ZARYA),25544,25544|2019-01-29T08:23:11.751+00:00,2019-01-29T08:23:11.751648+00:00,3,2,earliest_published,same_epoch_revision,126344978,2019-01-29T10:44:16,2401597,126344978;126348147;126348422
NORAD25544,ISS (ZARYA),25544,25544|2019-02-04T23:13:59.775+00:00,2019-02-04T23:13:59.775744+00:00,2,2,earliest_published,same_epoch_revision,126486058,2019-02-04T23:22:15,2405116,126486058;126486059
NORAD25544,ISS (ZARYA),25544,25544|2019-02-14T06:36:36.000+00:00,2019-02-14T06:36:36.000288+00:00,2,2,earliest_published,same_epoch_revision,126706049,2019-02-14T07:54:15,2410043,126706049;126706058
NORAD25544,ISS (ZARYA),25544,25544|2019-02-15T01:51:59.508+00:00,2019-02-15T01:51:59.508576+00:00,2,2,earliest_published,same_epoch_revision,126713550,2019-02-15T03:16:14,2410455,126713550;126727512
NORAD25544,ISS (ZARYA),25544,25544|2019-02-19T13:42:12.193+00:00,2019-02-19T13:42:12.193344+00:00,4,3,earliest_published,same_epoch_revision,126818855,2019-02-19T14:04:14,2412620,126818855;126821708;126822169;126822240
NORAD25544,ISS (ZARYA),25544,25544|2019-02-24T04:27:30.999+00:00,2019-02-24T04:27:30.999744+00:00,2,2,earliest_published,same_epoch_revision,126927124,2019-02-24T04:48:13,2415274,126927124;126929852
NORAD25544,ISS (ZARYA),25544,25544|2019-03-14T13:22:57.445+00:00,2019-03-14T13:22:57.445248+00:00,3,2,earliest_published,same_epoch_revision,127326477,2019-03-14T14:54:15,2424583,127326477;127326824;127326838
NORAD25544,ISS (ZARYA),25544,25544|2019-03-14T20:20:58.999+00:00,2019-03-14T20:20:58.999776+00:00,2,2,earliest_published,same_epoch_revision,127331101,2019-03-15T00:48:18,2425195,127331101;127335800
NORAD25544,ISS (ZARYA),25544,25544|2019-03-26T20:06:09.525+00:00,2019-03-26T20:06:09.525600+00:00,2,2,earliest_published,same_epoch_revision,127757643,2019-03-26T21:06:13,2432418,127757643;127757659
NORAD25544,ISS (ZARYA),25544,25544|2019-03-29T08:34:50.454+00:00,2019-03-29T08:34:50.454624+00:00,3,2,earliest_published,same_epoch_revision,127956555,2019-03-29T10:18:12,2433900,127956555;127960282;127986294
NORAD25544,ISS (ZARYA),25544,25544|2019-04-01T04:35:53.545+00:00,2019-04-01T04:35:53.545344+00:00,2,2,earliest_published,same_epoch_revision,128170077,2019-04-01T04:55:04,2435250,128170077;128170079
NORAD25544,ISS (ZARYA),25544,25544|2019-04-06T15:38:28.252+00:00,2019-04-06T15:38:28.252032+00:00,2,2,earliest_published,same_epoch_revision,128484426,2019-04-06T16:48:11,2439106,128484426;128484427
NORAD25544,ISS (ZARYA),25544,25544|2019-04-10T12:16:16.955+00:00,2019-04-10T12:16:16.955040+00:00,3,2,earliest_published,same_epoch_revision,128765329,2019-04-10T13:00:11,2440779,128765329;128765330;128769260
NORAD25544,ISS (ZARYA),25544,25544|2019-04-12T03:04:48.205+00:00,2019-04-12T03:04:48.205344+00:00,2,2,earliest_published,same_epoch_revision,128915824,2019-04-12T05:00:12,2441670,128915824;128915827
NORAD25544,ISS (ZARYA),25544,25544|2019-04-15T02:15:57.926+00:00,2019-04-15T02:15:57.926880+00:00,2,2,earliest_published,same_epoch_revision,129134936,2019-04-15T04:54:12,2443167,129134936;129138192
NORAD25544,ISS (ZARYA),25544,25544|2019-04-19T00:20:27.752+00:00,2019-04-19T00:20:27.752640+00:00,2,2,earliest_published,same_epoch_revision,129325990,2019-04-19T01:54:11,2444188,129325990;129363479
NORAD25544,ISS (ZARYA),25544,25544|2019-04-20T05:08:05.000+00:00,2019-04-20T05:08:05.000064+00:00,2,2,earliest_published,same_epoch_revision,129424587,2019-04-20T05:24:11,2445384,129424587;129424589
NORAD25544,ISS (ZARYA),25544,25544|2019-05-10T15:32:17.286+00:00,2019-05-10T15:32:17.286720+00:00,2,2,earliest_published,same_epoch_revision,130889602,2019-05-10T16:30:12,2467113,130889602;130927088
NORAD25544,ISS (ZARYA),25544,25544|2019-05-19T12:42:45.010+00:00,2019-05-19T12:42:45.010368+00:00,3,2,earliest_published,same_epoch_revision,131545598,2019-05-19T13:54:11,2475918,131545598;131553364;131555223
NORAD25544,ISS (ZARYA),25544,25544|2019-05-27T09:13:55.203+00:00,2019-05-27T09:13:55.203744+00:00,2,2,earliest_published,same_epoch_revision,132055139,2019-05-27T14:20:17,2483302,132055139;132062191
NORAD25544,ISS (ZARYA),25544,25544|2019-05-30T05:19:00.273+00:00,2019-05-30T05:19:00.273216+00:00,2,2,earliest_published,same_epoch_revision,132231050,2019-05-30T06:10:11,2485341,132231050;132233351
NORAD25544,ISS (ZARYA),25544,25544|2019-06-25T05:35:21.768+00:00,2019-06-25T05:35:21.768576+00:00,2,2,earliest_published,same_epoch_revision,134010278,2019-06-25T05:50:12,2499913,134010278;134015918
NORAD25544,ISS (ZARYA),25544,25544|2019-07-03T17:53:17.711+00:00,2019-07-03T17:53:17.711232+00:00,2,2,earliest_published,same_epoch_revision,134471138,2019-07-03T21:10:11,2505719,134471138;134471158
NORAD25544,ISS (ZARYA),25544,25544|2019-07-05T19:16:08.182+00:00,2019-07-05T19:16:08.182272+00:00,3,2,earliest_published,same_epoch_revision,134582831,2019-07-05T21:00:12,2507332,134582831;134583211;134583745
NORAD25544,ISS (ZARYA),25544,25544|2019-07-24T10:25:04.328+00:00,2019-07-24T10:25:04.328832+00:00,3,2,earliest_published,same_epoch_revision,135605442,2019-07-24T11:50:12,2517942,135605442;135605493;135605755
NORAD25544,ISS (ZARYA),25544,25544|2019-07-30T08:42:07.966+00:00,2019-07-30T08:42:07.966944+00:00,2,2,earliest_published,same_epoch_revision,135922571,2019-07-30T15:20:14,2520186,135922571;135961155
NORAD25544,ISS (ZARYA),25544,25544|2019-08-07T06:53:01.057+00:00,2019-08-07T06:53:01.057056+00:00,3,2,earliest_published,same_epoch_revision,136379403,2019-08-07T09:50:14,2526681,136379403;136400021;136554150
NORAD25544,ISS (ZARYA),25544,25544|2019-08-23T05:49:36.999+00:00,2019-08-23T05:49:36.999840+00:00,2,2,earliest_published,same_epoch_revision,137732156,2019-08-23T08:10:12,2584238,137732156;137732157
NORAD25544,ISS (ZARYA),25544,25544|2019-08-27T20:07:34.587+00:00,2019-08-27T20:07:34.587264+00:00,2,2,earliest_published,same_epoch_revision,138012637,2019-08-27T20:50:11,2587512,138012637;138012643
NORAD25544,ISS (ZARYA),25544,25544|2019-08-29T04:29:45.032+00:00,2019-08-29T04:29:45.032064+00:00,2,2,earliest_published,same_epoch_revision,138094276,2019-08-29T04:40:12,2588618,138094276;138113324
NORAD25544,ISS (ZARYA),25544,25544|2019-09-06T22:30:17.000+00:00,2019-09-06T22:30:17.000064+00:00,2,2,earliest_published,same_epoch_revision,138645130,2019-09-06T23:00:12,2594589,138645130;138645149
NORAD25544,ISS (ZARYA),25544,25544|2019-09-10T15:20:01.544+00:00,2019-09-10T15:20:01.544064+00:00,2,2,earliest_published,same_epoch_revision,138898618,2019-09-10T17:30:12,2597349,138898618;138898661
NORAD25544,ISS (ZARYA),25544,25544|2019-09-17T00:17:21.203+00:00,2019-09-17T00:17:21.203808+00:00,2,2,earliest_published,same_epoch_revision,139368236,2019-09-17T01:10:12,2605038,139368236;139368249
NORAD25544,ISS (ZARYA),25544,25544|2019-09-23T09:40:54.827+00:00,2019-09-23T09:40:54.827040+00:00,3,2,earliest_published,same_epoch_revision,139831611,2019-09-23T10:20:11,2614859,139831611;139831626;139842757
NORAD25544,ISS (ZARYA),25544,25544|2019-09-27T00:13:38.461+00:00,2019-09-27T00:13:38.461152+00:00,2,2,earliest_published,same_epoch_revision,140082901,2019-09-27T01:10:12,2617731,140082901;140082902
NORAD25544,ISS (ZARYA),25544,25544|2019-09-28T22:37:18.727+00:00,2019-09-28T22:37:18.727968+00:00,3,3,earliest_published,same_epoch_revision,140233331,2019-09-28T23:50:12,2619389,140233331;140233333;140233334
NORAD25544,ISS (ZARYA),25544,25544|2019-10-04T05:38:53.519+00:00,2019-10-04T05:38:53.519424+00:00,2,2,earliest_published,same_epoch_revision,140623010,2019-10-04T07:10:12,2623382,140623010;140623012
NORAD25544,ISS (ZARYA),25544,25544|2019-10-06T04:06:01.639+00:00,2019-10-06T04:06:01.639584+00:00,2,2,earliest_published,same_epoch_revision,140744451,2019-10-06T04:20:13,2624565,140744451;140744457
NORAD25544,ISS (ZARYA),25544,25544|2019-10-08T03:57:55.866+00:00,2019-10-08T03:57:55.866816+00:00,3,2,earliest_published,same_epoch_revision,140853590,2019-10-08T06:30:16,2626081,140853590;140857006;140860656
NORAD25544,ISS (ZARYA),25544,25544|2019-10-13T08:38:33.000+00:00,2019-10-13T08:38:33.000288+00:00,3,2,earliest_published,same_epoch_revision,141192861,2019-10-13T09:40:13,2632212,141192861;141192891;141201226
NORAD25544,ISS (ZARYA),25544,25544|2019-10-21T05:22:04.000+00:00,2019-10-21T05:22:04.000224+00:00,2,2,earliest_published,same_epoch_revision,141712957,2019-10-21T05:40:12,2638975,141712957;141716301
NORAD25544,ISS (ZARYA),25544,25544|2019-10-27T04:02:30.967+00:00,2019-10-27T04:02:30.967008+00:00,2,2,earliest_published,same_epoch_revision,142113729,2019-10-27T05:00:12,2642277,142113729;142113734
NORAD25544,ISS (ZARYA),25544,25544|2019-10-28T20:38:18.744+00:00,2019-10-28T20:38:18.744288+00:00,2,2,earliest_published,same_epoch_revision,142210452,2019-10-28T22:10:12,2643137,142210452;142213974
NORAD25544,ISS (ZARYA),25544,25544|2019-11-15T12:29:48.708+00:00,2019-11-15T12:29:48.708960+00:00,2,2,earliest_published,same_epoch_revision,143035768,2019-11-15T13:00:13,2651783,143035768;143036475
NORAD25544,ISS (ZARYA),25544,25544|2019-11-25T14:50:57.000+00:00,2019-11-25T14:50:57.000192+00:00,2,2,earliest_published,same_epoch_revision,143608061,2019-11-25T15:00:13,2656771,143608061;143608124
NORAD25544,ISS (ZARYA),25544,25544|2019-12-02T06:52:47.155+00:00,2019-12-02T06:52:47.155296+00:00,2,2,earliest_published,same_epoch_revision,144004724,2019-12-02T12:50:13,2660945,144004724;144005061
NORAD25544,ISS (ZARYA),25544,25544|2019-12-06T10:00:46.338+00:00,2019-12-06T10:00:46.338336+00:00,3,2,earliest_published,same_epoch_revision,144223123,2019-12-06T11:30:13,2662012,144223123;144227342;144227441
NORAD25544,ISS (ZARYA),25544,25544|2019-12-07T04:28:33.866+00:00,2019-12-07T04:28:33.866976+00:00,2,2,earliest_published,same_epoch_revision,144288628,2019-12-07T06:00:13,2662373,144288628;144291677
NORAD25544,ISS (ZARYA),25544,25544|2019-12-09T13:27:13.767+00:00,2019-12-09T13:27:13.767264+00:00,3,2,earliest_published,same_epoch_revision,144451619,2019-12-09T14:10:13,2663597,144451619;144454649;144456578
NORAD25544,ISS (ZARYA),25544,25544|2019-12-18T01:43:17.281+00:00,2019-12-18T01:43:17.281056+00:00,2,2,earliest_published,same_epoch_revision,145020881,2019-12-18T05:10:12,2668416,145020881;145020882
NORAD25544,ISS (ZARYA),25544,25544|2019-12-21T14:45:50.992+00:00,2019-12-21T14:45:50.992128+00:00,4,2,earliest_published,same_epoch_revision,145226639,2019-12-21T15:20:12,2670717,145226639;145226928;145226929;145226930
NORAD25544,ISS (ZARYA),25544,25544|2019-12-27T13:34:08.999+00:00,2019-12-27T13:34:08.999616+00:00,3,2,earliest_published,same_epoch_revision,145570140,2019-12-27T14:30:17,2673970,145570140;145572324;145573086
NORAD25544,ISS (ZARYA),25544,25544|2020-01-02T18:00:09.107+00:00,2020-01-02T18:00:09.107424+00:00,2,2,earliest_published,same_epoch_revision,145979132,2020-01-02T22:50:12,2677433,145979132;145979138
NORAD25544,ISS (ZARYA),25544,25544|2020-01-03T14:06:25.790+00:00,2020-01-03T14:06:25.790400+00:00,3,2,earliest_published,same_epoch_revision,146024742,2020-01-03T14:40:16,2677746,146024742;146025636;146026027
NORAD25544,ISS (ZARYA),25544,25544|2020-01-03T17:10:52.325+00:00,2020-01-03T17:10:52.325760+00:00,2,2,earliest_published,same_epoch_revision,146045931,2020-01-03T18:50:12,2677812,146045931;146048556
NORAD25544,ISS (ZARYA),25544,25544|2020-01-05T21:57:56.048+00:00,2020-01-05T21:57:56.048256+00:00,2,2,earliest_published,same_epoch_revision,146189289,2020-01-05T22:30:17,2678979,146189289;146190908
NORAD25544,ISS (ZARYA),25544,25544|2020-01-07T15:27:59.249+00:00,2020-01-07T15:27:59.249664+00:00,3,2,earliest_published,same_epoch_revision,146304570,2020-01-07T18:30:12,2680026,146304570;146304883;146307255
NORAD25544,ISS (ZARYA),25544,25544|2020-01-08T14:47:59.570+00:00,2020-01-08T14:47:59.570880+00:00,3,2,earliest_published,same_epoch_revision,146375261,2020-01-08T18:40:12,2680574,146375261;146378177;146378185
NORAD25544,ISS (ZARYA),25544,25544|2020-01-11T14:04:35.290+00:00,2020-01-11T14:04:35.290848+00:00,3,2,earliest_published,same_epoch_revision,146583115,2020-01-11T14:40:15,2682092,146583115;146586126;146586157
NORAD25544,ISS (ZARYA),25544,25544|2020-01-15T12:25:42.807+00:00,2020-01-15T12:25:42.807648+00:00,2,2,earliest_published,same_epoch_revision,146804337,2020-01-15T13:10:12,2684320,146804337;146808350
NORAD25544,ISS (ZARYA),25544,25544|2020-01-21T10:51:35.276+00:00,2020-01-21T10:51:35.276832+00:00,2,2,earliest_published,same_epoch_revision,147125405,2020-01-21T13:30:13,2687410,147125405;147128271
NORAD25544,ISS (ZARYA),25544,25544|2020-01-30T17:32:48.166+00:00,2020-01-30T17:32:48.166656+00:00,2,2,earliest_published,same_epoch_revision,147703557,2020-01-30T20:30:13,2692594,147703557;147703628
NORAD25544,ISS (ZARYA),25544,25544|2020-01-31T21:34:32.532+00:00,2020-01-31T21:34:32.532960+00:00,2,2,earliest_published,same_epoch_revision,147796638,2020-02-01T01:10:17,2693249,147796638;147803444
NORAD25544,ISS (ZARYA),25544,25544|2020-02-01T05:12:27.624+00:00,2020-02-01T05:12:27.624096+00:00,3,3,earliest_published,same_epoch_revision,147818625,2020-02-01T12:10:13,2693380,147818625;147821616;147845111
NORAD25544,ISS (ZARYA),25544,25544|2020-02-02T06:01:43.790+00:00,2020-02-02T06:01:43.790592+00:00,2,2,earliest_published,same_epoch_revision,147870128,2020-02-02T07:00:15,2693929,147870128;147870526
NORAD25544,ISS (ZARYA),25544,25544|2020-02-05T05:10:35.076+00:00,2020-02-05T05:10:35.076864+00:00,2,2,earliest_published,same_epoch_revision,148080060,2020-02-05T07:20:13,2695540,148080060;148080063
NORAD25544,ISS (ZARYA),25544,25544|2020-02-11T02:15:28.022+00:00,2020-02-11T02:15:28.022976+00:00,2,2,earliest_published,same_epoch_revision,148494574,2020-02-11T03:50:12,2698300,148494574;148538486
NORAD25544,ISS (ZARYA),25544,25544|2020-02-17T14:22:16.485+00:00,2020-02-17T14:22:16.485888+00:00,2,2,earliest_published,same_epoch_revision,148920685,2020-02-17T14:40:19,2704183,148920685;148920797
NORAD25544,ISS (ZARYA),25544,25544|2020-02-21T22:23:27.789+00:00,2020-02-21T22:23:27.789792+00:00,3,3,earliest_published,same_epoch_revision,149249433,2020-02-21T22:46:12,2707623,149249433;149249434;149249435
NORAD25544,ISS (ZARYA),25544,25544|2020-02-26T16:58:33.914+00:00,2020-02-26T16:58:33.914208+00:00,2,2,earliest_published,same_epoch_revision,149536592,2020-02-26T17:26:12,2710102,149536592;149558313
NORAD25544,ISS (ZARYA),25544,25544|2020-03-03T16:44:29.014+00:00,2020-03-03T16:44:29.014656+00:00,2,2,earliest_published,same_epoch_revision,149917392,2020-03-03T18:06:12,2713013,149917392;149941580
NORAD25544,ISS (ZARYA),25544,25544|2020-03-22T08:21:40.150+00:00,2020-03-22T08:21:40.150368+00:00,2,2,earliest_published,same_epoch_revision,150968124,2020-03-22T09:36:07,2722095,150968124;150968125
NORAD25544,ISS (ZARYA),25544,25544|2020-03-24T09:53:29.955+00:00,2020-03-24T09:53:29.955264+00:00,2,2,earliest_published,same_epoch_revision,151062104,2020-03-24T11:36:08,2723129,151062104;151062111
NORAD25544,ISS (ZARYA),25544,25544|2020-03-25T09:05:48.509+00:00,2020-03-25T09:05:48.509088+00:00,2,2,earliest_published,same_epoch_revision,151114138,2020-03-25T10:36:08,2723672,151114138;151114143
NORAD25544,ISS (ZARYA),25544,25544|2020-04-03T05:13:49.507+00:00,2020-04-03T05:13:49.507968+00:00,3,3,earliest_published,same_epoch_revision,151518660,2020-04-03T06:06:08,2727755,151518660;151523805;151523806
NORAD25544,ISS (ZARYA),25544,25544|2020-04-26T20:01:58.922+00:00,2020-04-26T20:01:58.922400+00:00,2,2,earliest_published,same_epoch_revision,152931254,2020-04-26T20:16:08,2739830,152931254;152940929
NORAD25544,ISS (ZARYA),25544,25544|2020-05-06T16:51:01.718+00:00,2020-05-06T16:51:01.718208+00:00,2,2,earliest_published,same_epoch_revision,153489473,2020-05-06T17:36:08,2745075,153489473;153499074
NORAD25544,ISS (ZARYA),25544,25544|2020-05-07T16:02:56.658+00:00,2020-05-07T16:02:56.658048+00:00,2,2,earliest_published,same_epoch_revision,153517953,2020-05-07T17:16:08,2745482,153517953;153543801
NORAD25544,ISS (ZARYA),25544,25544|2020-05-12T12:11:30.068+00:00,2020-05-12T12:11:30.068160+00:00,2,2,earliest_published,same_epoch_revision,153815830,2020-05-12T13:36:09,2748019,153815830;153878933
NORAD25544,ISS (ZARYA),25544,25544|2020-05-13T13:00:44.376+00:00,2020-05-13T13:00:44.376192+00:00,2,2,earliest_published,same_epoch_revision,153867738,2020-05-13T13:56:09,2748520,153867738;153872209
NORAD25544,ISS (ZARYA),25544,25544|2020-06-06T20:26:01.159+00:00,2020-06-06T20:26:01.159584+00:00,2,2,earliest_published,same_epoch_revision,155181530,2020-06-06T21:36:09,2760648,155181530;155191493
NORAD25544,ISS (ZARYA),25544,25544|2020-06-08T10:38:23.999+00:00,2020-06-08T10:38:23.999712+00:00,2,2,earliest_published,same_epoch_revision,155251998,2020-06-08T11:36:09,2761145,155251998;155260714
NORAD25544,ISS (ZARYA),25544,25544|2020-06-10T12:28:42.794+00:00,2020-06-10T12:28:42.794400+00:00,2,2,earliest_published,same_epoch_revision,155400977,2020-06-10T13:56:08,2762446,155400977;155412342
NORAD25544,ISS (ZARYA),25544,25544|2020-06-12T04:50:55.430+00:00,2020-06-12T04:50:55.430016+00:00,2,2,earliest_published,same_epoch_revision,155522225,2020-06-12T05:36:08,2763447,155522222;155522225
NORAD25544,ISS (ZARYA),25544,25544|2020-06-13T11:42:11.694+00:00,2020-06-13T11:42:11.694240+00:00,2,2,earliest_published,same_epoch_revision,155583289,2020-06-13T13:46:09,2764406,155583289;155596084
NORAD25544,ISS (ZARYA),25544,25544|2020-06-14T00:24:59.051+00:00,2020-06-14T00:24:59.051232+00:00,2,2,earliest_published,same_epoch_revision,155614506,2020-06-14T01:46:08,2764858,155614506;155614508
NORAD25544,ISS (ZARYA),25544,25544|2020-06-20T12:32:01.152+00:00,2020-06-20T12:32:01.152384+00:00,2,2,earliest_published,same_epoch_revision,156016726,2020-06-20T13:26:09,2769434,156016726;156027672
NORAD25544,ISS (ZARYA),25544,25544|2020-06-25T19:33:36.137+00:00,2020-06-25T19:33:36.137376+00:00,2,2,earliest_published,same_epoch_revision,156354504,2020-06-25T20:16:09,2772816,156354504;156354982
NORAD25544,ISS (ZARYA),25544,25544|2020-06-28T20:22:37.047+00:00,2020-06-28T20:22:37.047360+00:00,2,2,earliest_published,same_epoch_revision,156587410,2020-06-28T22:46:10,2775116,156587410;156595273
NORAD25544,ISS (ZARYA),25544,25544|2020-07-06T09:13:51.034+00:00,2020-07-06T09:13:51.034944+00:00,2,2,earliest_published,same_epoch_revision,157042777,2020-07-06T09:46:09,2780176,157042777;157054513
NORAD25544,ISS (ZARYA),25544,25544|2020-07-12T12:36:17.356+00:00,2020-07-12T12:36:17.356896+00:00,2,2,earliest_published,same_epoch_revision,157423345,2020-07-12T21:36:09,2783519,157423345;157449080
NORAD25544,ISS (ZARYA),25544,25544|2020-07-13T05:21:38.432+00:00,2020-07-13T05:21:38.432736+00:00,2,2,earliest_published,same_epoch_revision,157449380,2020-07-13T05:46:08,2783852,157449380;157449400
NORAD25544,ISS (ZARYA),25544,25544|2020-07-16T19:54:05.114+00:00,2020-07-16T19:54:05.114304+00:00,2,2,earliest_published,same_epoch_revision,157664464,2020-07-16T21:56:09,2786314,157664463;157664464
NORAD25544,ISS (ZARYA),25544,25544|2020-07-18T10:45:46.283+00:00,2020-07-18T10:45:46.283040+00:00,2,2,earliest_published,same_epoch_revision,157742820,2020-07-18T13:36:08,2787114,157742820;157753654
NORAD25544,ISS (ZARYA),25544,25544|2020-07-20T10:46:18.168+00:00,2020-07-20T10:46:18.168096+00:00,2,2,earliest_published,same_epoch_revision,157869178,2020-07-20T13:26:09,2788178,157869178;157881521
NORAD25544,ISS (ZARYA),25544,25544|2020-07-24T05:29:01.289+00:00,2020-07-24T05:29:01.289760+00:00,2,2,earliest_published,same_epoch_revision,158132690,2020-07-24T05:36:08,2790138,158132690;158132742
NORAD25544,ISS (ZARYA),25544,25544|2020-08-09T12:04:22.153+00:00,2020-08-09T12:04:22.153152+00:00,2,2,earliest_published,same_epoch_revision,159046047,2020-08-09T13:46:09,2798590,159046047;159057044
NORAD25544,ISS (ZARYA),25544,25544|2020-08-13T01:30:52.903+00:00,2020-08-13T01:30:52.903584+00:00,2,2,earliest_published,same_epoch_revision,159294975,2020-08-13T04:36:08,2800736,159294975;159308352
NORAD25544,ISS (ZARYA),25544,25544|2020-08-14T00:43:24.546+00:00,2020-08-14T00:43:24.546144+00:00,2,2,earliest_published,same_epoch_revision,159371915,2020-08-14T04:46:09,2801527,159371915;159371917
NORAD25544,ISS (ZARYA),25544,25544|2020-08-14T12:56:50.474+00:00,2020-08-14T12:56:50.474112+00:00,2,2,earliest_published,same_epoch_revision,159376460,2020-08-14T14:06:09,2801737,159376459;159376460
NORAD25544,ISS (ZARYA),25544,25544|2020-08-26T14:14:11.725+00:00,2020-08-26T14:14:11.725728+00:00,2,2,earliest_published,same_epoch_revision,160161781,2020-08-26T14:36:09,2808906,160161781;160170742
NORAD25544,ISS (ZARYA),25544,25544|2020-08-28T13:16:57.000+00:00,2020-08-28T13:16:57+00:00,2,2,earliest_published,same_epoch_revision,160268063,2020-08-28T13:46:09,2810039,160268063;160281099
NORAD25544,ISS (ZARYA),25544,25544|2020-08-30T13:14:59.000+00:00,2020-08-30T13:14:59.000064+00:00,2,2,earliest_published,same_epoch_revision,160397194,2020-08-30T14:46:10,2811338,160397194;160407721
NORAD25544,ISS (ZARYA),25544,25544|2020-09-01T17:42:36.474+00:00,2020-09-01T17:42:36.474624+00:00,2,2,earliest_published,same_epoch_revision,160528883,2020-09-01T18:16:09,2812604,160528883;160529070
NORAD25544,ISS (ZARYA),25544,25544|2020-09-02T12:33:47.000+00:00,2020-09-02T12:33:47.000160+00:00,2,2,earliest_published,same_epoch_revision,160579046,2020-09-02T14:06:09,2813006,160579046;160590578
NORAD25544,ISS (ZARYA),25544,25544|2020-09-04T13:51:10.561+00:00,2020-09-04T13:51:10.561248+00:00,2,2,earliest_published,same_epoch_revision,160686332,2020-09-04T14:26:09,2814183,160686332;160697741
NORAD25544,ISS (ZARYA),25544,25544|2020-09-05T13:04:07.704+00:00,2020-09-05T13:04:07.704768+00:00,2,2,earliest_published,same_epoch_revision,160760166,2020-09-05T13:46:08,2814764,160760166;160770647
NORAD25544,ISS (ZARYA),25544,25544|2020-09-05T16:08:49.593+00:00,2020-09-05T16:08:49.593408+00:00,2,2,earliest_published,same_epoch_revision,160764568,2020-09-05T17:06:09,2814955,160764568;160785636
NORAD25544,ISS (ZARYA),25544,25544|2020-09-08T12:18:22.024+00:00,2020-09-08T12:18:22.024224+00:00,2,2,earliest_published,same_epoch_revision,160941250,2020-09-08T13:16:09,2816411,160941250;160952876
NORAD25544,ISS (ZARYA),25544,25544|2020-09-11T20:07:28.000+00:00,2020-09-11T20:07:28.000128+00:00,2,2,earliest_published,same_epoch_revision,161173668,2020-09-11T21:36:09,2819995,161173667;161173668
NORAD25544,ISS (ZARYA),25544,25544|2020-09-12T12:20:57.640+00:00,2020-09-12T12:20:57.640992+00:00,2,2,earliest_published,same_epoch_revision,161207193,2020-09-12T13:46:08,2820591,161207193;161220473
NORAD25544,ISS (ZARYA),25544,25544|2020-09-14T12:18:34.401+00:00,2020-09-14T12:18:34.401024+00:00,2,2,earliest_published,same_epoch_revision,161356212,2020-09-14T13:46:09,2822803,161356212;161370240
NORAD25544,ISS (ZARYA),25544,25544|2020-09-15T14:25:55.153+00:00,2020-09-15T14:25:55.153920+00:00,2,2,earliest_published,same_epoch_revision,161418130,2020-09-15T14:56:10,2823888,161418130;161426516
NORAD25544,ISS (ZARYA),25544,25544|2020-09-16T12:16:53.027+00:00,2020-09-16T12:16:53.027904+00:00,2,2,earliest_published,same_epoch_revision,161476235,2020-09-16T13:16:09,2824762,161476235;161517459
NORAD25544,ISS (ZARYA),25544,25544|2020-09-16T19:40:29.375+00:00,2020-09-16T19:40:29.375616+00:00,2,2,earliest_published,same_epoch_revision,161504420,2020-09-16T21:06:08,2825174,161504420;161504450
NORAD25544,ISS (ZARYA),25544,25544|2020-09-19T12:53:04.153+00:00,2020-09-19T12:53:04.153632+00:00,2,2,earliest_published,same_epoch_revision,161707423,2020-09-19T13:36:08,2828056,161707423;161719166
NORAD25544,ISS (ZARYA),25544,25544|2020-09-25T08:24:01.112+00:00,2020-09-25T08:24:01.112832+00:00,2,2,earliest_published,same_epoch_revision,162107899,2020-09-25T10:16:09,2833303,162107899;162125486
NORAD25544,ISS (ZARYA),25544,25544|2020-09-26T13:05:44.999+00:00,2020-09-26T13:05:44.999808+00:00,2,2,earliest_published,same_epoch_revision,162194376,2020-09-26T13:36:09,2834515,162194376;162209231
NORAD25544,ISS (ZARYA),25544,25544|2020-09-27T13:11:59.193+00:00,2020-09-27T13:11:59.193024+00:00,2,2,earliest_published,same_epoch_revision,162278463,2020-09-27T13:36:09,2835572,162278463;162294910
NORAD25544,ISS (ZARYA),25544,25544|2020-09-28T12:24:17.023+00:00,2020-09-28T12:24:17.023680+00:00,2,2,earliest_published,same_epoch_revision,162364592,2020-09-28T14:16:10,2836773,162364592;162378577
NORAD25544,ISS (ZARYA),25544,25544|2020-09-30T07:27:45.277+00:00,2020-09-30T07:27:45.277344+00:00,2,2,earliest_published,same_epoch_revision,162471502,2020-09-30T08:36:09,2838025,162471502;162471507
NORAD25544,ISS (ZARYA),25544,25544|2020-09-30T15:08:25.407+00:00,2020-09-30T15:08:25.407168+00:00,2,2,earliest_published,same_epoch_revision,162471637,2020-09-30T16:06:08,2838049,162471636;162471637
NORAD25544,ISS (ZARYA),25544,25544|2020-10-03T10:51:40.999+00:00,2020-10-03T10:51:40.999968+00:00,2,2,earliest_published,same_epoch_revision,162659392,2020-10-03T11:26:08,2840956,162659392;162675182
NORAD25544,ISS (ZARYA),25544,25544|2020-10-05T10:06:35.430+00:00,2020-10-05T10:06:35.430624+00:00,2,2,earliest_published,same_epoch_revision,162807259,2020-10-05T10:46:08,2842978,162807259;162822303
NORAD25544,ISS (ZARYA),25544,25544|2020-10-09T12:49:25.108+00:00,2020-10-09T12:49:25.108032+00:00,2,2,earliest_published,same_epoch_revision,163060403,2020-10-09T13:36:09,2847071,163060403;163076721
NORAD25544,ISS (ZARYA),25544,25544|2020-10-12T13:20:38.051+00:00,2020-10-12T13:20:38.051808+00:00,2,2,earliest_published,same_epoch_revision,163308933,2020-10-12T13:26:09,2849834,163308933;163323703
NORAD25544,ISS (ZARYA),25544,25544|2020-10-13T12:52:50.892+00:00,2020-10-13T12:52:50.892960+00:00,2,2,earliest_published,same_epoch_revision,163374282,2020-10-13T13:56:08,2850949,163374282;163389989
NORAD25544,ISS (ZARYA),25544,25544|2020-10-14T12:05:12.990+00:00,2020-10-14T12:05:12.990048+00:00,2,2,earliest_published,same_epoch_revision,163450399,2020-10-14T14:06:08,2851653,163450399;163464428
NORAD25544,ISS (ZARYA),25544,25544|2020-10-16T06:57:40.999+00:00,2020-10-16T06:57:40.999968+00:00,2,2,earliest_published,same_epoch_revision,163588852,2020-10-16T08:46:09,2853622,163588852;163588854
NORAD25544,ISS (ZARYA),25544,25544|2020-10-16T08:51:38.934+00:00,2020-10-16T08:51:38.934432+00:00,2,2,earliest_published,same_epoch_revision,163588860,2020-10-16T09:36:08,2853631,163588860;163605199
NORAD25544,ISS (ZARYA),25544,25544|2020-10-18T12:06:44.141+00:00,2020-10-18T12:06:44.141184+00:00,2,2,earliest_published,same_epoch_revision,163717140,2020-10-18T13:46:09,2855625,163717140;163731652
NORAD25544,ISS (ZARYA),25544,25544|2020-10-19T20:38:50.782+00:00,2020-10-19T20:38:50.782272+00:00,2,2,earliest_published,same_epoch_revision,163812014,2020-10-19T21:26:09,2857007,163812014;163819702
NORAD25544,ISS (ZARYA),25544,25544|2020-10-20T12:06:00.974+00:00,2020-10-20T12:06:00.974880+00:00,2,2,earliest_published,same_epoch_revision,163855551,2020-10-20T13:46:09,2857201,163855551;163906772
NORAD25544,ISS (ZARYA),25544,25544|2020-10-20T19:50:12.343+00:00,2020-10-20T19:50:12.343200+00:00,2,2,earliest_published,same_epoch_revision,163921229,2020-10-20T21:36:08,2857361,163921229;163932070
NORAD25544,ISS (ZARYA),25544,25544|2020-10-22T12:10:35.718+00:00,2020-10-22T12:10:35.718240+00:00,2,2,earliest_published,same_epoch_revision,163996590,2020-10-22T18:40:49,2858656,163996590;164015282
NORAD25544,ISS (ZARYA),25544,25544|2020-10-31T12:52:50.098+00:00,2020-10-31T12:52:50.098080+00:00,2,2,earliest_published,same_epoch_revision,164535166,2020-10-31T13:56:09,2866705,164535166;164549776
NORAD25544,ISS (ZARYA),25544,25544|2020-11-01T13:41:32.389+00:00,2020-11-01T13:41:32.389728+00:00,3,2,earliest_published,same_epoch_revision,164600264,2020-11-01T14:16:09,2867816,164600264;164605568;164616288
NORAD25544,ISS (ZARYA),25544,25544|2020-11-04T14:30:47.808+00:00,2020-11-04T14:30:47.808864+00:00,2,2,earliest_published,same_epoch_revision,164837558,2020-11-04T15:06:09,2871039,164837558;164845216
NORAD25544,ISS (ZARYA),25544,25544|2020-11-06T12:57:12.914+00:00,2020-11-06T12:57:12.914784+00:00,2,2,earliest_published,same_epoch_revision,164964390,2020-11-06T14:36:10,2873048,164964390;164978027
NORAD25544,ISS (ZARYA),25544,25544|2020-11-07T13:44:33.369+00:00,2020-11-07T13:44:33.369216+00:00,2,2,earliest_published,same_epoch_revision,165079799,2020-11-07T15:06:08,2874653,165079799;165089086
NORAD25544,ISS (ZARYA),25544,25544|2020-11-15T13:28:05.278+00:00,2020-11-15T13:28:05.278080+00:00,2,2,earliest_published,same_epoch_revision,165504153,2020-11-15T16:26:09,2875244,165504153;165511959
NORAD25544,ISS (ZARYA),25544,25544|2020-11-25T14:31:41.000+00:00,2020-11-25T14:31:41.000160+00:00,2,2,earliest_published,same_epoch_revision,166263346,2020-11-25T15:16:09,2888648,166263346;166270209
NORAD25544,ISS (ZARYA),25544,25544|2020-11-26T05:09:13.206+00:00,2020-11-26T05:09:13.206816+00:00,2,2,earliest_published,same_epoch_revision,166343183,2020-11-26T06:36:10,2889732,166343183;166357311
NORAD25544,ISS (ZARYA),25544,25544|2020-11-28T13:47:01.000+00:00,2020-11-28T13:47:01.000032+00:00,2,2,earliest_published,same_epoch_revision,166510808,2020-11-28T14:46:11,2892581,166510808;166519509
NORAD25544,ISS (ZARYA),25544,25544|2020-12-01T13:16:55.868+00:00,2020-12-01T13:16:55.868160+00:00,2,2,earliest_published,same_epoch_revision,166680725,2020-12-01T14:06:08,2895419,166680725;166691931
NORAD25544,ISS (ZARYA),25544,25544|2020-12-06T14:08:59.303+00:00,2020-12-06T14:08:59.303328+00:00,2,2,earliest_published,same_epoch_revision,167052239,2020-12-06T14:56:08,2898576,167052239;167082436
NORAD25544,ISS (ZARYA),25544,25544|2020-12-06T22:17:24.999+00:00,2020-12-06T22:17:24.999648+00:00,2,2,earliest_published,same_epoch_revision,167098086,2020-12-06T22:36:10,2898696,167098086;167128236
NORAD25544,ISS (ZARYA),25544,25544|2020-12-07T13:20:23.894+00:00,2020-12-07T13:20:23.894304+00:00,2,2,earliest_published,same_epoch_revision,167146200,2020-12-07T14:36:09,2898943,167146200;167176373
NORAD25544,ISS (ZARYA),25544,25544|2020-12-09T13:22:25.284+00:00,2020-12-09T13:22:25.284576+00:00,2,2,earliest_published,same_epoch_revision,167290895,2020-12-09T14:46:09,2899642,167290895;167329059
NORAD25544,ISS (ZARYA),25544,25544|2020-12-10T14:10:04.162+00:00,2020-12-10T14:10:04.162080+00:00,2,2,earliest_published,same_epoch_revision,167425681,2020-12-10T17:17:55,2900599,167425681;167445333
NORAD25544,ISS (ZARYA),25544,25544|2021-01-01T17:23:06.777+00:00,2021-01-01T17:23:06.777600+00:00,2,2,earliest_published,same_epoch_revision,168750068,2021-01-01T18:46:09,2913867,168750068;168758430
NORAD25544,ISS (ZARYA),25544,25544|2021-01-19T09:40:15.504+00:00,2021-01-19T09:40:15.504672+00:00,3,2,earliest_published,same_epoch_revision,169871892,2021-01-19T13:56:09,2931237,169871892;169879730;169887741
NORAD25544,ISS (ZARYA),25544,25544|2021-01-27T06:17:06.229+00:00,2021-01-27T06:17:06.229824+00:00,2,2,earliest_published,same_epoch_revision,170475094,2021-01-27T09:06:09,2941047,170475094;170475108
NORAD25544,ISS (ZARYA),25544,25544|2021-02-01T13:06:17.900+00:00,2021-02-01T13:06:17.900064+00:00,2,2,earliest_published,same_epoch_revision,170789354,2021-02-01T14:56:09,2945337,170789354;170789613
NORAD25544,ISS (ZARYA),25544,25544|2021-03-16T12:41:59.989+00:00,2021-03-16T12:41:59.989920+00:00,2,2,earliest_published,same_epoch_revision,173473850,2021-03-16T14:06:11,2983191,173473850;173500694
NORAD25544,ISS (ZARYA),25544,25544|2021-03-24T09:37:19.134+00:00,2021-03-24T09:37:19.134624+00:00,2,2,earliest_published,same_epoch_revision,174041384,2021-03-24T10:36:10,2992886,174041384;174041427
NORAD25544,ISS (ZARYA),25544,25544|2021-04-28T17:56:27.946+00:00,2021-04-28T17:56:27.946752+00:00,2,2,earliest_published,same_epoch_revision,176280844,2021-04-28T19:06:11,3026957,176280844;176280893
NORAD25544,ISS (ZARYA),25544,25544|2021-05-03T17:22:40.533+00:00,2021-05-03T17:22:40.533600+00:00,2,2,earliest_published,same_epoch_revision,176574055,2021-05-03T18:26:10,3030017,176574055;176574086
NORAD25544,ISS (ZARYA),25544,25544|2021-05-04T05:36:37.202+00:00,2021-05-04T05:36:37.202688+00:00,2,2,earliest_published,same_epoch_revision,176600493,2021-05-04T05:46:10,3030207,176600493;176600496
NORAD25544,ISS (ZARYA),25544,25544|2021-05-07T12:32:19.082+00:00,2021-05-07T12:32:19.082976+00:00,2,2,earliest_published,same_epoch_revision,176801648,2021-05-07T13:26:10,3032169,176801648;176810072
NORAD25544,ISS (ZARYA),25544,25544|2021-06-04T05:00:01.497+00:00,2021-06-04T05:00:01.497888+00:00,2,2,earliest_published,same_epoch_revision,178426040,2021-06-04T05:56:10,3048669,178426040;178431176
NORAD25544,ISS (ZARYA),25544,25544|2021-07-27T19:36:42.583+00:00,2021-07-27T19:36:42.583392+00:00,2,2,earliest_published,same_epoch_revision,181572853,2021-07-27T20:36:15,3084101,181572853;181572858
NORAD25544,ISS (ZARYA),25544,25544|2021-08-30T16:35:42.142+00:00,2021-08-30T16:35:42.142272+00:00,2,2,earliest_published,same_epoch_revision,183733684,2021-08-30T17:36:11,3105637,183733684;183733785
NORAD25544,ISS (ZARYA),25544,25544|2021-09-26T13:14:23.811+00:00,2021-09-26T13:14:23.811072+00:00,2,2,earliest_published,same_epoch_revision,185521321,2021-09-26T13:56:11,3128914,185521321;185529444
NORAD25544,ISS (ZARYA),25544,25544|2021-09-27T12:26:54.649+00:00,2021-09-27T12:26:54.649248+00:00,2,2,earliest_published,same_epoch_revision,185595177,2021-09-27T14:36:12,3130159,185595177;185613095
NORAD25544,ISS (ZARYA),25544,25544|2021-09-28T13:15:16.001+00:00,2021-09-28T13:15:16.001856+00:00,2,2,earliest_published,same_epoch_revision,185690672,2021-09-28T14:56:11,3132375,185690672;185718330
NORAD25544,ISS (ZARYA),25544,25544|2021-09-30T11:41:39.341+00:00,2021-09-30T11:41:39.341760+00:00,2,2,earliest_published,same_epoch_revision,185819560,2021-09-30T12:26:11,3136106,185819560;185845914
NORAD25544,ISS (ZARYA),25544,25544|2021-10-21T12:06:50.389+00:00,2021-10-21T12:06:50.389632+00:00,2,2,earliest_published,same_epoch_revision,187776511,2021-10-21T12:56:14,3175942,187776511;187776558
NORAD25544,ISS (ZARYA),25544,25544|2021-10-22T11:29:12.196+00:00,2021-10-22T11:29:12.196896+00:00,2,2,earliest_published,same_epoch_revision,187865631,2021-10-22T12:36:12,3177970,187865631;187865636
NORAD25544,ISS (ZARYA),25544,25544|2021-11-27T07:04:59.519+00:00,2021-11-27T07:04:59.519712+00:00,2,2,earliest_published,same_epoch_revision,190566135,2021-11-27T10:36:10,3225170,190566135;190567601
NORAD25544,ISS (ZARYA),25544,25544|2021-11-29T11:53:28.588+00:00,2021-11-29T11:53:28.588128+00:00,2,2,earliest_published,same_epoch_revision,190694147,2021-11-29T14:26:11,3226659,190694147;190706130
NORAD25544,ISS (ZARYA),25544,25544|2021-12-17T22:35:54.655+00:00,2021-12-17T22:35:54.655584+00:00,2,2,earliest_published,same_epoch_revision,191880653,2021-12-17T23:26:10,3243023,191880653;191905362
NORAD25544,ISS (ZARYA),25544,25544|2021-12-21T21:02:08.971+00:00,2021-12-21T21:02:08.971008+00:00,2,2,earliest_published,same_epoch_revision,192151581,2021-12-21T22:26:15,3246571,192151581;192152033
NORAD25544,ISS (ZARYA),25544,25544|2021-12-23T21:04:42.153+00:00,2021-12-23T21:04:42.153888+00:00,2,2,earliest_published,same_epoch_revision,192293013,2021-12-23T22:26:11,3248732,192293013;192302719
NORAD25544,ISS (ZARYA),25544,25544|2021-12-24T14:15:00.999+00:00,2021-12-24T14:15:00.999648+00:00,2,2,earliest_published,same_epoch_revision,192335078,2021-12-24T14:46:11,3249774,192335078;192337365
NORAD25544,ISS (ZARYA),25544,25544|2022-01-05T04:27:25.534+00:00,2022-01-05T04:27:25.534944+00:00,2,2,earliest_published,same_epoch_revision,193218576,2022-01-05T05:26:11,3264099,193218573;193218576
NORAD25544,ISS (ZARYA),25544,25544|2022-01-14T13:03:55.353+00:00,2022-01-14T13:03:55.353888+00:00,3,2,earliest_published,same_epoch_revision,193820318,2022-01-14T14:46:15,3272638,193820318;193824890;193824904
NORAD25544,ISS (ZARYA),25544,25544|2022-01-19T16:11:28.000+00:00,2022-01-19T16:11:28.000032+00:00,2,2,earliest_published,same_epoch_revision,194170633,2022-01-19T17:36:11,3277422,194170633;194197606
NORAD25544,ISS (ZARYA),25544,25544|2022-01-24T11:16:13.079+00:00,2022-01-24T11:16:13.079712+00:00,2,2,earliest_published,same_epoch_revision,194503878,2022-01-24T11:46:11,3281446,194503878;194509497
NORAD25544,ISS (ZARYA),25544,25544|2022-02-12T01:08:16.077+00:00,2022-02-12T01:08:16.077120+00:00,2,2,earliest_published,same_epoch_revision,195762230,2022-02-12T02:26:16,3297995,195762230;195762233
NORAD25544,ISS (ZARYA),25544,25544|2022-02-20T21:07:45.834+00:00,2022-02-20T21:07:45.834240+00:00,2,2,earliest_published,same_epoch_revision,196481186,2022-02-20T22:26:12,3310182,196481186;196491288
NORAD25544,ISS (ZARYA),25544,25544|2022-03-02T13:16:48.161+00:00,2022-03-02T13:16:48.161280+00:00,2,2,earliest_published,same_epoch_revision,197580666,2022-03-02T14:56:15,3340260,197580666;197581056
NORAD25544,ISS (ZARYA),25544,25544|2022-03-05T14:07:52.568+00:00,2022-03-05T14:07:52.568832+00:00,2,2,earliest_published,same_epoch_revision,197945866,2022-03-05T14:26:11,3345471,197945866;197946518
NORAD25544,ISS (ZARYA),25544,25544|2022-03-06T14:54:24.413+00:00,2022-03-06T14:54:24.413760+00:00,2,2,earliest_published,same_epoch_revision,198045028,2022-03-06T17:56:11,3347630,198045028;198045034
NORAD25544,ISS (ZARYA),25544,25544|2022-03-12T03:37:02.018+00:00,2022-03-12T03:37:02.018784+00:00,2,2,earliest_published,same_epoch_revision,198522909,2022-03-12T03:56:11,3355405,198522909;198522912
NORAD25544,ISS (ZARYA),25544,25544|2022-03-19T10:50:00.233+00:00,2022-03-19T10:50:00.233376+00:00,2,2,earliest_published,same_epoch_revision,199111902,2022-03-19T13:06:17,3365041,199111902;199115518
NORAD25544,ISS (ZARYA),25544,25544|2022-04-11T08:21:40.116+00:00,2022-04-11T08:21:40.116672+00:00,2,2,earliest_published,same_epoch_revision,200954004,2022-04-11T09:16:11,3396962,200954004;200954026
NORAD25544,ISS (ZARYA),25544,25544|2022-04-12T07:35:47.442+00:00,2022-04-12T07:35:47.442048+00:00,2,2,earliest_published,same_epoch_revision,201028310,2022-04-12T09:46:12,3398067,201028310;201028330
NORAD25544,ISS (ZARYA),25544,25544|2022-04-15T12:30:06.711+00:00,2022-04-15T12:30:06.711264+00:00,2,2,earliest_published,same_epoch_revision,201273470,2022-04-15T13:36:11,3402589,201273470;201273476
NORAD25544,ISS (ZARYA),25544,25544|2022-04-17T20:32:31.860+00:00,2022-04-17T20:32:31.860384+00:00,2,2,earliest_published,same_epoch_revision,201471596,2022-04-17T22:46:11,3405749,201471596;201473818
NORAD25544,ISS (ZARYA),25544,25544|2022-04-26T08:19:23.989+00:00,2022-04-26T08:19:23.989152+00:00,2,2,earliest_published,same_epoch_revision,202042758,2022-04-26T09:36:11,3416602,202042758;202042764
NORAD25544,ISS (ZARYA),25544,25544|2022-05-10T20:18:45.000+00:00,2022-05-10T20:18:45.000288+00:00,2,2,earliest_published,same_epoch_revision,203194060,2022-05-10T21:56:11,3439182,203194060;203205298
NORAD25544,ISS (ZARYA),25544,25544|2022-05-15T19:32:37.999+00:00,2022-05-15T19:32:37.999680+00:00,2,2,earliest_published,same_epoch_revision,203617660,2022-05-15T19:56:12,3447101,203617660;203627822
NORAD25544,ISS (ZARYA),25544,25544|2022-05-18T08:33:45.100+00:00,2022-05-18T08:33:45.100800+00:00,2,2,earliest_published,same_epoch_revision,203836949,2022-05-18T08:56:11,3451289,203836949;203836953
NORAD25544,ISS (ZARYA),25544,25544|2022-06-07T03:36:55.207+00:00,2022-06-07T03:36:55.207872+00:00,2,2,earliest_published,same_epoch_revision,205529699,2022-06-07T05:26:11,3484367,205529699;205536290
NORAD25544,ISS (ZARYA),25544,25544|2022-06-24T19:25:38.265+00:00,2022-06-24T19:25:38.265024+00:00,2,2,earliest_published,same_epoch_revision,206764463,2022-06-24T23:06:20,3501728,206764463;206765918
NORAD25544,ISS (ZARYA),25544,25544|2022-06-25T20:22:29.776+00:00,2022-06-25T20:22:29.776800+00:00,2,2,earliest_published,same_epoch_revision,206828260,2022-06-25T21:36:12,3502322,206828260;206833353
NORAD25544,ISS (ZARYA),25544,25544|2022-06-27T17:02:20.577+00:00,2022-06-27T17:02:20.577696+00:00,2,2,earliest_published,same_epoch_revision,206965300,2022-06-27T19:06:12,3503905,206965300;206965308
NORAD25544,ISS (ZARYA),25544,25544|2022-06-28T13:38:52.000+00:00,2022-06-28T13:38:52.000224+00:00,2,2,earliest_published,same_epoch_revision,207002641,2022-06-28T14:26:12,3504527,207002641;207009012
NORAD25544,ISS (ZARYA),25544,25544|2022-07-13T12:21:06.858+00:00,2022-07-13T12:21:06.858144+00:00,2,2,earliest_published,same_epoch_revision,208007169,2022-07-13T13:56:10,3512651,208007169;208007170
NORAD25544,ISS (ZARYA),25544,25544|2022-07-15T12:14:42.323+00:00,2022-07-15T12:14:42.323712+00:00,2,2,earliest_published,same_epoch_revision,208144359,2022-07-15T13:36:12,3514255,208144359;208147900
NORAD25544,ISS (ZARYA),25544,25544|2022-07-19T09:16:43.533+00:00,2022-07-19T09:16:43.533408+00:00,2,2,earliest_published,same_epoch_revision,208416012,2022-07-19T09:46:11,3517437,208416012;208416015
NORAD25544,ISS (ZARYA),25544,25544|2022-08-02T07:24:41.482+00:00,2022-08-02T07:24:41.482080+00:00,2,2,earliest_published,same_epoch_revision,209399508,2022-08-02T11:26:12,3527443,209399508;209399510
NORAD25544,ISS (ZARYA),25544,25544|2022-08-08T13:13:46.032+00:00,2022-08-08T13:13:46.032672+00:00,2,2,earliest_published,same_epoch_revision,209803046,2022-08-08T13:36:11,3531826,209803046;209803047
NORAD25544,ISS (ZARYA),25544,25544|2022-08-10T13:00:55.369+00:00,2022-08-10T13:00:55.369728+00:00,2,2,earliest_published,same_epoch_revision,209938576,2022-08-10T13:56:12,3533454,209938574;209938576
NORAD25544,ISS (ZARYA),25544,25544|2022-08-12T01:01:14.657+00:00,2022-08-12T01:01:14.657664+00:00,2,2,earliest_published,same_epoch_revision,210042528,2022-08-12T02:26:11,3534804,210042528;210042539
NORAD25544,ISS (ZARYA),25544,25544|2022-08-20T20:48:53.196+00:00,2022-08-20T20:48:53.196768+00:00,3,2,earliest_published,same_epoch_revision,210590262,2022-08-20T21:46:12,3541434,210590262;210623526;210623537
NORAD25544,ISS (ZARYA),25544,25544|2022-08-21T20:18:15.376+00:00,2022-08-21T20:18:15.376320+00:00,2,2,earliest_published,same_epoch_revision,210661054,2022-08-21T22:16:11,3542326,210661054;210695075
NORAD25544,ISS (ZARYA),25544,25544|2022-10-04T12:55:57.605+00:00,2022-10-04T12:55:57.605088+00:00,2,2,earliest_published,same_epoch_revision,214128737,2022-10-04T13:36:12,3590890,214128737;214128738
NORAD25544,ISS (ZARYA),25544,25544|2022-10-18T12:54:40.497+00:00,2022-10-18T12:54:40.497408+00:00,3,2,earliest_published,same_epoch_revision,215466571,2022-10-18T13:36:11,3621055,215466571;215474085;215474498
NORAD25544,ISS (ZARYA),25544,25544|2022-10-18T17:37:54.365+00:00,2022-10-18T17:37:54.365664+00:00,3,2,earliest_published,same_epoch_revision,215474621,2022-10-18T18:46:16,3621451,215474621;215500832;215500834
NORAD25544,ISS (ZARYA),25544,25544|2022-10-27T18:20:51.816+00:00,2022-10-27T18:20:51.816768+00:00,2,2,earliest_published,same_epoch_revision,216308195,2022-10-27T20:06:11,3635761,216308195;216310019
NORAD25544,ISS (ZARYA),25544,25544|2022-11-17T05:06:49.000+00:00,2022-11-17T05:06:49.000032+00:00,2,2,earliest_published,same_epoch_revision,218019009,2022-11-17T05:56:12,3660707,218019009;218020425
NORAD25544,ISS (ZARYA),25544,25544|2022-11-24T08:42:55.129+00:00,2022-11-24T08:42:55.129248+00:00,2,2,earliest_published,same_epoch_revision,218636867,2022-11-24T10:16:13,3668741,218636867;218637783
NORAD25544,ISS (ZARYA),25544,25544|2022-12-06T12:54:37.013+00:00,2022-12-06T12:54:37.013760+00:00,4,2,earliest_published,same_epoch_revision,219636614,2022-12-06T14:06:13,3682765,219636614;219641904;219642831;219643001
NORAD25544,ISS (ZARYA),25544,25544|2022-12-08T08:37:59.879+00:00,2022-12-08T08:37:59.879712+00:00,2,2,earliest_published,same_epoch_revision,219752604,2022-12-08T09:56:12,3684545,219752604;219752678
NORAD25544,ISS (ZARYA),25544,25544|2022-12-11T21:36:01.437+00:00,2022-12-11T21:36:01.437696+00:00,2,2,earliest_published,same_epoch_revision,220058101,2022-12-11T22:36:13,3691306,220058101;220060363
NORAD25544,ISS (ZARYA),25544,25544|2022-12-11T23:11:32.186+00:00,2022-12-11T23:11:32.186400+00:00,2,2,earliest_published,same_epoch_revision,220101622,2022-12-12T03:16:12,3691994,220101622;220102012
NORAD25544,ISS (ZARYA),25544,25544|2022-12-22T22:01:54.253+00:00,2022-12-22T22:01:54.253056+00:00,2,2,earliest_published,same_epoch_revision,221208057,2022-12-22T23:16:13,3719427,221208057;221209865
NORAD25544,ISS (ZARYA),25544,25544|2023-01-19T06:19:14.916+00:00,2023-01-19T06:19:14.916576+00:00,2,2,earliest_published,same_epoch_revision,223465592,2023-01-19T07:56:12,3754548,223465592;223466270
NORAD25544,ISS (ZARYA),25544,25544|2023-01-22T15:58:02.891+00:00,2023-01-22T15:58:02.891136+00:00,2,2,earliest_published,same_epoch_revision,223595032,2023-01-22T17:46:13,3757941,223595030;223595032
NORAD25544,ISS (ZARYA),25544,25544|2023-01-25T06:18:44.944+00:00,2023-01-25T06:18:44.944416+00:00,2,2,earliest_published,same_epoch_revision,223645441,2023-01-25T06:56:11,3760368,223645441;223654933
NORAD25544,ISS (ZARYA),25544,25544|2023-01-26T00:58:05.999+00:00,2023-01-26T00:58:05.999808+00:00,2,2,earliest_published,same_epoch_revision,223694416,2023-01-26T02:26:12,3761358,223694416;223694417
NORAD25544,ISS (ZARYA),25544,25544|2023-01-27T13:16:47.000+00:00,2023-01-27T13:16:47.000064+00:00,2,2,earliest_published,same_epoch_revision,223776715,2023-01-27T13:36:11,3762671,223776715;223776791
NORAD25544,ISS (ZARYA),25544,25544|2023-02-19T21:49:11.156+00:00,2023-02-19T21:49:11.156160+00:00,2,2,earliest_published,same_epoch_revision,226053480,2023-02-19T22:36:13,3811781,226053480;226070268
NORAD25544,ISS (ZARYA),25544,25544|2023-03-15T17:24:35.132+00:00,2023-03-15T17:24:35.132832+00:00,2,2,earliest_published,same_epoch_revision,228126319,2023-03-15T19:26:11,3861335,228126319;228126325
NORAD25544,ISS (ZARYA),25544,25544|2023-03-23T09:31:55.906+00:00,2023-03-23T09:31:55.906176+00:00,2,2,earliest_published,same_epoch_revision,228676709,2023-03-23T12:46:12,3868229,228676709;228676712
NORAD25544,ISS (ZARYA),25544,25544|2023-03-31T06:21:33.280+00:00,2023-03-31T06:21:33.280992+00:00,2,2,earliest_published,same_epoch_revision,229195226,2023-03-31T09:46:12,3876053,229195226;229195244
NORAD25544,ISS (ZARYA),25544,25544|2023-04-04T01:40:51.810+00:00,2023-04-04T01:40:51.810240+00:00,2,2,earliest_published,same_epoch_revision,229401359,2023-04-04T02:56:11,3879316,229401358;229401359
NORAD25544,ISS (ZARYA),25544,25544|2023-04-07T02:23:54.022+00:00,2023-04-07T02:23:54.022848+00:00,2,2,earliest_published,same_epoch_revision,229647698,2023-04-07T03:26:13,3882050,229647698;229647704
NORAD25544,ISS (ZARYA),25544,25544|2023-05-03T08:07:32.773+00:00,2023-05-03T08:07:32.773728+00:00,2,2,earliest_published,same_epoch_revision,231134662,2023-05-03T09:36:12,3899562,231134662;231134663
NORAD25544,ISS (ZARYA),25544,25544|2023-05-03T15:56:31.604+00:00,2023-05-03T15:56:31.604352+00:00,2,2,earliest_published,same_epoch_revision,231143073,2023-05-03T16:26:13,3899934,231143073;231170247
NORAD25544,ISS (ZARYA),25544,25544|2023-05-11T14:17:29.235+00:00,2023-05-11T14:17:29.235264+00:00,2,2,earliest_published,same_epoch_revision,231575080,2023-05-11T15:26:13,3905023,231575080;231608744
NORAD25544,ISS (ZARYA),25544,25544|2023-05-21T09:28:06.678+00:00,2023-05-21T09:28:06.678336+00:00,2,2,earliest_published,same_epoch_revision,232220678,2023-05-21T10:36:12,3913479,232220678;232226184
NORAD25544,ISS (ZARYA),25544,25544|2023-05-22T08:38:20.176+00:00,2023-05-22T08:38:20.176800+00:00,2,2,earliest_published,same_epoch_revision,232295761,2023-05-22T09:46:11,3914411,232295761;232295769
NORAD25544,ISS (ZARYA),25544,25544|2023-05-24T08:38:17.654+00:00,2023-05-24T08:38:17.654784+00:00,2,2,earliest_published,same_epoch_revision,232416081,2023-05-24T10:16:14,3916071,232416081;232416089
NORAD25544,ISS (ZARYA),25544,25544|2023-06-21T20:21:35.650+00:00,2023-06-21T20:21:35.650656+00:00,2,2,earliest_published,same_epoch_revision,234438997,2023-06-21T21:26:11,3939142,234438997;234444454
NORAD25544,ISS (ZARYA),25544,25544|2023-06-23T12:00:05.279+00:00,2023-06-23T12:00:05.279040+00:00,4,3,earliest_published,same_epoch_revision,234503918,2023-06-23T14:46:13,3940744,234503918;234505022;234505333;234505426
NORAD25544,ISS (ZARYA),25544,25544|2023-06-23T20:20:42.156+00:00,2023-06-23T20:20:42.156960+00:00,2,2,earliest_published,same_epoch_revision,234505427,2023-06-23T21:46:12,3940824,234505427;234512233
NORAD25544,ISS (ZARYA),25544,25544|2023-06-24T19:31:40.471+00:00,2023-06-24T19:31:40.471968+00:00,2,2,earliest_published,same_epoch_revision,234526584,2023-06-24T21:16:13,3941689,234526584;234532848
NORAD25544,ISS (ZARYA),25544,25544|2023-07-01T20:01:08.080+00:00,2023-07-01T20:01:08.080320+00:00,2,2,earliest_published,same_epoch_revision,234654071,2023-07-01T21:06:12,3946921,234654071;234654072
NORAD25544,ISS (ZARYA),25544,25544|2023-07-21T09:02:12.279+00:00,2023-07-21T09:02:12.279264+00:00,2,2,earliest_published,same_epoch_revision,235036339,2023-07-21T11:06:14,3963259,235036339;235036342
NORAD25544,ISS (ZARYA),25544,25544|2023-07-31T04:14:38.908+00:00,2023-07-31T04:14:38.908608+00:00,2,2,earliest_published,same_epoch_revision,235357037,2023-07-31T05:46:13,3967502,235357037;235363883
NORAD25544,ISS (ZARYA),25544,25544|2023-08-01T12:23:58.163+00:00,2023-08-01T12:23:58.163424+00:00,2,2,earliest_published,same_epoch_revision,235385348,2023-08-01T12:46:12,3968695,235385348;235386015
NORAD25544,ISS (ZARYA),25544,25544|2023-08-09T01:46:36.324+00:00,2023-08-09T01:46:36.324192+00:00,3,3,earliest_published,same_epoch_revision,235543767,2023-08-09T05:16:17,3975371,235543767;235543769;235546020
NORAD25544,ISS (ZARYA),25544,25544|2023-08-09T10:46:12.597+00:00,2023-08-09T10:46:12.597888+00:00,2,2,earliest_published,same_epoch_revision,235550912,2023-08-09T11:46:19,3975671,235550912;235550915
NORAD25544,ISS (ZARYA),25544,25544|2023-08-10T01:02:11.330+00:00,2023-08-10T01:02:11.330016+00:00,2,2,earliest_published,same_epoch_revision,235564588,2023-08-10T03:56:17,3976279,235564588;235571073
NORAD25544,ISS (ZARYA),25544,25544|2023-08-11T12:22:43.748+00:00,2023-08-11T12:22:43.748832+00:00,2,2,earliest_published,same_epoch_revision,235592634,2023-08-11T13:16:12,3977489,235592634;235592635
NORAD25544,ISS (ZARYA),25544,25544|2023-08-15T18:09:01.683+00:00,2023-08-15T18:09:01.683936+00:00,2,2,earliest_published,same_epoch_revision,235678540,2023-08-15T19:16:16,3981042,235678540;235678541
NORAD25544,ISS (ZARYA),25544,25544|2023-08-20T13:05:33.107+00:00,2023-08-20T13:05:33.107712+00:00,2,2,earliest_published,same_epoch_revision,235775641,2023-08-20T14:46:13,3985364,235775246;235775641
NORAD25544,ISS (ZARYA),25544,25544|2023-08-21T20:04:54.319+00:00,2023-08-21T20:04:54.319584+00:00,2,2,earliest_published,same_epoch_revision,235800097,2023-08-21T21:36:12,3986354,235800097;235806101
NORAD25544,ISS (ZARYA),25544,25544|2023-08-26T19:26:40.716+00:00,2023-08-26T19:26:40.716672+00:00,2,2,earliest_published,same_epoch_revision,235986508,2023-08-26T20:26:14,3989611,235986508;235992862
NORAD25544,ISS (ZARYA),25544,25544|2023-09-09T06:38:42.439+00:00,2023-09-09T06:38:42.439776+00:00,2,2,earliest_published,same_epoch_revision,236820300,2023-09-09T07:26:16,4001465,236820300;236820302
NORAD25544,ISS (ZARYA),25544,25544|2023-09-11T13:01:10.212+00:00,2023-09-11T13:01:10.212384+00:00,2,2,earliest_published,same_epoch_revision,236924964,2023-09-11T15:46:16,4003526,236924964;236952924
NORAD25544,ISS (ZARYA),25544,25544|2023-09-12T09:07:39.652+00:00,2023-09-12T09:07:39.652320+00:00,2,2,earliest_published,same_epoch_revision,236966503,2023-09-12T10:16:15,4004136,236966503;236966505
NORAD25544,ISS (ZARYA),25544,25544|2023-09-12T19:21:03.766+00:00,2023-09-12T19:21:03.766176+00:00,2,2,earliest_published,same_epoch_revision,237001258,2023-09-12T21:56:15,4004452,237001258;237001259
NORAD25544,ISS (ZARYA),25544,25544|2023-10-02T14:58:12.348+00:00,2023-10-02T14:58:12.348192+00:00,2,2,earliest_published,same_epoch_revision,238266196,2023-10-02T17:56:18,4022769,238266196;238266226
NORAD25544,ISS (ZARYA),25544,25544|2023-10-10T01:05:20.558+00:00,2023-10-10T01:05:20.558976+00:00,2,2,earliest_published,same_epoch_revision,238841886,2023-10-10T03:56:16,4029505,238841886;238841887
NORAD25544,ISS (ZARYA),25544,25544|2023-10-29T17:03:44.411+00:00,2023-10-29T17:03:44.411616+00:00,3,3,earliest_published,same_epoch_revision,240521553,2023-10-29T18:36:21,4059415,240521553;240549636;240563244
NORAD25544,ISS (ZARYA),25544,25544|2023-11-04T15:18:36.171+00:00,2023-11-04T15:18:36.171360+00:00,2,2,earliest_published,same_epoch_revision,241082271,2023-11-04T18:56:29,4070268,241082271;241110359
NORAD25544,ISS (ZARYA),25544,25544|2023-11-05T13:09:19.468+00:00,2023-11-05T13:09:19.468800+00:00,2,2,earliest_published,same_epoch_revision,241167742,2023-11-05T13:36:15,4071498,241167742;241182936
NORAD25544,ISS (ZARYA),25544,25544|2023-11-07T13:09:53.863+00:00,2023-11-07T13:09:53.863776+00:00,2,2,earliest_published,same_epoch_revision,241385028,2023-11-07T14:36:17,4075934,241385028;241397255
NORAD25544,ISS (ZARYA),25544,25544|2023-11-11T20:24:09.254+00:00,2023-11-11T20:24:09.254304+00:00,2,2,earliest_published,same_epoch_revision,241795535,2023-11-11T21:06:22,4083851,241795535;241801839
NORAD25544,ISS (ZARYA),25544,25544|2023-11-12T12:14:56.567+00:00,2023-11-12T12:14:56.567616+00:00,2,2,earliest_published,same_epoch_revision,241851590,2023-11-12T14:06:15,4085031,241851590;241862843
NORAD25544,ISS (ZARYA),25544,25544|2023-11-13T11:26:25.088+00:00,2023-11-13T11:26:25.088928+00:00,2,2,earliest_published,same_epoch_revision,241955541,2023-11-13T14:36:16,4087074,241955541;241964229
NORAD25544,ISS (ZARYA),25544,25544|2023-11-16T12:02:29.178+00:00,2023-11-16T12:02:29.178240+00:00,2,2,earliest_published,same_epoch_revision,242235285,2023-11-16T13:26:15,4091802,242235285;242246129
NORAD25544,ISS (ZARYA),25544,25544|2023-11-17T09:52:19.796+00:00,2023-11-17T09:52:19.796736+00:00,2,2,earliest_published,same_epoch_revision,242327878,2023-11-17T10:46:15,4093322,242327878;242341596
NORAD25544,ISS (ZARYA),25544,25544|2023-11-19T09:53:23.667+00:00,2023-11-19T09:53:23.667072+00:00,2,2,earliest_published,same_epoch_revision,242513635,2023-11-19T13:46:16,4096398,242513635;242522542
NORAD25544,ISS (ZARYA),25544,25544|2023-11-20T09:06:15.012+00:00,2023-11-20T09:06:15.012288+00:00,2,2,earliest_published,same_epoch_revision,242606430,2023-11-20T12:06:15,4097919,242606430;242617866
NORAD25544,ISS (ZARYA),25544,25544|2023-11-22T09:05:47.983+00:00,2023-11-22T09:05:47.983776+00:00,3,2,earliest_published,same_epoch_revision,242796514,2023-11-22T10:16:15,4101212,242796514;242796516;242810610
NORAD25544,ISS (ZARYA),25544,25544|2023-11-28T05:56:01.932+00:00,2023-11-28T05:56:01.932576+00:00,3,3,earliest_published,same_epoch_revision,243359749,2023-11-28T07:36:16,4110827,243359749;243359757;243364860
NORAD25544,ISS (ZARYA),25544,25544|2023-12-04T01:17:59.684+00:00,2023-12-04T01:17:59.684928+00:00,2,2,earliest_published,same_epoch_revision,243793089,2023-12-04T02:06:18,4121013,243793089;243793091
NORAD25544,ISS (ZARYA),25544,25544|2023-12-13T23:24:40.456+00:00,2023-12-13T23:24:40.456800+00:00,2,2,earliest_published,same_epoch_revision,244667218,2023-12-14T01:26:15,4135684,244667218;244667220
NORAD25544,ISS (ZARYA),25544,25544|2023-12-19T20:00:12.785+00:00,2023-12-19T20:00:12.785184+00:00,2,2,earliest_published,same_epoch_revision,245115895,2023-12-20T01:56:16,4140465,245115895;245115898
NORAD25544,ISS (ZARYA),25544,25544|2023-12-22T19:10:09.026+00:00,2023-12-22T19:10:09.026976+00:00,2,2,earliest_published,same_epoch_revision,245304641,2023-12-22T20:46:15,4142529,245304641;245338820
NORAD25544,ISS (ZARYA),25544,25544|2023-12-29T16:45:34.274+00:00,2023-12-29T16:45:34.274304+00:00,2,2,earliest_published,same_epoch_revision,245831611,2023-12-29T17:36:19,4148461,245831611;245843305
NORAD25544,ISS (ZARYA),25544,25544|2024-01-02T15:08:42.858+00:00,2024-01-02T15:08:42.858240+00:00,2,2,earliest_published,same_epoch_revision,246111069,2024-01-02T20:16:17,4151739,246111069;246113176
NORAD25544,ISS (ZARYA),25544,25544|2024-01-03T14:21:08.866+00:00,2024-01-03T14:21:08.866656+00:00,2,2,earliest_published,same_epoch_revision,246158785,2024-01-03T17:36:23,4152558,246158785;246192936
NORAD25544,ISS (ZARYA),25544,25544|2024-01-05T17:27:08.280+00:00,2024-01-05T17:27:08.280288+00:00,2,2,earliest_published,same_epoch_revision,246310780,2024-01-05T20:26:16,4154252,246310780;246344792
NORAD25544,ISS (ZARYA),25544,25544|2024-01-07T12:44:03.419+00:00,2024-01-07T12:44:03.419232+00:00,3,3,earliest_published,same_epoch_revision,246455592,2024-01-07T14:06:15,4155615,246455592;246461969;246496956
NORAD25544,ISS (ZARYA),25544,25544|2024-01-08T13:32:15.260+00:00,2024-01-08T13:32:15.260928+00:00,3,3,earliest_published,same_epoch_revision,246531219,2024-01-08T14:06:15,4156421,246531219;246565339;246566705
NORAD25544,ISS (ZARYA),25544,25544|2024-01-15T11:16:22.236+00:00,2024-01-15T11:16:22.236384+00:00,2,2,earliest_published,same_epoch_revision,247013236,2024-01-15T14:26:17,4162500,247013236;247019186
NORAD25544,ISS (ZARYA),25544,25544|2024-01-17T09:40:29.154+00:00,2024-01-17T09:40:29.154144+00:00,2,2,earliest_published,same_epoch_revision,247166235,2024-01-17T14:16:16,4164200,247166235;247171405
NORAD25544,ISS (ZARYA),25544,25544|2024-01-18T10:29:15.091+00:00,2024-01-18T10:29:15.091872+00:00,2,2,earliest_published,same_epoch_revision,247241982,2024-01-18T14:16:16,4165028,247241982;247276570
NORAD25544,ISS (ZARYA),25544,25544|2024-01-21T08:05:15.205+00:00,2024-01-21T08:05:15.205920+00:00,2,2,earliest_published,same_epoch_revision,247471333,2024-01-21T09:56:15,4167577,247471333;247473785
NORAD25544,ISS (ZARYA),25544,25544|2024-01-22T08:53:32.131+00:00,2024-01-22T08:53:32.131392+00:00,2,2,earliest_published,same_epoch_revision,247548346,2024-01-22T09:46:15,4168430,247548346;247551087
NORAD25544,ISS (ZARYA),25544,25544|2024-01-23T08:06:03.437+00:00,2024-01-23T08:06:03.437856+00:00,2,2,earliest_published,same_epoch_revision,247624034,2024-01-23T10:36:19,4169250,247624034;247629094
NORAD25544,ISS (ZARYA),25544,25544|2024-01-24T07:18:52.561+00:00,2024-01-24T07:18:52.561728+00:00,2,2,earliest_published,same_epoch_revision,247698455,2024-01-24T09:36:15,4170023,247698455;247704657
NORAD25544,ISS (ZARYA),25544,25544|2024-01-27T04:44:11.715+00:00,2024-01-27T04:44:11.715648+00:00,2,2,earliest_published,same_epoch_revision,247888405,2024-01-27T06:16:18,4172147,247888405;247889391
NORAD25544,ISS (ZARYA),25544,25544|2024-01-31T04:55:11.702+00:00,2024-01-31T04:55:11.702784+00:00,2,2,earliest_published,same_epoch_revision,248165658,2024-01-31T06:16:17,4175489,248165658;248171334
NORAD25544,ISS (ZARYA),25544,25544|2024-02-03T05:30:16.079+00:00,2024-02-03T05:30:16.079328+00:00,2,2,earliest_published,same_epoch_revision,248398054,2024-02-03T08:56:14,4178233,248398054;248398072
NORAD25544,ISS (ZARYA),25544,25544|2024-02-05T05:41:46.132+00:00,2024-02-05T05:41:46.132800+00:00,2,2,earliest_published,same_epoch_revision,248544345,2024-02-05T06:16:14,4179713,248544345;248551208
NORAD25544,ISS (ZARYA),25544,25544|2024-02-06T04:56:51.823+00:00,2024-02-06T04:56:51.823104+00:00,2,2,earliest_published,same_epoch_revision,248622473,2024-02-06T06:26:16,4180618,248622473;248628491
NORAD25544,ISS (ZARYA),25544,25544|2024-02-09T00:57:09.038+00:00,2024-02-09T00:57:09.038880+00:00,2,2,earliest_published,same_epoch_revision,248824728,2024-02-09T01:46:15,4183230,248824728;248860074
NORAD25544,ISS (ZARYA),25544,25544|2024-02-10T00:09:12.319+00:00,2024-02-10T00:09:12.319776+00:00,2,2,earliest_published,same_epoch_revision,248901986,2024-02-10T02:56:17,4184125,248901986;248909637
NORAD25544,ISS (ZARYA),25544,25544|2024-02-10T21:51:30.491+00:00,2024-02-10T21:51:30.491712+00:00,2,2,earliest_published,same_epoch_revision,248945916,2024-02-10T22:26:15,4184809,248945916;248951728
NORAD25544,ISS (ZARYA),25544,25544|2024-02-11T00:57:45.548+00:00,2024-02-11T00:57:45.548064+00:00,2,2,earliest_published,same_epoch_revision,248951764,2024-02-11T01:46:14,4185012,248951764;248986446
NORAD25544,ISS (ZARYA),25544,25544|2024-02-12T00:09:51.408+00:00,2024-02-12T00:09:51.408864+00:00,2,2,earliest_published,same_epoch_revision,249028602,2024-02-12T01:16:14,4185868,249028602;249063785
NORAD25544,ISS (ZARYA),25544,25544|2024-02-16T05:56:50.180+00:00,2024-02-16T05:56:50.180928+00:00,2,2,earliest_published,same_epoch_revision,249380717,2024-02-16T07:16:16,4190016,249380717;249380893
NORAD25544,ISS (ZARYA),25544,25544|2024-02-21T19:19:46.236+00:00,2024-02-21T19:19:46.236864+00:00,2,2,earliest_published,same_epoch_revision,249812128,2024-02-21T22:46:16,4195064,249812128;249813529
NORAD25544,ISS (ZARYA),25544,25544|2024-02-26T18:32:07.448+00:00,2024-02-26T18:32:07.448352+00:00,2,2,earliest_published,same_epoch_revision,250166018,2024-02-26T20:26:15,4199242,250166018;250201337
NORAD25544,ISS (ZARYA),25544,25544|2024-02-29T22:30:08.593+00:00,2024-02-29T22:30:08.593344+00:00,2,2,earliest_published,same_epoch_revision,250434983,2024-02-29T23:36:15,4202245,250434983;250463030
NORAD25544,ISS (ZARYA),25544,25544|2024-03-01T16:57:34.903+00:00,2024-03-01T16:57:34.903008+00:00,2,2,earliest_published,same_epoch_revision,250503523,2024-03-01T19:36:14,4202820,250503523;250507813
NORAD25544,ISS (ZARYA),25544,25544|2024-03-02T16:10:11.511+00:00,2024-03-02T16:10:11.511840+00:00,2,2,earliest_published,same_epoch_revision,250567115,2024-03-02T17:16:14,4204352,250567115;250608948
NORAD25544,ISS (ZARYA),25544,25544|2024-03-04T16:10:12.789+00:00,2024-03-04T16:10:12.789696+00:00,2,2,earliest_published,same_epoch_revision,250768982,2024-03-04T17:46:14,4208010,250768982;250811859
NORAD25544,ISS (ZARYA),25544,25544|2024-03-07T09:04:10.816+00:00,2024-03-07T09:04:10.816608+00:00,2,2,earliest_published,same_epoch_revision,250993125,2024-03-07T10:36:26,4212692,250993125;250993126
NORAD25544,ISS (ZARYA),25544,25544|2024-03-10T12:59:38.385+00:00,2024-03-10T12:59:38.385600+00:00,2,2,earliest_published,same_epoch_revision,251279614,2024-03-10T13:16:15,4217610,251279614;251324101
NORAD25544,ISS (ZARYA),25544,25544|2024-03-15T11:57:16.252+00:00,2024-03-15T11:57:16.252992+00:00,2,2,earliest_published,same_epoch_revision,251714564,2024-03-15T13:16:14,4226245,251714564;251727940
NORAD25544,ISS (ZARYA),25544,25544|2024-03-16T11:23:51.889+00:00,2024-03-16T11:23:51.889632+00:00,2,2,earliest_published,same_epoch_revision,251781821,2024-03-16T13:06:14,4227905,251781821;251824569
NORAD25544,ISS (ZARYA),25544,25544|2024-03-17T10:36:39.376+00:00,2024-03-17T10:36:39.376224+00:00,2,2,earliest_published,same_epoch_revision,251878441,2024-03-17T13:16:15,4229563,251878441;251920911
NORAD25544,ISS (ZARYA),25544,25544|2024-03-18T09:48:59.624+00:00,2024-03-18T09:48:59.624352+00:00,2,2,earliest_published,same_epoch_revision,252031406,2024-03-18T13:16:15,4231212,252031406;252071528
NORAD25544,ISS (ZARYA),25544,25544|2024-03-21T09:03:15.548+00:00,2024-03-21T09:03:15.548256+00:00,2,2,earliest_published,same_epoch_revision,252289495,2024-03-21T11:26:15,4236077,252289495;252289545
NORAD25544,ISS (ZARYA),25544,25544|2024-03-21T21:03:29.794+00:00,2024-03-21T21:03:29.794752+00:00,2,2,earliest_published,same_epoch_revision,252332690,2024-03-21T21:46:17,4236770,252332689;252332690
NORAD25544,ISS (ZARYA),25544,25544|2024-03-22T09:38:06.370+00:00,2024-03-22T09:38:06.370368+00:00,2,2,earliest_published,same_epoch_revision,252389174,2024-03-22T11:46:16,4237958,252389174;252389189
NORAD25544,ISS (ZARYA),25544,25544|2024-03-24T09:38:32.153+00:00,2024-03-24T09:38:32.153856+00:00,2,2,earliest_published,same_epoch_revision,252563725,2024-03-24T10:06:28,4241669,252563725;252563727
NORAD25544,ISS (ZARYA),25544,25544|2024-03-29T05:53:54.864+00:00,2024-03-29T05:53:54.864960+00:00,2,2,earliest_published,same_epoch_revision,253010904,2024-03-29T08:56:16,4249827,253010904;253011396
NORAD25544,ISS (ZARYA),25544,25544|2024-04-02T09:02:22.266+00:00,2024-04-02T09:02:22.266240+00:00,2,2,earliest_published,same_epoch_revision,253424971,2024-04-02T10:26:21,4258825,253424971;253424982
NORAD25544,ISS (ZARYA),25544,25544|2024-04-12T01:03:20.369+00:00,2024-04-12T01:03:20.369664+00:00,2,2,earliest_published,same_epoch_revision,254391401,2024-04-12T03:26:14,4275620,254391401;254391405
NORAD25544,ISS (ZARYA),25544,25544|2024-04-13T23:28:23.939+00:00,2024-04-13T23:28:23.939040+00:00,2,2,earliest_published,same_epoch_revision,254555914,2024-04-14T02:06:23,4278980,254555914;254612393
NORAD25544,ISS (ZARYA),25544,25544|2024-04-18T21:00:59.982+00:00,2024-04-18T21:00:59.982336+00:00,2,2,earliest_published,same_epoch_revision,255043542,2024-04-18T21:16:17,4287607,255043542;255056340
NORAD25544,ISS (ZARYA),25544,25544|2024-04-20T21:00:13.404+00:00,2024-04-20T21:00:13.404096+00:00,2,2,earliest_published,same_epoch_revision,255293822,2024-04-21T02:16:15,4292118,255293822;255293832
NORAD25544,ISS (ZARYA),25544,25544|2024-04-27T16:44:53.509+00:00,2024-04-27T16:44:53.509056+00:00,2,2,earliest_published,same_epoch_revision,255887757,2024-04-27T17:46:15,4300409,255887757;255895845
NORAD25544,ISS (ZARYA),25544,25544|2024-04-30T17:38:41.385+00:00,2024-04-30T17:38:41.385408+00:00,2,2,earliest_published,same_epoch_revision,256155298,2024-04-30T20:36:16,4303300,256155298;256155302
NORAD25544,ISS (ZARYA),25544,25544|2024-05-10T12:40:32.630+00:00,2024-05-10T12:40:32.630880+00:00,2,2,earliest_published,same_epoch_revision,256853585,2024-05-10T13:26:15,4312410,256853585;256882363
NORAD25544,ISS (ZARYA),25544,25544|2024-05-18T09:17:06.775+00:00,2024-05-18T09:17:06.775872+00:00,2,2,earliest_published,same_epoch_revision,257506022,2024-05-18T10:06:16,4320734,257506022;257506029
NORAD25544,ISS (ZARYA),25544,25544|2024-05-20T09:14:15.062+00:00,2024-05-20T09:14:15.062784+00:00,2,2,earliest_published,same_epoch_revision,257631236,2024-05-20T09:56:28,4322378,257631236;257631242
NORAD25544,ISS (ZARYA),25544,25544|2024-05-21T08:24:02.699+00:00,2024-05-21T08:24:02.699136+00:00,2,2,earliest_published,same_epoch_revision,257681203,2024-05-21T09:46:21,4323281,257681203;257681211
NORAD25544,ISS (ZARYA),25544,25544|2024-05-23T08:20:49.756+00:00,2024-05-23T08:20:49.756704+00:00,2,2,earliest_published,same_epoch_revision,257835765,2024-05-23T11:26:15,4325050,257835765;257835767
NORAD25544,ISS (ZARYA),25544,25544|2024-05-26T07:28:58.079+00:00,2024-05-26T07:28:58.079712+00:00,2,2,earliest_published,same_epoch_revision,258073156,2024-05-26T09:46:15,4327812,258073156;258074960
NORAD25544,ISS (ZARYA),25544,25544|2024-05-27T05:12:14.992+00:00,2024-05-27T05:12:14.992416+00:00,2,2,earliest_published,same_epoch_revision,258144810,2024-05-27T05:46:16,4328415,258144810;258152031
NORAD25544,ISS (ZARYA),25544,25544|2024-05-31T05:01:27.949+00:00,2024-05-31T05:01:27.949728+00:00,2,2,earliest_published,same_epoch_revision,258454645,2024-05-31T05:56:15,4331917,258454645;258459326
NORAD25544,ISS (ZARYA),25544,25544|2024-06-05T02:32:19.221+00:00,2024-06-05T02:32:19.221792+00:00,3,3,earliest_published,same_epoch_revision,258821897,2024-06-05T04:46:15,4336542,258821897;258821898;258830482
NORAD25544,ISS (ZARYA),25544,25544|2024-06-17T23:47:33.078+00:00,2024-06-17T23:47:33.078912+00:00,2,2,earliest_published,same_epoch_revision,259698031,2024-06-18T01:36:14,4344468,259698031;259726610
NORAD25544,ISS (ZARYA),25544,25544|2024-06-18T19:52:29.447+00:00,2024-06-18T19:52:29.447040+00:00,3,2,earliest_published,same_epoch_revision,259771668,2024-06-18T21:16:15,4345156,259771668;259777854;259806437
NORAD25544,ISS (ZARYA),25544,25544|2024-06-21T19:05:03.531+00:00,2024-06-21T19:05:03.531264+00:00,2,2,earliest_published,same_epoch_revision,260005198,2024-06-21T21:26:14,4347780,260005198;260038559
NORAD25544,ISS (ZARYA),25544,25544|2024-06-25T17:29:41.730+00:00,2024-06-25T17:29:41.730144+00:00,2,2,earliest_published,same_epoch_revision,260340253,2024-06-25T21:16:22,4351131,260340253;260346046
NORAD25544,ISS (ZARYA),25544,25544|2024-06-26T18:27:03.501+00:00,2024-06-26T18:27:03.501792+00:00,2,2,earliest_published,same_epoch_revision,260415554,2024-06-26T20:16:55,4351885,260415554;260419183
NORAD25544,ISS (ZARYA),25544,25544|2024-06-29T19:00:43.153+00:00,2024-06-29T19:00:43.153632+00:00,2,2,earliest_published,same_epoch_revision,260622872,2024-06-29T20:26:14,4354602,260622872;260622876
NORAD25544,ISS (ZARYA),25544,25544|2024-07-13T11:16:43.362+00:00,2024-07-13T11:16:43.362048+00:00,2,2,earliest_published,same_epoch_revision,261875244,2024-07-13T13:26:17,4375906,261875244;261889550
NORAD25544,ISS (ZARYA),25544,25544|2024-07-14T10:29:06.567+00:00,2024-07-14T10:29:06.567648+00:00,3,3,earliest_published,same_epoch_revision,261977006,2024-07-14T11:16:14,4377734,261977006;261977012;261993240
NORAD25544,ISS (ZARYA),25544,25544|2024-07-16T10:29:14.239+00:00,2024-07-16T10:29:14.239104+00:00,2,2,earliest_published,same_epoch_revision,262183709,2024-07-16T13:26:22,4381567,262183709;262196126
NORAD25544,ISS (ZARYA),25544,25544|2024-07-20T08:53:26.100+00:00,2024-07-20T08:53:26.100672+00:00,2,2,earliest_published,same_epoch_revision,262609380,2024-07-20T09:56:14,4388551,262609380;262609407
NORAD25544,ISS (ZARYA),25544,25544|2024-07-21T08:04:29.151+00:00,2024-07-21T08:04:29.151264+00:00,2,2,earliest_published,same_epoch_revision,262712116,2024-07-21T09:36:14,4390482,262712116;262712122
NORAD25544,ISS (ZARYA),25544,25544|2024-07-23T08:04:00.239+00:00,2024-07-23T08:04:00.239232+00:00,2,2,earliest_published,same_epoch_revision,262907121,2024-07-23T10:36:41,4393895,262907121;262907125
NORAD25544,ISS (ZARYA),25544,25544|2024-07-25T12:50:37.136+00:00,2024-07-25T12:50:37.136256+00:00,2,2,earliest_published,same_epoch_revision,263109091,2024-07-25T13:36:14,4397588,263109091;263152141
NORAD25544,ISS (ZARYA),25544,25544|2024-07-26T07:14:22.955+00:00,2024-07-26T07:14:22.955712+00:00,2,2,earliest_published,same_epoch_revision,263209447,2024-07-26T09:36:23,4399389,263209447;263209465
NORAD25544,ISS (ZARYA),25544,25544|2024-07-30T05:35:54.424+00:00,2024-07-30T05:35:54.424320+00:00,2,2,earliest_published,same_epoch_revision,263581631,2024-07-30T09:46:14,4406522,263581631;263581635
NORAD25544,ISS (ZARYA),25544,25544|2024-08-03T03:59:52.689+00:00,2024-08-03T03:59:52.689984+00:00,2,2,earliest_published,same_epoch_revision,263961295,2024-08-03T05:16:16,4412807,263961295;263977537
NORAD25544,ISS (ZARYA),25544,25544|2024-08-12T11:55:13.558+00:00,2024-08-12T11:55:13.558944+00:00,2,2,earliest_published,same_epoch_revision,264901394,2024-08-12T12:36:17,4430737,264901394;264901396
NORAD25544,ISS (ZARYA),25544,25544|2024-08-13T00:34:15.102+00:00,2024-08-13T00:34:15.102624+00:00,2,2,earliest_published,same_epoch_revision,264966600,2024-08-13T02:56:15,4432243,264966600;265000482
NORAD25544,ISS (ZARYA),25544,25544|2024-08-27T17:30:05.142+00:00,2024-08-27T17:30:05.142816+00:00,2,2,earliest_published,same_epoch_revision,266388290,2024-08-27T19:56:15,4459522,266388290;266388295
NORAD25544,ISS (ZARYA),25544,25544|2024-08-30T16:46:26.674+00:00,2024-08-30T16:46:26.674176+00:00,2,2,earliest_published,same_epoch_revision,266587818,2024-08-30T17:56:15,4463157,266587818;266625631
NORAD25544,ISS (ZARYA),25544,25544|2024-08-31T15:47:23.021+00:00,2024-08-31T15:47:23.021376+00:00,2,2,earliest_published,same_epoch_revision,266735863,2024-08-31T17:56:29,4464734,266735863;266742814
NORAD25544,ISS (ZARYA),25544,25544|2024-09-01T15:08:41.704+00:00,2024-09-01T15:08:41.704800+00:00,2,2,earliest_published,same_epoch_revision,266840527,2024-09-01T19:26:15,4466670,266840527;266854869
NORAD25544,ISS (ZARYA),25544,25544|2024-09-02T15:57:43.306+00:00,2024-09-02T15:57:43.306848+00:00,2,2,earliest_published,same_epoch_revision,266914623,2024-09-02T18:16:22,4468551,266914623;266958082
NORAD25544,ISS (ZARYA),25544,25544|2024-09-05T13:25:26.112+00:00,2024-09-05T13:25:26.112864+00:00,2,2,earliest_published,same_epoch_revision,267190831,2024-09-05T16:56:15,4472791,267190831;267233146
NORAD25544,ISS (ZARYA),25544,25544|2024-09-07T12:09:52.905+00:00,2024-09-07T12:09:52.905312+00:00,2,2,earliest_published,same_epoch_revision,267351632,2024-09-07T13:36:15,4475968,267351632;267367492
NORAD25544,ISS (ZARYA),25544,25544|2024-09-09T12:02:29.230+00:00,2024-09-09T12:02:29.230944+00:00,2,2,earliest_published,same_epoch_revision,267564351,2024-09-09T13:46:32,4479939,267564351;267580026
NORAD25544,ISS (ZARYA),25544,25544|2024-09-10T12:51:57.028+00:00,2024-09-10T12:51:57.028608+00:00,2,2,earliest_published,same_epoch_revision,267685165,2024-09-10T15:46:30,4482525,267685165;267685329
NORAD25544,ISS (ZARYA),25544,25544|2024-09-12T11:03:37.152+00:00,2024-09-12T11:03:37.152288+00:00,2,2,earliest_published,same_epoch_revision,267848642,2024-09-12T11:16:15,4485744,267848641;267848642
NORAD25544,ISS (ZARYA),25544,25544|2024-09-12T12:39:42.078+00:00,2024-09-12T12:39:42.078240+00:00,2,2,earliest_published,same_epoch_revision,267848645,2024-09-12T13:36:15,4485747,267848645;267866621
NORAD25544,ISS (ZARYA),25544,25544|2024-09-14T11:18:59.840+00:00,2024-09-14T11:18:59.840352+00:00,2,2,earliest_published,same_epoch_revision,268008919,2024-09-14T13:26:16,4489977,268008919;268028882
NORAD25544,ISS (ZARYA),25544,25544|2024-09-15T10:31:44.690+00:00,2024-09-15T10:31:44.690016+00:00,2,2,earliest_published,same_epoch_revision,268122628,2024-09-15T13:16:15,4492305,268122628;268139419
NORAD25544,ISS (ZARYA),25544,25544|2024-09-21T08:44:54.252+00:00,2024-09-21T08:44:54.252384+00:00,2,2,earliest_published,same_epoch_revision,268642839,2024-09-21T10:16:17,4500774,268642839;268642860
NORAD25544,ISS (ZARYA),25544,25544|2024-09-28T04:59:28.353+00:00,2024-09-28T04:59:28.353120+00:00,2,2,earliest_published,same_epoch_revision,269156008,2024-09-28T07:36:16,4507768,269156008;269156011
NORAD25544,ISS (ZARYA),25544,25544|2024-10-01T02:43:20.294+00:00,2024-10-01T02:43:20.294976+00:00,2,2,earliest_published,same_epoch_revision,269396948,2024-10-01T05:36:16,4510514,269396948;269405159
NORAD25544,ISS (ZARYA),25544,25544|2024-10-03T02:35:10.407+00:00,2024-10-03T02:35:10.407840+00:00,2,2,earliest_published,same_epoch_revision,269560783,2024-10-03T05:36:16,4512462,269560783;269570971
NORAD25544,ISS (ZARYA),25544,25544|2024-10-04T20:09:23.893+00:00,2024-10-04T20:09:23.893632+00:00,2,2,earliest_published,same_epoch_revision,269719822,2024-10-04T21:06:15,4514141,269719822;269720058
NORAD25544,ISS (ZARYA),25544,25544|2024-10-07T01:03:39.381+00:00,2024-10-07T01:03:39.381984+00:00,2,2,earliest_published,same_epoch_revision,269894803,2024-10-07T01:46:16,4516519,269894803;269924186
NORAD25544,ISS (ZARYA),25544,25544|2024-10-07T22:42:26.420+00:00,2024-10-07T22:42:26.420832+00:00,2,2,earliest_published,same_epoch_revision,269978279,2024-10-08T01:46:30,4517537,269978279;270007660
NORAD25544,ISS (ZARYA),25544,25544|2024-10-16T21:49:49.585+00:00,2024-10-16T21:49:49.585152+00:00,2,2,earliest_published,same_epoch_revision,270785734,2024-10-17T00:46:16,4526588,270785734;270815021
NORAD25544,ISS (ZARYA),25544,25544|2024-11-06T14:21:47.459+00:00,2024-11-06T14:21:47.459808+00:00,2,2,earliest_published,same_epoch_revision,272454373,2024-11-06T15:16:16,4545800,272454373;272454377
NORAD25544,ISS (ZARYA),25544,25544|2024-11-12T08:52:56.822+00:00,2024-11-12T08:52:56.822304+00:00,2,2,earliest_published,same_epoch_revision,272949849,2024-11-12T14:56:34,4551626,272949849;272958163
NORAD25544,ISS (ZARYA),25544,25544|2024-11-19T07:58:48.729+00:00,2024-11-19T07:58:48.729216+00:00,2,2,earliest_published,same_epoch_revision,273455169,2024-11-19T14:58:32,4557971,273455169;273463802
NORAD25544,ISS (ZARYA),25544,25544|2024-11-21T08:34:27.950+00:00,2024-11-21T08:34:27.950016+00:00,2,2,earliest_published,same_epoch_revision,273608561,2024-11-21T10:18:30,4559457,273608561;273615774
NORAD25544,ISS (ZARYA),25544,25544|2024-11-22T01:42:46.999+00:00,2024-11-22T01:42:46.999584+00:00,2,2,earliest_published,same_epoch_revision,273647818,2024-11-22T01:58:29,4559849,273647818;273647820
NORAD25544,ISS (ZARYA),25544,25544|2024-11-23T11:01:22.657+00:00,2024-11-23T11:01:22.657728+00:00,2,2,earliest_published,same_epoch_revision,273770178,2024-11-23T14:58:32,4561304,273770178;273777711
NORAD25544,ISS (ZARYA),25544,25544|2024-11-27T09:25:00.587+00:00,2024-11-27T09:25:00.587424+00:00,2,2,earliest_published,same_epoch_revision,274088205,2024-11-27T15:16:20,4564867,274088205;274096777
NORAD25544,ISS (ZARYA),25544,25544|2024-12-02T02:48:04.455+00:00,2024-12-02T02:48:04.455936+00:00,2,2,earliest_published,same_epoch_revision,274534819,2024-12-02T06:36:17,4569052,274534819;274539684
NORAD25544,ISS (ZARYA),25544,25544|2024-12-03T08:30:05.580+00:00,2024-12-03T08:30:05.580000+00:00,2,2,earliest_published,same_epoch_revision,274621269,2024-12-03T09:36:27,4570145,274621269;274625446
NORAD25544,ISS (ZARYA),25544,25544|2024-12-16T21:12:42.120+00:00,2024-12-16T21:12:42.120576+00:00,2,2,earliest_published,same_epoch_revision,275788779,2024-12-16T22:46:16,4583217,275788779;275822635
NORAD25544,ISS (ZARYA),25544,25544|2024-12-29T17:05:22.288+00:00,2024-12-29T17:05:22.288128+00:00,2,2,earliest_published,same_epoch_revision,276797113,2024-12-29T18:28:30,4595394,276797113;276827561
NORAD25544,ISS (ZARYA),25544,25544|2025-01-21T07:25:31.162+00:00,2025-01-21T07:25:31.162944+00:00,2,2,earliest_published,same_epoch_revision,278737309,2025-01-21T15:06:17,4617346,278737309;278745873
NORAD25544,ISS (ZARYA),25544,25544|2025-01-24T07:12:41.549+00:00,2025-01-24T07:12:41.549760+00:00,2,2,earliest_published,same_epoch_revision,278971173,2025-01-24T09:56:19,4619734,278971173;278972847
NORAD25544,ISS (ZARYA),25544,25544|2025-01-25T04:55:56.509+00:00,2025-01-25T04:55:56.509824+00:00,2,2,earliest_published,same_epoch_revision,279075856,2025-01-25T19:06:24,4620923,279075856;279083315
NORAD25544,ISS (ZARYA),25544,25544|2025-01-26T05:36:41.341+00:00,2025-01-26T05:36:41.341248+00:00,2,2,earliest_published,same_epoch_revision,279129660,2025-01-26T06:36:32,4621454,279129660;279136906
NORAD25544,ISS (ZARYA),25544,25544|2025-03-11T10:57:43.125+00:00,2025-03-11T10:57:43.125696+00:00,2,2,earliest_published,same_epoch_revision,282813017,2025-03-11T13:26:17,4665839,282813017;282819059
NORAD25544,ISS (ZARYA),25544,25544|2025-03-29T04:05:17.306+00:00,2025-03-29T04:05:17.306016+00:00,2,2,earliest_published,same_epoch_revision,284311509,2025-03-29T07:06:37,4683910,284311509;284325290
NORAD25544,ISS (ZARYA),25544,25544|2025-04-05T12:52:26.205+00:00,2025-04-05T12:52:26.205888+00:00,2,2,earliest_published,same_epoch_revision,284900905,2025-04-05T13:36:17,4691240,284900905;284900907
NORAD25544,ISS (ZARYA),25544,25544|2025-05-20T08:54:19.971+00:00,2025-05-20T08:54:19.971072+00:00,2,2,earliest_published,same_epoch_revision,287984356,2025-05-20T11:26:18,4733872,287984356;287984360
NORAD25544,ISS (ZARYA),25544,25544|2025-05-23T08:06:26.528+00:00,2025-05-23T08:06:26.528256+00:00,2,2,earliest_published,same_epoch_revision,288171761,2025-05-23T12:16:16,4736837,288171761;288172365
NORAD25544,ISS (ZARYA),25544,25544|2025-05-29T04:46:03.314+00:00,2025-05-29T04:46:03.314208+00:00,2,2,earliest_published,same_epoch_revision,288637179,2025-05-29T05:36:16,4741294,288637179;288646866
NORAD25544,ISS (ZARYA),25544,25544|2025-06-04T03:18:23.944+00:00,2025-06-04T03:18:23.944032+00:00,2,2,earliest_published,same_epoch_revision,289057375,2025-06-04T05:36:21,4747641,289057375;289066977
NORAD25544,ISS (ZARYA),25544,25544|2025-06-17T11:16:37.968+00:00,2025-06-17T11:16:37.968960+00:00,2,2,earliest_published,same_epoch_revision,290143099,2025-06-17T12:16:16,4759064,290143099;290143102
NORAD25544,ISS (ZARYA),25544,25544|2025-06-17T20:49:43.345+00:00,2025-06-17T20:49:43.345920+00:00,2,2,earliest_published,same_epoch_revision,290151238,2025-06-17T21:46:29,4759449,290151238;290187511
NORAD25544,ISS (ZARYA),25544,25544|2025-06-18T20:01:16.129+00:00,2025-06-18T20:01:16.129344+00:00,2,2,earliest_published,same_epoch_revision,290234325,2025-06-18T21:26:17,4760404,290234325;290270713
NORAD25544,ISS (ZARYA),25544,25544|2025-07-08T13:28:36.763+00:00,2025-07-08T13:28:36.763104+00:00,3,3,earliest_published,same_epoch_revision,291982064,2025-07-08T15:36:28,4779175,291982064;292012669;292012715
NORAD25544,ISS (ZARYA),25544,25544|2025-07-22T06:23:04.197+00:00,2025-07-22T06:23:04.197120+00:00,2,2,earliest_published,same_epoch_revision,293211184,2025-07-22T12:56:16,4792425,293211184;293225760
NORAD25544,ISS (ZARYA),25544,25544|2025-07-25T01:46:04.999+00:00,2025-07-25T01:46:04.999872+00:00,2,2,earliest_published,same_epoch_revision,293422732,2025-07-25T02:16:16,4794955,293422732;293422733
NORAD25544,ISS (ZARYA),25544,25544|2025-07-30T12:44:35.261+00:00,2025-07-30T12:44:35.261952+00:00,2,2,earliest_published,same_epoch_revision,293854939,2025-07-30T13:56:33,4800299,293854939;293856902
NORAD25544,ISS (ZARYA),25544,25544|2025-10-02T11:12:37.521+00:00,2025-10-02T11:12:37.521216+00:00,2,2,earliest_published,same_epoch_revision,298990025,2025-10-02T20:40:47,4830696,298990025;299027629
NORAD25544,ISS (ZARYA),25544,25544|2025-10-09T19:38:33.082+00:00,2025-10-09T19:38:33.082080+00:00,2,2,earliest_published,same_epoch_revision,299639040,2025-10-09T22:46:20,4840870,299639040;299649270
NORAD25544,ISS (ZARYA),25544,25544|2025-10-21T19:32:52.647+00:00,2025-10-21T19:32:52.647072+00:00,2,2,earliest_published,same_epoch_revision,300698388,2025-10-22T00:06:20,4851245,300698388;300711260
NORAD25544,ISS (ZARYA),25544,25544|2025-10-27T04:01:38.498+00:00,2025-10-27T04:01:38.498016+00:00,2,2,earliest_published,same_epoch_revision,301293155,2025-10-27T06:36:29,4861937,301293155;301308239
NORAD25544,ISS (ZARYA),25544,25544|2025-11-12T22:26:21.947+00:00,2025-11-12T22:26:21.947136+00:00,2,2,earliest_published,same_epoch_revision,302363210,2025-11-13T02:12:46,4878500,302363210;302398585
NORAD25544,ISS (ZARYA),25544,25544|2025-11-22T06:52:52.156+00:00,2025-11-22T06:52:52.156128+00:00,2,2,earliest_published,same_epoch_revision,303231354,2025-11-22T15:36:19,4893994,303231354;303244110
NORAD25544,ISS (ZARYA),25544,25544|2025-11-30T13:03:31.260+00:00,2025-11-30T13:03:31.260384+00:00,2,2,earliest_published,same_epoch_revision,303974085,2025-11-30T17:58:55,4909172,303974085;304012954
NORAD25544,ISS (ZARYA),25544,25544|2025-12-10T03:42:55.481+00:00,2025-12-10T03:42:55.481184+00:00,2,2,earliest_published,same_epoch_revision,305005673,2025-12-10T10:40:49,4922494,305005673;305043570
NORAD25544,ISS (ZARYA),25544,25544|2025-12-24T17:30:08.449+00:00,2025-12-24T17:30:08.449344+00:00,2,2,earliest_published,same_epoch_revision,306475876,2025-12-25T02:37:33,4935668,306475876;306513669
NORAD25544,ISS (ZARYA),25544,25544|2025-12-30T12:47:17.579+00:00,2025-12-30T12:47:17.579904+00:00,2,2,earliest_published,same_epoch_revision,307199793,2025-12-30T18:16:58,4946042,307199793;307237877
NORAD25544,ISS (ZARYA),25544,25544|2025-12-31T18:12:28.222+00:00,2025-12-31T18:12:28.222272+00:00,2,2,earliest_published,same_epoch_revision,307384131,2026-01-01T03:14:26,4948494,307384131;307421404
NORAD25544,ISS (ZARYA),25544,25544|2026-01-26T04:12:04.882+00:00,2026-01-26T04:12:04.882464+00:00,2,2,earliest_published,same_epoch_revision,310087384,2026-01-26T11:07:13,4982923,310087384;310132702
NORAD25544,ISS (ZARYA),25544,25544|2026-02-15T13:40:14.415+00:00,2026-02-15T13:40:14.415456+00:00,2,2,earliest_published,same_epoch_revision,312581665,2026-02-15T17:17:38,5028907,312581665;312617396
NORAD25544,ISS (ZARYA),25544,25544|2026-02-27T21:31:51.403+00:00,2026-02-27T21:31:51.403872+00:00,2,2,earliest_published,same_epoch_revision,314249986,2026-02-28T02:22:40,5058680,314249986;314291005
NORAD25544,ISS (ZARYA),25544,25544|2026-02-28T20:45:57.648+00:00,2026-02-28T20:45:57.648384+00:00,2,2,earliest_published,same_epoch_revision,314379356,2026-03-01T02:42:53,5061557,314379356;314418249
NORAD25544,ISS (ZARYA),25544,25544|2026-03-07T18:30:03.892+00:00,2026-03-07T18:30:03.892896+00:00,2,2,earliest_published,same_epoch_revision,315197155,2026-03-08T02:46:31,5076148,315197155;315210174
NORAD25544,ISS (ZARYA),25544,25544|2026-03-10T11:33:06.281+00:00,2026-03-10T11:33:06.281280+00:00,2,2,earliest_published,same_epoch_revision,315500864,2026-03-10T15:47:10,5080679,315500864;315532040
NORAD25544,ISS (ZARYA),25544,25544|2026-03-20T06:59:30.191+00:00,2026-03-20T06:59:30.191424+00:00,2,2,earliest_published,same_epoch_revision,316576354,2026-03-20T14:36:41,5093604,316576354;316590981
NORAD25544,ISS (ZARYA),25544,25544|2026-04-08T00:07:29.534+00:00,2026-04-08T00:07:29.534016+00:00,2,2,earliest_published,same_epoch_revision,318712485,2026-04-08T06:47:01,5121040,318712485;318725382
NORAD25544,ISS (ZARYA),25544,25544|2026-04-11T04:00:07.797+00:00,2026-04-11T04:00:07.797024+00:00,2,2,earliest_published,same_epoch_revision,319075276,2026-04-11T06:46:56,5125536,319075276;319088528
NORAD25544,ISS (ZARYA),25544,25544|2026-04-20T12:32:07.793+00:00,2026-04-20T12:32:07.793088+00:00,2,2,earliest_published,same_epoch_revision,320227400,2026-04-20T14:56:53,5142612,320227400;320240490
NORAD25544,ISS (ZARYA),25544,25544|2026-04-21T11:45:46.937+00:00,2026-04-21T11:45:46.937376+00:00,2,2,earliest_published,same_epoch_revision,320345455,2026-04-21T15:16:50,5143462,320345455;320358817
NORAD25544,ISS (ZARYA),25544,25544|2026-04-27T04:01:32.075+00:00,2026-04-27T04:01:32.075040+00:00,2,2,earliest_published,same_epoch_revision,321055616,2026-04-27T06:36:37,5154163,321055616;321068971
NORAD25544,ISS (ZARYA),25544,25544|2026-04-30T04:47:54.123+00:00,2026-04-30T04:47:54.123072+00:00,2,2,earliest_published,same_epoch_revision,321474179,2026-04-30T06:56:35,5162047,321474179;321487467
NORAD25544,ISS (ZARYA),25544,25544|2026-05-18T20:13:53.038+00:00,2026-05-18T20:13:53.038272+00:00,2,2,earliest_published,same_epoch_revision,323739968,2026-05-18T23:36:34,5202797,323739968;323751240
NORAD25544,ISS (ZARYA),25544,25544|2026-05-22T12:28:18.496+00:00,2026-05-22T12:28:18.496992+00:00,2,2,earliest_published,same_epoch_revision,324316996,2026-05-22T17:40:47,5208788,324316996;324373411
NORAD25544,ISS (ZARYA),25544,25544|2026-05-30T20:09:31.965+00:00,2026-05-30T20:09:31.965120+00:00,2,2,earliest_published,same_epoch_revision,326164012,2026-05-31T00:06:40,5223675,326164012;326195406
NORAD25544,ISS (ZARYA),25544,25544|2026-06-03T12:23:04.096+00:00,2026-06-03T12:23:04.096032+00:00,2,2,earliest_published,same_epoch_revision,326894547,2026-06-03T15:47:14,5228663,326894547;326918607
NORAD25544,ISS (ZARYA),25544,25544|2026-06-04T17:47:31.539+00:00,2026-06-04T17:47:31.539264+00:00,2,2,earliest_published,same_epoch_revision,327136741,2026-06-04T22:47:00,5230257,327136741;327150322
NORAD25544,ISS (ZARYA),25544,25544|2026-06-06T08:29:08.600+00:00,2026-06-06T08:29:08.600064+00:00,2,2,earliest_published,same_epoch_revision,327544279,2026-06-06T16:46:38,5233183,327544279;327580130
NORAD25544,ISS (ZARYA),25544,25544|2026-06-10T03:47:59.654+00:00,2026-06-10T03:47:59.654112+00:00,2,2,earliest_published,same_epoch_revision,328512368,2026-06-10T07:17:33,5240585,328512368;328547086
NORAD25544,ISS (ZARYA),25544,25544|2026-06-26T03:43:15.671+00:00,2026-06-26T03:43:15.671136+00:00,2,2,earliest_published,same_epoch_revision,331412517,2026-06-26T07:36:43,5260642,331412517;331436509
NORAD25544,ISS (ZARYA),25544,25544|2026-06-26T11:27:38.362+00:00,2026-06-26T11:27:38.362176+00:00,2,2,earliest_published,same_epoch_revision,331471663,2026-06-26T18:09:45,5260849,331471663;331533469
NORAD25544,ISS (ZARYA),25544,25544|2026-07-07T04:27:30.183+00:00,2026-07-07T04:27:30.183264+00:00,2,2,earliest_published,same_epoch_revision,333775072,2026-07-07T07:56:49,5277544,333775072;333868446
NORAD25544,ISS (ZARYA),25544,25544|2026-07-18T20:42:49.520+00:00,2026-07-18T20:42:49.520160+00:00,2,2,earliest_published,same_epoch_revision,336392069,2026-07-19T00:26:31,5296950,336392069;336422740
NORAD56726,IRIDIUM 181,56726,56726|2025-09-29T18:35:25.096+00:00,2025-09-29T18:35:25.096128+00:00,2,2,earliest_published,same_epoch_revision,298705245,2025-09-29T23:16:17,4825235,298705245;298739241
NORAD56726,IRIDIUM 181,56726,56726|2025-10-18T03:31:41.492+00:00,2025-10-18T03:31:41.492064+00:00,2,2,earliest_published,same_epoch_revision,300410208,2025-10-18T08:56:22,4849027,300410208;300441338
NORAD56726,IRIDIUM 181,56726,56726|2025-10-21T16:23:14.498+00:00,2025-10-21T16:23:14.498016+00:00,2,2,earliest_published,same_epoch_revision,300697399,2025-10-22T00:06:20,4851207,300697399;300727216
NORAD56726,IRIDIUM 181,56726,56726|2025-12-04T11:58:21.802+00:00,2025-12-04T11:58:21.802944+00:00,2,2,earliest_published,same_epoch_revision,304445207,2025-12-04T19:15:14,4916542,304445207;304464151
NORAD56726,IRIDIUM 181,56726,56726|2025-12-24T02:51:27.469+00:00,2025-12-24T02:51:27.469152+00:00,2,2,earliest_published,same_epoch_revision,306409275,2025-12-24T07:26:36,4934425,306409275;306442025
NORAD56726,IRIDIUM 181,56726,56726|2026-01-04T10:04:26.336+00:00,2026-01-04T10:04:26.336064+00:00,2,2,earliest_published,same_epoch_revision,307893610,2026-01-04T16:06:36,4955519,307893610;307924277
NORAD56726,IRIDIUM 181,56726,56726|2026-01-04T20:03:26.620+00:00,2026-01-04T20:03:26.620128+00:00,2,2,earliest_published,same_epoch_revision,307943736,2026-01-04T22:46:21,4956261,307943736;307972969
NORAD56726,IRIDIUM 181,56726,56726|2026-02-02T06:15:32.282+00:00,2026-02-02T06:15:32.282784+00:00,2,2,earliest_published,same_epoch_revision,310900525,2026-02-02T11:34:25,5001106,310900525;310932930
NORAD56726,IRIDIUM 181,56726,56726|2026-02-05T17:27:15.046+00:00,2026-02-05T17:27:15.046272+00:00,2,2,earliest_published,same_epoch_revision,311352430,2026-02-05T22:36:20,5011958,311352430;311383079
NORAD56726,IRIDIUM 181,56726,56726|2026-02-06T05:06:05.501+00:00,2026-02-06T05:06:05.501952+00:00,2,2,earliest_published,same_epoch_revision,311432948,2026-02-06T10:57:28,5013062,311432948;311451202
NORAD56726,IRIDIUM 181,56726,56726|2026-02-08T05:21:17.186+00:00,2026-02-08T05:21:17.186112+00:00,2,2,earliest_published,same_epoch_revision,311722392,2026-02-08T10:06:39,5017252,311722392;311743186
NORAD56726,IRIDIUM 181,56726,56726|2026-02-08T17:00:07.572+00:00,2026-02-08T17:00:07.572672+00:00,2,2,earliest_published,same_epoch_revision,311792033,2026-02-08T23:06:36,5018479,311792033;311820273
NORAD56726,IRIDIUM 181,56726,56726|2026-02-09T16:17:48.297+00:00,2026-02-09T16:17:48.297408+00:00,2,2,earliest_published,same_epoch_revision,311921872,2026-02-09T23:06:34,5019950,311921872;311949379
NORAD56726,IRIDIUM 181,56726,56726|2026-02-10T05:36:28.694+00:00,2026-02-10T05:36:28.694016+00:00,2,2,earliest_published,same_epoch_revision,311999762,2026-02-10T13:42:46,5020961,311999762;312020093
NORAD56726,IRIDIUM 181,56726,56726|2026-02-16T04:42:13.872+00:00,2026-02-16T04:42:13.872960+00:00,2,2,earliest_published,same_epoch_revision,312697444,2026-02-16T10:50:40,5030401,312697444;312718715
NORAD56726,IRIDIUM 181,56726,56726|2026-02-26T12:37:33.584+00:00,2026-02-26T12:37:33.584160+00:00,2,2,earliest_published,same_epoch_revision,314089088,2026-02-26T18:19:01,5055268,314089088;314113650
NORAD56726,IRIDIUM 181,56726,56726|2026-03-03T14:05:27.320+00:00,2026-03-03T14:05:27.320064+00:00,2,2,earliest_published,same_epoch_revision,314713711,2026-03-03T20:37:26,5068272,314713711;314732913
NORAD56726,IRIDIUM 181,56726,56726|2026-03-17T19:11:29.467+00:00,2026-03-17T19:11:29.467968+00:00,2,2,earliest_published,same_epoch_revision,316250510,2026-03-17T23:26:37,5089318,316250510;316277204
NORAD56726,IRIDIUM 181,56726,56726|2026-04-08T05:20:17.742+00:00,2026-04-08T05:20:17.742048+00:00,2,2,earliest_published,same_epoch_revision,318711915,2026-04-08T06:47:01,5120999,318711915;318742112
NORAD56726,IRIDIUM 181,56726,56726|2026-05-02T15:01:58.816+00:00,2026-05-02T15:01:58.816416+00:00,2,2,earliest_published,same_epoch_revision,321794510,2026-05-02T19:22:33,5167627,321794510;321817971
NORAD56726,IRIDIUM 181,56726,56726|2026-05-03T20:58:59.798+00:00,2026-05-03T20:58:59.798208+00:00,2,2,earliest_published,same_epoch_revision,321983535,2026-05-03T22:56:34,5170874,321983535;322012781
NORAD56726,IRIDIUM 181,56726,56726|2026-07-15T12:45:21.585+00:00,2026-07-15T12:45:21.585312+00:00,2,2,earliest_published,same_epoch_revision,335591354,2026-07-15T16:37:08,5291587,335591354;335640279
NORAD56727,IRIDIUM 177,56727,56727|2025-10-02T13:23:00.915+00:00,2025-10-02T13:23:00.915072+00:00,2,2,earliest_published,same_epoch_revision,299006509,2025-10-02T20:40:47,4830696,299006509;299026965
NORAD56727,IRIDIUM 177,56727,56727|2025-11-06T18:40:26.415+00:00,2025-11-06T18:40:26.415264+00:00,2,2,earliest_published,same_epoch_revision,302029044,2025-11-06T22:16:38,4871843,302029044;302085908
NORAD56727,IRIDIUM 177,56727,56727|2025-11-22T19:11:41.449+00:00,2025-11-22T19:11:41.449056+00:00,2,2,earliest_published,same_epoch_revision,303294764,2025-11-23T06:36:23,4895270,303294764;303340609
NORAD56727,IRIDIUM 177,56727,56727|2025-12-23T13:24:08.432+00:00,2025-12-23T13:24:08.432352+00:00,2,2,earliest_published,same_epoch_revision,306363082,2025-12-23T22:36:22,4933804,306363082;306392157
NORAD56727,IRIDIUM 177,56727,56727|2025-12-24T04:00:15.202+00:00,2025-12-24T04:00:15.202368+00:00,2,2,earliest_published,same_epoch_revision,306409654,2025-12-24T07:26:36,4934425,306409654;306442526
NORAD56727,IRIDIUM 177,56727,56727|2025-12-25T14:04:30.792+00:00,2025-12-25T14:04:30.792864+00:00,2,2,earliest_published,same_epoch_revision,306574220,2025-12-25T20:18:59,4936530,306574220;306594493
NORAD56727,IRIDIUM 177,56727,56727|2026-01-06T03:30:42.340+00:00,2026-01-06T03:30:42.340896+00:00,2,2,earliest_published,same_epoch_revision,308095203,2026-01-06T07:26:46,4958669,308095203;308126942
NORAD56727,IRIDIUM 177,56727,56727|2026-03-04T08:05:40.426+00:00,2026-03-04T08:05:40.426080+00:00,2,2,earliest_published,same_epoch_revision,314805307,2026-03-04T14:56:50,5070402,314805307;314833339
NORAD56727,IRIDIUM 177,56727,56727|2026-03-12T22:08:42.207+00:00,2026-03-12T22:08:42.207072+00:00,2,2,earliest_published,same_epoch_revision,315804780,2026-03-13T01:36:21,5086654,315804780;315833173
NORAD56727,IRIDIUM 177,56727,56727|2026-03-31T04:12:14.890+00:00,2026-03-31T04:12:14.890176+00:00,2,2,earliest_published,same_epoch_revision,317702018,2026-03-31T08:56:36,5108470,317702018;317733292
NORAD56727,IRIDIUM 177,56727,56727|2026-04-09T03:59:16.001+00:00,2026-04-09T03:59:16.001952+00:00,2,2,earliest_published,same_epoch_revision,318830915,2026-04-09T07:27:21,5121976,318830915;318862345
NORAD56727,IRIDIUM 177,56727,56727|2026-04-10T04:19:28.725+00:00,2026-04-10T04:19:28.725312+00:00,2,2,earliest_published,same_epoch_revision,318966129,2026-04-10T08:26:24,5123648,318966129;318995778
NORAD56727,IRIDIUM 177,56727,56727|2026-04-14T10:32:21.255+00:00,2026-04-14T10:32:21.255360+00:00,2,2,earliest_published,same_epoch_revision,319473250,2026-04-14T15:46:32,5132747,319473250;319504439
NORAD56727,IRIDIUM 177,56727,56727|2026-05-03T02:19:53.186+00:00,2026-05-03T02:19:53.186304+00:00,2,2,earliest_published,same_epoch_revision,321873872,2026-05-03T06:46:54,5169087,321873872;321904710
NORAD56727,IRIDIUM 177,56727,56727|2026-06-04T00:07:13.499+00:00,2026-06-04T00:07:13.499040+00:00,2,2,earliest_published,same_epoch_revision,327045816,2026-06-04T06:26:29,5229597,327045816;327093024
NORAD56727,IRIDIUM 177,56727,56727|2026-06-08T11:12:05.966+00:00,2026-06-08T11:12:05.966208+00:00,2,2,earliest_published,same_epoch_revision,328089759,2026-06-08T17:06:40,5237542,328089759;328198347
NORAD56727,IRIDIUM 177,56727,56727|2026-06-14T22:57:23.270+00:00,2026-06-14T22:57:23.270976+00:00,3,2,earliest_published,same_epoch_revision,329538158,2026-06-15T02:25:05,5247531,329538158;329596815;329647893
NORAD56727,IRIDIUM 177,56727,56727|2026-06-17T12:36:33.238+00:00,2026-06-17T12:36:33.238080+00:00,2,2,earliest_published,same_epoch_revision,330194797,2026-06-17T15:17:06,5252631,330194797;330236814
NORAD56727,IRIDIUM 177,56727,56727|2026-07-01T02:44:04.797+00:00,2026-07-01T02:44:04.797024+00:00,2,2,earliest_published,same_epoch_revision,332416967,2026-07-01T08:16:36,5267751,332416967;332465553
NORAD56727,IRIDIUM 177,56727,56727|2026-07-05T20:19:16.601+00:00,2026-07-05T20:19:16.601088+00:00,2,2,earliest_published,same_epoch_revision,333559921,2026-07-06T11:14:40,5275772,333559921;333660685
NORAD56727,IRIDIUM 177,56727,56727|2026-07-06T22:17:02.247+00:00,2026-07-06T22:17:02.247072+00:00,2,2,earliest_published,same_epoch_revision,333769618,2026-07-07T07:46:24,5277491,333769618;333884640
NORAD56727,IRIDIUM 177,56727,56727|2026-07-07T08:01:11.830+00:00,2026-07-07T08:01:11.830080+00:00,2,2,earliest_published,same_epoch_revision,333839199,2026-07-07T16:06:57,5278210,333839199;333919261
NORAD56727,IRIDIUM 177,56727,56727|2026-07-15T09:06:59.634+00:00,2026-07-15T09:06:59.634432+00:00,2,2,earliest_published,same_epoch_revision,335591356,2026-07-15T16:37:08,5291587,335591356;335639780
NORAD56727,IRIDIUM 177,56727,56727|2026-07-17T14:39:51.772+00:00,2026-07-17T14:39:51.772032+00:00,2,2,earliest_published,same_epoch_revision,336126015,2026-07-17T18:24:28,5295297,336126015;336208992
NORAD61594,ONEWEB-0015,61594,61594|2025-03-03T16:00:01.999+00:00,2025-03-03T16:00:01.999584+00:00,2,2,earliest_published,same_epoch_revision,282190852,2025-03-03T23:16:17,4658451,282190852;282219353
NORAD61594,ONEWEB-0015,61594,61594|2025-03-06T18:00:02.999+00:00,2025-03-06T18:00:02.999808+00:00,2,2,earliest_published,same_epoch_revision,282439503,2025-03-07T00:16:32,4661424,282439503;282468034
NORAD61594,ONEWEB-0015,61594,61594|2025-03-07T22:00:01.999+00:00,2025-03-07T22:00:01.999584+00:00,2,2,earliest_published,same_epoch_revision,282521658,2025-03-07T23:36:17,4662390,282521658;282549850
NORAD61594,ONEWEB-0015,61594,61594|2025-03-08T18:00:02.000+00:00,2025-03-08T18:00:02.000160+00:00,2,2,earliest_published,same_epoch_revision,282603404,2025-03-08T23:06:17,4663295,282603404;282631919
NORAD61594,ONEWEB-0015,61594,61594|2025-03-10T14:00:01.999+00:00,2025-03-10T14:00:01.999872+00:00,2,2,earliest_published,same_epoch_revision,282734747,2025-03-10T15:16:17,4665039,282734747;282763303
NORAD61594,ONEWEB-0015,61594,61594|2025-03-17T12:00:02.000+00:00,2025-03-17T12:00:02.000160+00:00,2,2,earliest_published,same_epoch_revision,283317928,2025-03-17T15:06:18,4672055,283317928;283346704
NORAD61594,ONEWEB-0015,61594,61594|2025-03-28T12:00:02.000+00:00,2025-03-28T12:00:02.000160+00:00,2,2,earliest_published,same_epoch_revision,284236034,2025-03-28T15:16:18,4683240,284236034;284265083
NORAD61594,ONEWEB-0015,61594,61594|2025-10-08T20:02:49.861+00:00,2025-10-08T20:02:49.861248+00:00,2,2,earliest_published,same_epoch_revision,299503319,2025-10-08T23:56:16,4839016,299503319;299531389
NORAD61594,ONEWEB-0015,61594,61594|2025-10-09T23:30:50.424+00:00,2025-10-09T23:30:50.424192+00:00,2,2,earliest_published,same_epoch_revision,299685566,2025-10-10T06:56:19,4841422,299685566;299716550
NORAD61594,ONEWEB-0015,61594,61594|2025-10-10T15:59:38.840+00:00,2025-10-10T15:59:38.840064+00:00,2,2,earliest_published,same_epoch_revision,299751626,2025-10-10T23:56:19,4843161,299751626;299782047
NORAD61594,ONEWEB-0015,61594,61594|2025-10-22T09:59:13.370+00:00,2025-10-22T09:59:13.370208+00:00,2,2,earliest_published,same_epoch_revision,300766650,2025-10-22T16:36:28,4852872,300766650;300841522
NORAD61594,ONEWEB-0015,61594,61594|2025-10-23T15:17:05.751+00:00,2025-10-23T15:17:05.751168+00:00,2,2,earliest_published,same_epoch_revision,300888736,2025-10-23T18:40:45,4854367,300888736;300910140
NORAD61594,ONEWEB-0015,61594,61594|2025-11-03T18:37:45.152+00:00,2025-11-03T18:37:45.152256+00:00,2,2,earliest_published,same_epoch_revision,301741255,2025-11-03T23:26:42,4868415,301741255;301771451
NORAD61594,ONEWEB-0015,61594,61594|2025-12-20T03:57:05.918+00:00,2025-12-20T03:57:05.918112+00:00,2,2,earliest_published,same_epoch_revision,305942073,2025-12-20T08:06:38,4928194,305942073;305972414
NORAD61594,ONEWEB-0015,61594,61594|2026-01-09T03:42:18.642+00:00,2026-01-09T03:42:18.642816+00:00,2,2,earliest_published,same_epoch_revision,308468739,2026-01-09T08:26:35,4965303,308468739;308498208
NORAD61594,ONEWEB-0015,61594,61594|2026-01-15T15:21:03.218+00:00,2026-01-15T15:21:03.218112+00:00,2,2,earliest_published,same_epoch_revision,309131874,2026-01-16T00:06:33,4972257,309131874;309161783
NORAD61594,ONEWEB-0015,61594,61594|2026-01-31T01:14:15.844+00:00,2026-01-31T01:14:15.844992+00:00,2,2,earliest_published,same_epoch_revision,310625333,2026-01-31T06:46:23,4995375,310625333;310659245
NORAD61594,ONEWEB-0015,61594,61594|2026-02-12T11:42:38.186+00:00,2026-02-12T11:42:38.186208+00:00,2,2,earliest_published,same_epoch_revision,312252599,2026-02-12T14:46:22,5023223,312252599;312284419
NORAD61594,ONEWEB-0015,61594,61594|2026-02-19T21:19:47.686+00:00,2026-02-19T21:19:47.686368+00:00,2,2,earliest_published,same_epoch_revision,313266868,2026-02-20T03:08:40,5042143,313266868;313288013
NORAD61594,ONEWEB-0015,61594,61594|2026-02-24T22:11:01.482+00:00,2026-02-24T22:11:01.482144+00:00,2,2,earliest_published,same_epoch_revision,313897090,2026-02-25T03:08:45,5052414,313897090;313918165
NORAD61594,ONEWEB-0015,61594,61594|2026-03-18T21:32:51.239+00:00,2026-03-18T21:32:51.239328+00:00,2,2,earliest_published,same_epoch_revision,316373653,2026-03-18T23:36:38,5090478,316373653;316420585
NORAD61594,ONEWEB-0015,61594,61594|2026-03-30T21:01:58.613+00:00,2026-03-30T21:01:58.613376+00:00,2,2,earliest_published,same_epoch_revision,317682474,2026-03-31T04:42:26,5107922,317682474;317706034
NORAD61594,ONEWEB-0015,61594,61594|2026-06-06T07:44:43.840+00:00,2026-06-06T07:44:43.840032+00:00,2,2,earliest_published,same_epoch_revision,327554167,2026-06-06T16:46:38,5233276,327554167;327599802
NORAD61594,ONEWEB-0015,61594,61594|2026-06-19T01:32:33.677+00:00,2026-06-19T01:32:33.677088+00:00,2,2,earliest_published,same_epoch_revision,330657169,2026-06-19T06:57:01,5255729,330657169;330698503
NORAD61594,ONEWEB-0015,61594,61594|2026-06-25T02:12:06.265+00:00,2026-06-25T02:12:06.265152+00:00,2,2,earliest_published,same_epoch_revision,331137875,2026-06-25T08:26:41,5258467,331137875;331176093
NORAD61594,ONEWEB-0015,61594,61594|2026-07-11T13:43:27.413+00:00,2026-07-11T13:43:27.413184+00:00,3,2,earliest_published,same_epoch_revision,334582342,2026-07-11T21:58:49,5283410,334582342;334645601;334682148
NORAD66514,SENTINEL-6B,66514,66514|2025-12-05T07:31:22.416+00:00,2025-12-05T07:31:22.416096+00:00,2,2,earliest_published,same_epoch_revision,304591885,2025-12-06T06:00:24,4918504,304591885;304687044
NORAD66514,SENTINEL-6B,66514,66514|2025-12-08T23:22:28.384+00:00,2025-12-08T23:22:28.384032+00:00,3,2,earliest_published,same_epoch_revision,304872237,2025-12-09T08:06:35,4919796,304872237;304916194;305081914
NORAD66514,SENTINEL-6B,66514,66514|2025-12-12T06:01:21.428+00:00,2025-12-12T06:01:21.428544+00:00,2,2,earliest_published,same_epoch_revision,305740650,2025-12-18T11:20:39,4926320,305740650;306071391
NORAD66514,SENTINEL-6B,66514,66514|2025-12-12T06:01:21.430+00:00,2025-12-12T06:01:21.430272+00:00,2,2,earliest_published,same_epoch_revision,305294163,2025-12-12T10:14:36,4925670,305294163;305517328
NORAD66514,SENTINEL-6B,66514,66514|2025-12-27T02:01:46.344+00:00,2025-12-27T02:01:46.344288+00:00,2,2,earliest_published,same_epoch_revision,306782024,2025-12-27T06:26:21,4939466,306782024;306830861
NORAD66514,SENTINEL-6B,66514,66514|2025-12-29T12:07:04.971+00:00,2025-12-29T12:07:04.971360+00:00,2,2,earliest_published,same_epoch_revision,307078832,2025-12-29T16:46:17,4943809,307078832;307123109
NORAD66514,SENTINEL-6B,66514,66514|2026-01-04T18:01:25.975+00:00,2026-01-04T18:01:25.975776+00:00,3,2,earliest_published,same_epoch_revision,307933889,2026-01-04T22:26:16,4955864,307933889;307981265;307983218
NORAD66514,SENTINEL-6B,66514,66514|2026-02-25T02:59:56.091+00:00,2026-02-25T02:59:56.091264+00:00,2,2,earliest_published,same_epoch_revision,313902950,2026-02-25T06:46:21,5052452,313902950;313952133
NORAD66514,SENTINEL-6B,66514,66514|2026-02-28T05:57:06.761+00:00,2026-02-28T05:57:06.761088+00:00,2,2,earliest_published,same_epoch_revision,314329309,2026-02-28T10:18:25,5059732,314329309;314332640
NORAD66514,SENTINEL-6B,66514,66514|2026-03-02T12:17:33.947+00:00,2026-03-02T12:17:33.947808+00:00,2,2,earliest_published,same_epoch_revision,314600824,2026-03-02T17:27:39,5065769,314600824;314603572
NORAD66514,SENTINEL-6B,66514,66514|2026-03-08T10:42:12.093+00:00,2026-03-08T10:42:12.093120+00:00,2,2,earliest_published,same_epoch_revision,315250726,2026-03-08T14:36:16,5077033,315250726;315302567
NORAD66514,SENTINEL-6B,66514,66514|2026-03-11T02:24:48.071+00:00,2026-03-11T02:24:48.071232+00:00,2,2,earliest_published,same_epoch_revision,315559435,2026-03-11T07:06:59,5081809,315559435;315609428
NORAD66514,SENTINEL-6B,66514,66514|2026-03-17T00:49:26.098+00:00,2026-03-17T00:49:26.098176+00:00,2,2,earliest_published,same_epoch_revision,316203128,2026-03-17T10:38:38,5088757,316203128;316371623
NORAD66514,SENTINEL-6B,66514,66514|2026-03-26T02:11:14.438+00:00,2026-03-26T02:11:14.438112+00:00,2,2,earliest_published,same_epoch_revision,317084400,2026-03-26T08:06:52,5097728,317084400;317134764
NORAD66514,SENTINEL-6B,66514,66514|2026-04-11T04:11:40.654+00:00,2026-04-11T04:11:40.654176+00:00,2,2,earliest_published,same_epoch_revision,319063243,2026-04-11T06:36:54,5125043,319063243;319112986
NORAD66514,SENTINEL-6B,66514,66514|2026-04-12T04:33:15.485+00:00,2026-04-12T04:33:15.485184+00:00,2,2,earliest_published,same_epoch_revision,319189989,2026-04-12T08:16:27,5127621,319189989;319241238
NORAD66514,SENTINEL-6B,66514,66514|2026-04-15T20:37:26.016+00:00,2026-04-15T20:37:26.016096+00:00,2,2,earliest_published,same_epoch_revision,319671164,2026-04-15T23:56:21,5135703,319671164;319718767
NORAD66514,SENTINEL-6B,66514,66514|2026-04-22T02:31:46.553+00:00,2026-04-22T02:31:46.553088+00:00,2,2,earliest_published,same_epoch_revision,320436456,2026-04-22T07:36:53,5144648,320436456;320487102
NORAD66514,SENTINEL-6B,66514,66514|2026-05-06T13:11:11.486+00:00,2026-05-06T13:11:11.486400+00:00,2,2,earliest_published,same_epoch_revision,322293792,2026-05-06T14:46:56,5177024,322293792;322344777
NORAD66514,SENTINEL-6B,66514,66514|2026-05-25T08:46:39.089+00:00,2026-05-25T08:46:39.089280+00:00,2,2,earliest_published,same_epoch_revision,324869673,2026-05-25T14:27:13,5213673,324869673;324982314
NORAD66514,SENTINEL-6B,66514,66514|2026-05-29T10:12:58.845+00:00,2026-05-29T10:12:58.845312+00:00,2,2,earliest_published,same_epoch_revision,325783068,2026-05-29T14:46:39,5220661,325783068;325886547
NORAD66514,SENTINEL-6B,66514,66514|2026-06-30T17:58:44.003+00:00,2026-06-30T17:58:44.003424+00:00,2,2,earliest_published,same_epoch_revision,332275983,2026-06-30T22:36:30,5266607,332275983;332363370
NORAD66514,SENTINEL-6B,66514,66514|2026-07-02T20:34:19.557+00:00,2026-07-02T20:34:19.557120+00:00,2,2,earliest_published,same_epoch_revision,332788901,2026-07-02T22:36:21,5269974,332788901;332854643
NORAD66514,SENTINEL-6B,66514,66514|2026-07-05T02:54:46.615+00:00,2026-07-05T02:54:46.615968+00:00,2,2,earliest_published,same_epoch_revision,333218089,2026-07-05T21:02:50,5272530,333218089;333380766
NORAD66704,FLOCK 4H 1,66704,66704|2025-12-20T04:21:45.859+00:00,2025-12-20T04:21:45.859392+00:00,2,2,earliest_published,same_epoch_revision,305928580,2025-12-20T07:46:41,4927835,305928580;305977031
NORAD66704,FLOCK 4H 1,66704,66704|2026-01-25T03:57:32.989+00:00,2026-01-25T03:57:32.989824+00:00,3,2,earliest_published,same_epoch_revision,309948657,2026-01-25T11:03:34,4979965,309948657;309950981;310016638
NORAD66704,FLOCK 4H 1,66704,66704|2026-02-07T17:41:25.509+00:00,2026-02-07T17:41:25.509984+00:00,2,2,earliest_published,same_epoch_revision,311636088,2026-02-07T23:06:34,5015959,311636088;311681149
NORAD66704,FLOCK 4H 1,66704,66704|2026-02-27T15:08:12.797+00:00,2026-02-27T15:08:12.797088+00:00,2,2,earliest_published,same_epoch_revision,314210931,2026-02-27T22:46:29,5057374,314210931;314274672
NORAD66704,FLOCK 4H 1,66704,66704|2026-03-04T10:31:57.089+00:00,2026-03-04T10:31:57.089280+00:00,2,2,earliest_published,same_epoch_revision,314793420,2026-03-04T14:36:21,5070013,314793420;314841685
NORAD66704,FLOCK 4H 1,66704,66704|2026-03-07T04:55:17.990+00:00,2026-03-07T04:55:17.990112+00:00,2,2,earliest_published,same_epoch_revision,315128668,2026-03-07T12:10:27,5074745,315128668;315130580
NORAD66704,FLOCK 4H 1,66704,66704|2026-03-26T02:31:55.002+00:00,2026-03-26T02:31:55.002144+00:00,2,2,earliest_published,same_epoch_revision,317085502,2026-03-26T08:06:52,5097797,317085502;317135355
NORAD66704,FLOCK 4H 1,66704,66704|2026-04-14T11:07:16.830+00:00,2026-04-14T11:07:16.830336+00:00,2,2,earliest_published,same_epoch_revision,319461338,2026-04-14T15:26:18,5132334,319461338;319512261
NORAD66704,FLOCK 4H 1,66704,66704|2026-04-28T03:46:24.468+00:00,2026-04-28T03:46:24.468096+00:00,2,2,earliest_published,same_epoch_revision,321169311,2026-04-28T06:26:22,5156486,321169311;321221942
NORAD66704,FLOCK 4H 1,66704,66704|2026-04-29T03:28:22.757+00:00,2026-04-29T03:28:22.757376+00:00,2,2,earliest_published,same_epoch_revision,321299091,2026-04-29T07:16:33,5158968,321299091;321351100
NORAD66704,FLOCK 4H 1,66704,66704|2026-05-02T16:47:22.288+00:00,2026-05-02T16:47:22.288128+00:00,2,2,earliest_published,same_epoch_revision,321808561,2026-05-02T22:36:22,5168177,321808561;321858066
NORAD66704,FLOCK 4H 1,66704,66704|2026-05-05T00:05:08.638+00:00,2026-05-05T00:05:08.638080+00:00,2,2,earliest_published,same_epoch_revision,322121423,2026-05-05T07:56:32,5174049,322121423;322169205
NORAD66704,FLOCK 4H 1,66704,66704|2026-05-25T03:29:55.841+00:00,2026-05-25T03:29:55.841280+00:00,2,2,earliest_published,same_epoch_revision,324783114,2026-05-25T06:46:58,5213102,324783114;324981905
NORAD66704,FLOCK 4H 1,66704,66704|2026-06-17T12:13:42.801+00:00,2026-06-17T12:13:42.801024+00:00,2,2,earliest_published,same_epoch_revision,330165922,2026-06-17T15:17:06,5252757,330165922;330245128
NORAD66704,FLOCK 4H 1,66704,66704|2026-07-07T04:25:53.175+00:00,2026-07-07T04:25:53.175072+00:00,2,2,earliest_published,same_epoch_revision,333731383,2026-07-07T07:26:38,5277197,333731383;333893426
NORAD66704,FLOCK 4H 1,66704,66704|2026-07-16T03:11:21.283+00:00,2026-07-16T03:11:21.283008+00:00,2,2,earliest_published,same_epoch_revision,335747510,2026-07-16T06:26:25,5292671,335747510;335854936
NORAD66705,FLOCK 4H 2,66705,66705|2026-01-27T15:59:57.035+00:00,2026-01-27T15:59:57.035040+00:00,2,2,earliest_published,same_epoch_revision,310307658,2026-01-27T23:46:29,4987218,310307658;310372636
NORAD66705,FLOCK 4H 2,66705,66705|2026-01-28T22:02:29.999+00:00,2026-01-28T22:02:29.999328+00:00,2,2,earliest_published,same_epoch_revision,310373900,2026-01-29T02:06:50,4988903,310373900;310422875
NORAD66705,FLOCK 4H 2,66705,66705|2026-02-05T21:21:11.989+00:00,2026-02-05T21:21:11.989440+00:00,2,2,earliest_published,same_epoch_revision,311391446,2026-02-06T03:32:41,5012283,311391446;311392804
NORAD66705,FLOCK 4H 2,66705,66705|2026-02-07T03:23:32.043+00:00,2026-02-07T03:23:32.043840+00:00,2,2,earliest_published,same_epoch_revision,311536560,2026-02-07T06:46:24,5014675,311536560;311583987
NORAD66705,FLOCK 4H 2,66705,66705|2026-02-14T04:33:03.218+00:00,2026-02-14T04:33:03.218976+00:00,2,2,earliest_published,same_epoch_revision,312472175,2026-02-14T10:42:25,5025954,312472175;312475245
NORAD66705,FLOCK 4H 2,66705,66705|2026-02-17T05:16:10.179+00:00,2026-02-17T05:16:10.179264+00:00,2,2,earliest_published,same_epoch_revision,312825846,2026-02-17T12:48:24,5032707,312825846;312828320
NORAD66705,FLOCK 4H 2,66705,66705|2026-03-01T03:22:48.492+00:00,2026-03-01T03:22:48.492192+00:00,2,2,earliest_published,same_epoch_revision,314406786,2026-03-01T06:46:18,5061760,314406786;314455565
NORAD66705,FLOCK 4H 2,66705,66705|2026-03-03T18:36:14.381+00:00,2026-03-03T18:36:14.381280+00:00,2,2,earliest_published,same_epoch_revision,314735269,2026-03-03T23:26:52,5068952,314735269;314771673
NORAD66705,FLOCK 4H 2,66705,66705|2026-03-04T04:05:14.606+00:00,2026-03-04T04:05:14.606016+00:00,2,2,earliest_published,same_epoch_revision,314774721,2026-03-04T06:46:20,5069371,314774721;314842185
NORAD66705,FLOCK 4H 2,66705,66705|2026-03-05T03:47:44.388+00:00,2026-03-05T03:47:44.388096+00:00,2,2,earliest_published,same_epoch_revision,314857769,2026-03-05T08:26:20,5071595,314857769;314905818
NORAD66705,FLOCK 4H 2,66705,66705|2026-03-07T04:47:30.572+00:00,2026-03-07T04:47:30.572160+00:00,2,2,earliest_published,same_epoch_revision,315079325,2026-03-07T07:06:33,5074109,315079325;315128168
NORAD66705,FLOCK 4H 2,66705,66705|2026-03-07T19:00:58.560+00:00,2026-03-07T19:00:58.560480+00:00,2,2,earliest_published,same_epoch_revision,315183542,2026-03-08T02:16:46,5075622,315183542;315234298
NORAD66705,FLOCK 4H 2,66705,66705|2026-03-11T03:37:09.333+00:00,2026-03-11T03:37:09.333408+00:00,2,2,earliest_published,same_epoch_revision,315560047,2026-03-11T07:06:59,5081883,315560047;315609519
NORAD66705,FLOCK 4H 2,66705,66705|2026-04-25T04:22:25.415+00:00,2026-04-25T04:22:25.415040+00:00,2,2,earliest_published,same_epoch_revision,320814013,2026-04-25T07:36:49,5149782,320814013;320856948
NORAD66705,FLOCK 4H 2,66705,66705|2026-04-28T05:02:28.604+00:00,2026-04-28T05:02:28.604256+00:00,2,2,earliest_published,same_epoch_revision,321169811,2026-04-28T06:26:22,5156486,321169811;321221443
NORAD66705,FLOCK 4H 2,66705,66705|2026-05-03T03:31:00.369+00:00,2026-05-03T03:31:00.369120+00:00,2,2,earliest_published,same_epoch_revision,321861632,2026-05-03T06:36:36,5168772,321861632;321914023
NORAD66705,FLOCK 4H 2,66705,66705|2026-05-29T06:34:56.418+00:00,2026-05-29T06:34:56.418240+00:00,2,2,earliest_published,same_epoch_revision,325783911,2026-05-29T14:46:39,5220878,325783911;325886638
NORAD66705,FLOCK 4H 2,66705,66705|2026-05-29T23:57:19.080+00:00,2026-05-29T23:57:19.080000+00:00,2,2,earliest_published,same_epoch_revision,325893885,2026-05-30T07:26:56,5221738,325893885;326111257
NORAD66705,FLOCK 4H 2,66705,66705|2026-06-19T17:24:15.277+00:00,2026-06-19T17:24:15.277248+00:00,2,2,earliest_published,same_epoch_revision,330749267,2026-06-19T22:47:28,5256275,330749267;330817261
NORAD66705,FLOCK 4H 2,66705,66705|2026-06-26T13:37:31.304+00:00,2026-06-26T13:37:31.304352+00:00,2,2,earliest_published,same_epoch_revision,331495695,2026-06-26T18:09:45,5260849,331495695;331503343
NORAD66705,FLOCK 4H 2,66705,66705|2026-07-05T04:28:05.335+00:00,2026-07-05T04:28:05.335104+00:00,2,2,earliest_published,same_epoch_revision,333092471,2026-07-05T10:46:18,5271575,333092471;333381645
NORAD66705,FLOCK 4H 2,66705,66705|2026-07-16T15:11:03.270+00:00,2026-07-16T15:11:03.270336+00:00,2,2,earliest_published,same_epoch_revision,335897846,2026-07-17T00:37:51,5293655,335897846;336099931
NORAD66741,BLACK KITE-1,66741,66741|2025-12-20T15:34:45.270+00:00,2025-12-20T15:34:45.270048+00:00,2,2,earliest_published,same_epoch_revision,306073475,2025-12-21T07:06:41,4929663,306073475;306121156
NORAD66741,BLACK KITE-1,66741,66741|2025-12-21T20:03:53.371+00:00,2025-12-21T20:03:53.371296+00:00,2,2,earliest_published,same_epoch_revision,306189299,2025-12-22T07:26:20,4932000,306189299;306234547
NORAD66741,BLACK KITE-1,66741,66741|2025-12-23T03:42:42.094+00:00,2025-12-23T03:42:42.094368+00:00,2,2,earliest_published,same_epoch_revision,306307893,2025-12-23T09:36:18,4932835,306307893;306354542
NORAD66741,BLACK KITE-1,66741,66741|2026-02-14T06:57:34.576+00:00,2026-02-14T06:57:34.576128+00:00,2,2,earliest_published,same_epoch_revision,312492386,2026-02-14T22:26:26,5027021,312492386;312555273
NORAD66741,BLACK KITE-1,66741,66741|2026-04-22T03:50:50.714+00:00,2026-04-22T03:50:50.714016+00:00,2,2,earliest_published,same_epoch_revision,320436183,2026-04-22T07:26:49,5144622,320436183;320487211
NORAD66741,BLACK KITE-1,66741,66741|2026-04-25T06:07:08.109+00:00,2026-04-25T06:07:08.109408+00:00,2,2,earliest_published,same_epoch_revision,320856966,2026-04-25T10:18:27,5150121,320856966;320860340
NORAD66741,BLACK KITE-1,66741,66741|2026-04-30T04:37:55.401+00:00,2026-04-30T04:37:55.401312+00:00,2,2,earliest_published,same_epoch_revision,321461256,2026-04-30T06:46:35,5161798,321461256;321511583
NORAD66741,BLACK KITE-1,66741,66741|2026-05-01T15:23:40.562+00:00,2026-05-01T15:23:40.562016+00:00,2,2,earliest_published,same_epoch_revision,321678262,2026-05-01T23:06:32,5165097,321678262;321728898
NORAD66741,BLACK KITE-1,66741,66741|2026-05-06T15:28:42.167+00:00,2026-05-06T15:28:42.167136+00:00,2,2,earliest_published,same_epoch_revision,322348408,2026-05-06T23:46:50,5177925,322348408;322393743
NORAD66741,BLACK KITE-1,66741,66741|2026-07-07T04:21:01.365+00:00,2026-07-07T04:21:01.365120+00:00,2,2,earliest_published,same_epoch_revision,333731449,2026-07-07T07:26:38,5277099,333731449;333892944
NORAD68474,BLACK KITE-2,68474,68474|2026-05-05T02:31:31.222+00:00,2026-05-05T02:31:31.222272+00:00,2,2,earliest_published,same_epoch_revision,322124379,2026-05-05T08:06:37,5174080,322124379;322171063
NORAD68474,BLACK KITE-2,68474,68474|2026-05-29T10:37:53.209+00:00,2026-05-29T10:37:53.209344+00:00,2,2,earliest_published,same_epoch_revision,325789132,2026-05-29T14:46:39,5220710,325789132;325888908
NORAD68474,BLACK KITE-2,68474,68474|2026-06-15T03:16:19.005+00:00,2026-06-15T03:16:19.005312+00:00,2,2,earliest_published,same_epoch_revision,329559527,2026-06-15T07:07:04,5247650,329559527;329658540
NORAD68474,BLACK KITE-2,68474,68474|2026-06-15T09:42:27.980+00:00,2026-06-15T09:42:27.980064+00:00,2,2,earliest_published,same_epoch_revision,329667538,2026-06-15T15:06:52,5248438,329667538;329764939
NORAD68474,BLACK KITE-2,68474,68474|2026-06-17T09:58:34.739+00:00,2026-06-17T09:58:34.739040+00:00,2,2,earliest_published,same_epoch_revision,330168751,2026-06-17T15:17:06,5252385,330168751;330247482
NORAD68474,BLACK KITE-2,68474,68474|2026-06-27T03:16:13.473+00:00,2026-06-27T03:16:13.473120+00:00,2,2,earliest_published,same_epoch_revision,331640084,2026-06-27T06:46:49,5262005,331640084;331746265
NORAD68474,BLACK KITE-2,68474,68474|2026-07-14T20:00:30.275+00:00,2026-07-14T20:00:30.275136+00:00,2,2,earliest_published,same_epoch_revision,335371344,2026-07-14T23:26:28,5289673,335371344;335461642
